schema_version,run_id,cell_id,formula_id,stratum,monitor_id,monitor_name,construction,encoding,online_label_mode,requested_device,effective_device,trace_seed,repetition,trace_length,batch_size,early_termination,warmup_iterations,inner_iterations,status,duration_s_per_batch,duration_s_per_trace,duration_s_per_cell,throughput_traces_s,failure_reason,warnings_json
rq2.v1,8fbfc9ee-0721-4dbb-8c63-46739b75d687,nested_next_control::rulerunner_original_flat::cpu::r0::b1,nested_next_control,all_applicable,rulerunner_original_flat,RuleRunnerMonitor,original,flat,exact,cpu,cpu,1103,0,32,1,False,2,12,success,0.004597186916726059,0.004597186916726059,0.00014366209114768935,217.52432914173562,,[]
rq2.v1,8fbfc9ee-0721-4dbb-8c63-46739b75d687,nested_next_control::rulerunner_original_flat::cpu::r0::b64,nested_next_control,all_applicable,rulerunner_original_flat,RuleRunnerMonitor,original,flat,exact,cpu,cpu,1103,0,32,64,False,2,8,success,0.006319884124877717,9.874818945121433e-05,3.085880920350448e-06,10126.767949442163,,[]
rq2.v1,8fbfc9ee-0721-4dbb-8c63-46739b75d687,nested_next_control::rulerunner_original_flat::cpu::r1::b1,nested_next_control,all_applicable,rulerunner_original_flat,RuleRunnerMonitor,original,flat,exact,cpu,cpu,2207,1,32,1,False,2,22,success,0.004386235409004836,0.004386235409004836,0.00013706985653140112,227.98593936545768,,[]
rq2.v1,8fbfc9ee-0721-4dbb-8c63-46739b75d687,nested_next_control::rulerunner_original_flat::cpu::r1::b64,nested_next_control,all_applicable,rulerunner_original_flat,RuleRunnerMonitor,original,flat,exact,cpu,cpu,2207,1,32,64,False,2,16,success,0.005875341124919942,9.180220507687409e-05,2.8688189086523153e-06,10892.984533025234,,[]
rq2.v1,8fbfc9ee-0721-4dbb-8c63-46739b75d687,nested_next_control::rulerunner_original_flat::cpu::r2::b1,nested_next_control,all_applicable,rulerunner_original_flat,RuleRunnerMonitor,original,flat,exact,cpu,cpu,3301,2,32,1,False,2,22,success,0.004565889681874647,0.004565889681874647,0.00014268405255858272,219.01536604568673,,[]
rq2.v1,8fbfc9ee-0721-4dbb-8c63-46739b75d687,nested_next_control::rulerunner_original_flat::cpu::r2::b64,nested_next_control,all_applicable,rulerunner_original_flat,RuleRunnerMonitor,original,flat,exact,cpu,cpu,3301,2,32,64,False,2,16,success,0.00617165181256496,9.64320595713275e-05,3.0135018616039844e-06,10369.995253086285,,[]
rq2.v1,8fbfc9ee-0721-4dbb-8c63-46739b75d687,nested_next_control::rulerunner_original_flat::cpu::r3::b1,nested_next_control,all_applicable,rulerunner_original_flat,RuleRunnerMonitor,original,flat,exact,cpu,cpu,4409,3,32,1,False,2,20,success,0.004506951499934075,0.004506951499934075,0.00014084223437293986,221.87946775434068,,[]
rq2.v1,8fbfc9ee-0721-4dbb-8c63-46739b75d687,nested_next_control::rulerunner_original_flat::cpu::r3::b64,nested_next_control,all_applicable,rulerunner_original_flat,RuleRunnerMonitor,original,flat,exact,cpu,cpu,4409,3,32,64,False,2,8,success,0.007204309874850878,0.00011256734179454497,3.5177294310795304e-06,8883.571238851624,,[]
rq2.v1,8fbfc9ee-0721-4dbb-8c63-46739b75d687,nested_next_control::rulerunner_original_flat::cpu::r4::b1,nested_next_control,all_applicable,rulerunner_original_flat,RuleRunnerMonitor,original,flat,exact,cpu,cpu,5501,4,32,1,False,2,20,success,0.004816930500055605,0.004816930500055605,0.00015052907812673766,207.6010853775981,,[]
rq2.v1,8fbfc9ee-0721-4dbb-8c63-46739b75d687,nested_next_control::rulerunner_original_flat::cpu::r4::b64,nested_next_control,all_applicable,rulerunner_original_flat,RuleRunnerMonitor,original,flat,exact,cpu,cpu,5501,4,32,64,False,2,16,success,0.006152717499844584,9.613621093507163e-05,3.0042565917209885e-06,10401.90777516059,,[]
rq2.v1,8fbfc9ee-0721-4dbb-8c63-46739b75d687,nested_next_control::rulerunner_original_structured::cpu::r0::b1,nested_next_control,all_applicable,rulerunner_original_structured,StructuredRuleRunnerMonitor,original,structured,exact,cpu,cpu,1103,0,32,1,False,2,10,success,0.00936056809987349,0.00936056809987349,0.00029251775312104654,106.83112278340407,,[]
rq2.v1,8fbfc9ee-0721-4dbb-8c63-46739b75d687,nested_next_control::rulerunner_original_structured::cpu::r0::b64,nested_next_control,all_applicable,rulerunner_original_structured,StructuredRuleRunnerMonitor,original,structured,exact,cpu,cpu,1103,0,32,64,False,2,4,success,0.013066251749478397,0.00020416018358559995,6.3800057370499985e-06,4898.11471775407,,[]
rq2.v1,8fbfc9ee-0721-4dbb-8c63-46739b75d687,nested_next_control::rulerunner_original_structured::cpu::r1::b1,nested_next_control,all_applicable,rulerunner_original_structured,StructuredRuleRunnerMonitor,original,structured,exact,cpu,cpu,2207,1,32,1,False,2,6,success,0.013561907000015102,0.013561907000015102,0.00042380959375047195,73.73594288759585,,[]
rq2.v1,8fbfc9ee-0721-4dbb-8c63-46739b75d687,nested_next_control::rulerunner_original_structured::cpu::r1::b64,nested_next_control,all_applicable,rulerunner_original_structured,StructuredRuleRunnerMonitor,original,structured,exact,cpu,cpu,2207,1,32,64,False,2,6,success,0.01718778750000638,0.0002685591796875997,8.39247436523749e-06,3723.574078395852,,[]
rq2.v1,8fbfc9ee-0721-4dbb-8c63-46739b75d687,nested_next_control::rulerunner_original_structured::cpu::r2::b1,nested_next_control,all_applicable,rulerunner_original_structured,StructuredRuleRunnerMonitor,original,structured,exact,cpu,cpu,3301,2,32,1,False,2,6,success,0.015491655499621023,0.015491655499621023,0.000484114234363157,64.5508803125956,,[]
rq2.v1,8fbfc9ee-0721-4dbb-8c63-46739b75d687,nested_next_control::rulerunner_original_structured::cpu::r2::b64,nested_next_control,all_applicable,rulerunner_original_structured,StructuredRuleRunnerMonitor,original,structured,exact,cpu,cpu,3301,2,32,64,False,2,4,success,0.012580955250086845,0.00019657742578260695,6.143044555706467e-06,5087.054101043576,,[]
rq2.v1,8fbfc9ee-0721-4dbb-8c63-46739b75d687,nested_next_control::rulerunner_original_structured::cpu::r3::b1,nested_next_control,all_applicable,rulerunner_original_structured,StructuredRuleRunnerMonitor,original,structured,exact,cpu,cpu,4409,3,32,1,False,2,10,success,0.00946361899987096,0.00946361899987096,0.0002957380937459675,105.66782115949884,,[]
rq2.v1,8fbfc9ee-0721-4dbb-8c63-46739b75d687,nested_next_control::rulerunner_original_structured::cpu::r3::b64,nested_next_control,all_applicable,rulerunner_original_structured,StructuredRuleRunnerMonitor,original,structured,exact,cpu,cpu,4409,3,32,64,False,2,8,success,0.01174927200008824,0.00018358237500137875,5.736949218793086e-06,5447.146001856059,,[]
rq2.v1,8fbfc9ee-0721-4dbb-8c63-46739b75d687,nested_next_control::rulerunner_original_structured::cpu::r4::b1,nested_next_control,all_applicable,rulerunner_original_structured,StructuredRuleRunnerMonitor,original,structured,exact,cpu,cpu,5501,4,32,1,False,2,10,success,0.009129683299761382,0.009129683299761382,0.0002853026031175432,109.53282465188431,,[]
rq2.v1,8fbfc9ee-0721-4dbb-8c63-46739b75d687,nested_next_control::rulerunner_original_structured::cpu::r4::b64,nested_next_control,all_applicable,rulerunner_original_structured,StructuredRuleRunnerMonitor,original,structured,exact,cpu,cpu,5501,4,32,64,False,2,8,success,0.011484553749596671,0.00017944615233744798,5.6076922605452495e-06,5572.702378814469,,[]
rq2.v1,8fbfc9ee-0721-4dbb-8c63-46739b75d687,nested_next_control::rulerunner_bounded_flat_default::cpu::r0::b1,nested_next_control,all_applicable,rulerunner_bounded_flat_default,BoundedEventRuleRunnerMonitor,bounded_default,flat,sound_default,cpu,cpu,1103,0,32,1,False,2,20,success,0.004778300050020334,0.004778300050020334,0.00014932187656313545,209.27944865993595,,[]
rq2.v1,8fbfc9ee-0721-4dbb-8c63-46739b75d687,nested_next_control::rulerunner_bounded_flat_default::cpu::r0::b64,nested_next_control,all_applicable,rulerunner_bounded_flat_default,BoundedEventRuleRunnerMonitor,bounded_default,flat,sound_default,cpu,cpu,1103,0,32,64,False,2,2,success,0.03144982049889222,0.000491403445295191,1.5356357665474718e-05,2034.9877673309554,,[]
rq2.v1,8fbfc9ee-0721-4dbb-8c63-46739b75d687,nested_next_control::rulerunner_bounded_flat_default::cpu::r1::b1,nested_next_control,all_applicable,rulerunner_bounded_flat_default,BoundedEventRuleRunnerMonitor,bounded_default,flat,sound_default,cpu,cpu,2207,1,32,1,False,2,20,success,0.004853178200028197,0.004853178200028197,0.00015166181875088115,206.05054230116463,,[]
rq2.v1,8fbfc9ee-0721-4dbb-8c63-46739b75d687,nested_next_control::rulerunner_bounded_flat_default::cpu::r1::b64,nested_next_control,all_applicable,rulerunner_bounded_flat_default,BoundedEventRuleRunnerMonitor,bounded_default,flat,sound_default,cpu,cpu,2207,1,32,64,False,2,2,success,0.03217875750124222,0.0005027930859569096,1.5712283936153426e-05,1988.8897201058608,,[]
rq2.v1,8fbfc9ee-0721-4dbb-8c63-46739b75d687,nested_next_control::rulerunner_bounded_flat_default::cpu::r2::b1,nested_next_control,all_applicable,rulerunner_bounded_flat_default,BoundedEventRuleRunnerMonitor,bounded_default,flat,sound_default,cpu,cpu,3301,2,32,1,False,2,18,success,0.004881985666846352,0.004881985666846352,0.0001525620520889485,204.8346857695665,,[]
rq2.v1,8fbfc9ee-0721-4dbb-8c63-46739b75d687,nested_next_control::rulerunner_bounded_flat_default::cpu::r2::b64,nested_next_control,all_applicable,rulerunner_bounded_flat_default,BoundedEventRuleRunnerMonitor,bounded_default,flat,sound_default,cpu,cpu,3301,2,32,64,False,2,2,success,0.032881361001273035,0.0005137712656448912,1.605535205140285e-05,1946.3914525168886,,[]
rq2.v1,8fbfc9ee-0721-4dbb-8c63-46739b75d687,nested_next_control::rulerunner_bounded_flat_default::cpu::r3::b1,nested_next_control,all_applicable,rulerunner_bounded_flat_default,BoundedEventRuleRunnerMonitor,bounded_default,flat,sound_default,cpu,cpu,4409,3,32,1,False,2,11,success,0.00502335227263922,0.00502335227263922,0.00015697975851997563,199.07025144278998,,[]
rq2.v1,8fbfc9ee-0721-4dbb-8c63-46739b75d687,nested_next_control::rulerunner_bounded_flat_default::cpu::r3::b64,nested_next_control,all_applicable,rulerunner_bounded_flat_default,BoundedEventRuleRunnerMonitor,bounded_default,flat,sound_default,cpu,cpu,4409,3,32,64,False,2,2,success,0.03149588750056864,0.000492123242196385,1.5378851318637032e-05,2032.0113220763985,,[]
rq2.v1,8fbfc9ee-0721-4dbb-8c63-46739b75d687,nested_next_control::rulerunner_bounded_flat_default::cpu::r4::b1,nested_next_control,all_applicable,rulerunner_bounded_flat_default,BoundedEventRuleRunnerMonitor,bounded_default,flat,sound_default,cpu,cpu,5501,4,32,1,False,2,18,success,0.005367254277694479,0.005367254277694479,0.00016772669617795246,186.31500358681595,,[]
rq2.v1,8fbfc9ee-0721-4dbb-8c63-46739b75d687,nested_next_control::rulerunner_bounded_flat_default::cpu::r4::b64,nested_next_control,all_applicable,rulerunner_bounded_flat_default,BoundedEventRuleRunnerMonitor,bounded_default,flat,sound_default,cpu,cpu,5501,4,32,64,False,2,2,success,0.03266135299963935,0.0005103336406193648,1.594792626935515e-05,1959.5024125518223,,[]
rq2.v1,8fbfc9ee-0721-4dbb-8c63-46739b75d687,nested_next_control::rulerunner_bounded_flat_exact::cpu::r0::b1,nested_next_control,all_applicable,rulerunner_bounded_flat_exact,BoundedEventRuleRunnerMonitor,bounded_exact_online,flat,exact_online,cpu,cpu,1103,0,32,1,False,2,9,success,0.005600024555557563,0.005600024555557563,0.00017500076736117384,178.57064555325607,,[]
rq2.v1,8fbfc9ee-0721-4dbb-8c63-46739b75d687,nested_next_control::rulerunner_bounded_flat_exact::cpu::r0::b64,nested_next_control,all_applicable,rulerunner_bounded_flat_exact,BoundedEventRuleRunnerMonitor,bounded_exact_online,flat,exact_online,cpu,cpu,1103,0,32,64,False,2,2,success,0.03272763799941458,0.0005113693437408529,1.5980291991901652e-05,1955.5337296612975,,[]
rq2.v1,8fbfc9ee-0721-4dbb-8c63-46739b75d687,nested_next_control::rulerunner_bounded_flat_exact::cpu::r1::b1,nested_next_control,all_applicable,rulerunner_bounded_flat_exact,BoundedEventRuleRunnerMonitor,bounded_exact_online,flat,exact_online,cpu,cpu,2207,1,32,1,False,2,20,success,0.004901079150113219,0.004901079150113219,0.00015315872344103809,204.03669668891172,,[]
rq2.v1,8fbfc9ee-0721-4dbb-8c63-46739b75d687,nested_next_control::rulerunner_bounded_flat_exact::cpu::r1::b64,nested_next_control,all_applicable,rulerunner_bounded_flat_exact,BoundedEventRuleRunnerMonitor,bounded_exact_online,flat,exact_online,cpu,cpu,2207,1,32,64,False,2,2,success,0.03308515399839962,0.000516955531224994,1.6154860350781064e-05,1934.4023607414908,,[]
rq2.v1,8fbfc9ee-0721-4dbb-8c63-46739b75d687,nested_next_control::rulerunner_bounded_flat_exact::cpu::r2::b1,nested_next_control,all_applicable,rulerunner_bounded_flat_exact,BoundedEventRuleRunnerMonitor,bounded_exact_online,flat,exact_online,cpu,cpu,3301,2,32,1,False,2,18,success,0.00471410200003043,0.00471410200003043,0.00014731568750095094,212.12947874134775,,[]
rq2.v1,8fbfc9ee-0721-4dbb-8c63-46739b75d687,nested_next_control::rulerunner_bounded_flat_exact::cpu::r2::b64,nested_next_control,all_applicable,rulerunner_bounded_flat_exact,BoundedEventRuleRunnerMonitor,bounded_exact_online,flat,exact_online,cpu,cpu,3301,2,32,64,False,2,2,success,0.03158489349880256,0.00049351396091879,1.5422311278712186e-05,2026.2851290736935,,[]
rq2.v1,8fbfc9ee-0721-4dbb-8c63-46739b75d687,nested_next_control::rulerunner_bounded_flat_exact::cpu::r3::b1,nested_next_control,all_applicable,rulerunner_bounded_flat_exact,BoundedEventRuleRunnerMonitor,bounded_exact_online,flat,exact_online,cpu,cpu,4409,3,32,1,False,2,20,success,0.004877504899923224,0.004877504899923224,0.00015242202812260075,205.02285912941693,,[]
rq2.v1,8fbfc9ee-0721-4dbb-8c63-46739b75d687,nested_next_control::rulerunner_bounded_flat_exact::cpu::r3::b64,nested_next_control,all_applicable,rulerunner_bounded_flat_exact,BoundedEventRuleRunnerMonitor,bounded_exact_online,flat,exact_online,cpu,cpu,4409,3,32,64,False,2,2,success,0.03149167750052584,0.0004920574609457162,1.5376795654553632e-05,2032.2829737771622,,[]
rq2.v1,8fbfc9ee-0721-4dbb-8c63-46739b75d687,nested_next_control::rulerunner_bounded_flat_exact::cpu::r4::b1,nested_next_control,all_applicable,rulerunner_bounded_flat_exact,BoundedEventRuleRunnerMonitor,bounded_exact_online,flat,exact_online,cpu,cpu,5501,4,32,1,False,2,20,success,0.004803204400013783,0.004803204400013783,0.0001501001375004307,208.19434625708007,,[]
rq2.v1,8fbfc9ee-0721-4dbb-8c63-46739b75d687,nested_next_control::rulerunner_bounded_flat_exact::cpu::r4::b64,nested_next_control,all_applicable,rulerunner_bounded_flat_exact,BoundedEventRuleRunnerMonitor,bounded_exact_online,flat,exact_online,cpu,cpu,5501,4,32,64,False,2,2,success,0.031213301999741816,0.0004877078437459659,1.5240870117061434e-05,2050.40786779077,,[]
rq2.v1,8fbfc9ee-0721-4dbb-8c63-46739b75d687,nested_next_control::rulerunner_bounded_structured_default::cpu::r0::b1,nested_next_control,all_applicable,rulerunner_bounded_structured_default,BoundedEventStructuredRuleRunnerMonitor,bounded_default,structured,sound_default,cpu,cpu,1103,0,32,1,False,2,9,success,0.005707553666676783,0.005707553666676783,0.00017836105208364947,175.2064121338782,,[]
rq2.v1,8fbfc9ee-0721-4dbb-8c63-46739b75d687,nested_next_control::rulerunner_bounded_structured_default::cpu::r0::b64,nested_next_control,all_applicable,rulerunner_bounded_structured_default,BoundedEventStructuredRuleRunnerMonitor,bounded_default,structured,sound_default,cpu,cpu,1103,0,32,64,False,2,2,success,0.03549307600042084,0.0005545793125065757,1.733060351583049e-05,1803.1685954534105,,[]
rq2.v1,8fbfc9ee-0721-4dbb-8c63-46739b75d687,nested_next_control::rulerunner_bounded_structured_default::cpu::r1::b1,nested_next_control,all_applicable,rulerunner_bounded_structured_default,BoundedEventStructuredRuleRunnerMonitor,bounded_default,structured,sound_default,cpu,cpu,2207,1,32,1,False,2,20,success,0.005017507000047772,0.005017507000047772,0.00015679709375149287,199.302163403156,,[]
rq2.v1,8fbfc9ee-0721-4dbb-8c63-46739b75d687,nested_next_control::rulerunner_bounded_structured_default::cpu::r1::b64,nested_next_control,all_applicable,rulerunner_bounded_structured_default,BoundedEventStructuredRuleRunnerMonitor,bounded_default,structured,sound_default,cpu,cpu,2207,1,32,64,False,2,2,success,0.032366768498832243,0.0005057307577942538,1.580408618107043e-05,1977.3367243105856,,[]
rq2.v1,8fbfc9ee-0721-4dbb-8c63-46739b75d687,nested_next_control::rulerunner_bounded_structured_default::cpu::r2::b1,nested_next_control,all_applicable,rulerunner_bounded_structured_default,BoundedEventStructuredRuleRunnerMonitor,bounded_default,structured,sound_default,cpu,cpu,3301,2,32,1,False,2,20,success,0.0049653096999463745,0.0049653096999463745,0.0001551659281233242,201.39730659918354,,[]
rq2.v1,8fbfc9ee-0721-4dbb-8c63-46739b75d687,nested_next_control::rulerunner_bounded_structured_default::cpu::r2::b64,nested_next_control,all_applicable,rulerunner_bounded_structured_default,BoundedEventStructuredRuleRunnerMonitor,bounded_default,structured,sound_default,cpu,cpu,3301,2,32,64,False,2,2,success,0.032721678999223514,0.0005112762343628674,1.5977382323839606e-05,1955.8898552094079,,[]
rq2.v1,8fbfc9ee-0721-4dbb-8c63-46739b75d687,nested_next_control::rulerunner_bounded_structured_default::cpu::r3::b1,nested_next_control,all_applicable,rulerunner_bounded_structured_default,BoundedEventStructuredRuleRunnerMonitor,bounded_default,structured,sound_default,cpu,cpu,4409,3,32,1,False,2,16,success,0.005078421312646242,0.005078421312646242,0.00015870066602019506,196.91158697483576,,[]
rq2.v1,8fbfc9ee-0721-4dbb-8c63-46739b75d687,nested_next_control::rulerunner_bounded_structured_default::cpu::r3::b64,nested_next_control,all_applicable,rulerunner_bounded_structured_default,BoundedEventStructuredRuleRunnerMonitor,bounded_default,structured,sound_default,cpu,cpu,4409,3,32,64,False,2,2,success,0.03166983250048361,0.0004948411328200564,1.546378540062676e-05,2020.8505996683973,,[]
rq2.v1,8fbfc9ee-0721-4dbb-8c63-46739b75d687,nested_next_control::rulerunner_bounded_structured_default::cpu::r4::b1,nested_next_control,all_applicable,rulerunner_bounded_structured_default,BoundedEventStructuredRuleRunnerMonitor,bounded_default,structured,sound_default,cpu,cpu,5501,4,32,1,False,2,20,success,0.00525549095000315,0.00525549095000315,0.00016423409218759843,190.27718047909505,,[]
rq2.v1,8fbfc9ee-0721-4dbb-8c63-46739b75d687,nested_next_control::rulerunner_bounded_structured_default::cpu::r4::b64,nested_next_control,all_applicable,rulerunner_bounded_structured_default,BoundedEventStructuredRuleRunnerMonitor,bounded_default,structured,sound_default,cpu,cpu,5501,4,32,64,False,2,2,success,0.03289414749997377,0.0005139710546870901,1.6061595458971567e-05,1945.6348579956673,,[]
rq2.v1,8fbfc9ee-0721-4dbb-8c63-46739b75d687,nested_next_control::rulerunner_bounded_structured_exact::cpu::r0::b1,nested_next_control,all_applicable,rulerunner_bounded_structured_exact,BoundedEventStructuredRuleRunnerMonitor,bounded_exact_online,structured,exact_online,cpu,cpu,1103,0,32,1,False,2,18,success,0.0051008688889042884,0.0051008688889042884,0.00015940215277825901,196.04503110739802,,[]
rq2.v1,8fbfc9ee-0721-4dbb-8c63-46739b75d687,nested_next_control::rulerunner_bounded_structured_exact::cpu::r0::b64,nested_next_control,all_applicable,rulerunner_bounded_structured_exact,BoundedEventStructuredRuleRunnerMonitor,bounded_exact_online,structured,exact_online,cpu,cpu,1103,0,32,64,False,2,2,success,0.03424774599989178,0.000535121031248309,1.6722532226509657e-05,1868.736120625347,,[]
rq2.v1,8fbfc9ee-0721-4dbb-8c63-46739b75d687,nested_next_control::rulerunner_bounded_structured_exact::cpu::r1::b1,nested_next_control,all_applicable,rulerunner_bounded_structured_exact,BoundedEventStructuredRuleRunnerMonitor,bounded_exact_online,structured,exact_online,cpu,cpu,2207,1,32,1,False,2,16,success,0.004832364000094458,0.004832364000094458,0.0001510113750029518,206.93805350351363,,[]
rq2.v1,8fbfc9ee-0721-4dbb-8c63-46739b75d687,nested_next_control::rulerunner_bounded_structured_exact::cpu::r1::b64,nested_next_control,all_applicable,rulerunner_bounded_structured_exact,BoundedEventStructuredRuleRunnerMonitor,bounded_exact_online,structured,exact_online,cpu,cpu,2207,1,32,64,False,2,2,success,0.03190784199978225,0.0004985600312465976,1.5580000976456176e-05,2005.7765110043092,,[]
rq2.v1,8fbfc9ee-0721-4dbb-8c63-46739b75d687,nested_next_control::rulerunner_bounded_structured_exact::cpu::r2::b1,nested_next_control,all_applicable,rulerunner_bounded_structured_exact,BoundedEventStructuredRuleRunnerMonitor,bounded_exact_online,structured,exact_online,cpu,cpu,3301,2,32,1,False,2,10,success,0.005325911800173344,0.005325911800173344,0.000166434743755417,187.76127685168439,,[]
rq2.v1,8fbfc9ee-0721-4dbb-8c63-46739b75d687,nested_next_control::rulerunner_bounded_structured_exact::cpu::r2::b64,nested_next_control,all_applicable,rulerunner_bounded_structured_exact,BoundedEventStructuredRuleRunnerMonitor,bounded_exact_online,structured,exact_online,cpu,cpu,3301,2,32,64,False,2,2,success,0.03160978049891128,0.0004939028202954887,1.5434463134234022e-05,2024.6897950526522,,[]
rq2.v1,8fbfc9ee-0721-4dbb-8c63-46739b75d687,nested_next_control::rulerunner_bounded_structured_exact::cpu::r3::b1,nested_next_control,all_applicable,rulerunner_bounded_structured_exact,BoundedEventStructuredRuleRunnerMonitor,bounded_exact_online,structured,exact_online,cpu,cpu,4409,3,32,1,False,2,18,success,0.00505154605566026,0.00505154605566026,0.00015786081423938312,197.9591968442017,,[]
rq2.v1,8fbfc9ee-0721-4dbb-8c63-46739b75d687,nested_next_control::rulerunner_bounded_structured_exact::cpu::r3::b64,nested_next_control,all_applicable,rulerunner_bounded_structured_exact,BoundedEventStructuredRuleRunnerMonitor,bounded_exact_online,structured,exact_online,cpu,cpu,4409,3,32,64,False,2,2,success,0.032671254501110525,0.000510488351579852,1.5952760986870373e-05,1958.908556689324,,[]
rq2.v1,8fbfc9ee-0721-4dbb-8c63-46739b75d687,nested_next_control::rulerunner_bounded_structured_exact::cpu::r4::b1,nested_next_control,all_applicable,rulerunner_bounded_structured_exact,BoundedEventStructuredRuleRunnerMonitor,bounded_exact_online,structured,exact_online,cpu,cpu,5501,4,32,1,False,2,20,success,0.0050256488999366414,0.0050256488999366414,0.00015705152812302005,198.9792800711978,,[]
rq2.v1,8fbfc9ee-0721-4dbb-8c63-46739b75d687,nested_next_control::rulerunner_bounded_structured_exact::cpu::r4::b64,nested_next_control,all_applicable,rulerunner_bounded_structured_exact,BoundedEventStructuredRuleRunnerMonitor,bounded_exact_online,structured,exact_online,cpu,cpu,5501,4,32,64,False,2,2,success,0.03236142950117937,0.0005056473359559277,1.580147924862274e-05,1977.6629458741183,,[]
rq2.v1,8fbfc9ee-0721-4dbb-8c63-46739b75d687,nested_next_control::rulerunner_progression_flat::cpu::r0::b1,nested_next_control,all_applicable,rulerunner_progression_flat,ProgressionRuleRunnerMonitor,progression,flat,exact,cpu,cpu,1103,0,32,1,False,2,38,success,0.0025249930790060284,0.0025249930790060284,7.890603371893839e-05,396.04068950305924,,[]
rq2.v1,8fbfc9ee-0721-4dbb-8c63-46739b75d687,nested_next_control::rulerunner_progression_flat::cpu::r0::b64,nested_next_control,all_applicable,rulerunner_progression_flat,ProgressionRuleRunnerMonitor,progression,flat,exact,cpu,cpu,1103,0,32,64,False,2,14,success,0.0036880648570201758,5.7626013390940246e-05,1.8008129184668827e-06,17353.274001723956,,[]
rq2.v1,8fbfc9ee-0721-4dbb-8c63-46739b75d687,nested_next_control::rulerunner_progression_flat::cpu::r1::b1,nested_next_control,all_applicable,rulerunner_progression_flat,ProgressionRuleRunnerMonitor,progression,flat,exact,cpu,cpu,2207,1,32,1,False,2,34,success,0.002623757029462414,0.002623757029462414,8.199240717070043e-05,381.1328521547179,,[]
rq2.v1,8fbfc9ee-0721-4dbb-8c63-46739b75d687,nested_next_control::rulerunner_progression_flat::cpu::r1::b64,nested_next_control,all_applicable,rulerunner_progression_flat,ProgressionRuleRunnerMonitor,progression,flat,exact,cpu,cpu,2207,1,32,64,False,2,14,success,0.003596586857124099,5.6196669642564044e-05,1.7561459263301264e-06,17794.648799661034,,[]
rq2.v1,8fbfc9ee-0721-4dbb-8c63-46739b75d687,nested_next_control::rulerunner_progression_flat::cpu::r2::b1,nested_next_control,all_applicable,rulerunner_progression_flat,ProgressionRuleRunnerMonitor,progression,flat,exact,cpu,cpu,3301,2,32,1,False,2,20,success,0.002733679149969248,0.002733679149969248,8.5427473436539e-05,365.8073772158848,,[]
rq2.v1,8fbfc9ee-0721-4dbb-8c63-46739b75d687,nested_next_control::rulerunner_progression_flat::cpu::r2::b64,nested_next_control,all_applicable,rulerunner_progression_flat,ProgressionRuleRunnerMonitor,progression,flat,exact,cpu,cpu,3301,2,32,64,False,2,28,success,0.0034923860356294817,5.456853180671065e-05,1.7052666189597078e-06,18325.580089677682,,[]
rq2.v1,8fbfc9ee-0721-4dbb-8c63-46739b75d687,nested_next_control::rulerunner_progression_flat::cpu::r3::b1,nested_next_control,all_applicable,rulerunner_progression_flat,ProgressionRuleRunnerMonitor,progression,flat,exact,cpu,cpu,4409,3,32,1,False,2,21,success,0.002456546666681312,0.002456546666681312,7.6767083333791e-05,407.0755152194835,,[]
rq2.v1,8fbfc9ee-0721-4dbb-8c63-46739b75d687,nested_next_control::rulerunner_progression_flat::cpu::r3::b64,nested_next_control,all_applicable,rulerunner_progression_flat,ProgressionRuleRunnerMonitor,progression,flat,exact,cpu,cpu,4409,3,32,64,False,2,28,success,0.0034597783214849187,5.4059036273201855e-05,1.689344883537558e-06,18498.29499264899,,[]
rq2.v1,8fbfc9ee-0721-4dbb-8c63-46739b75d687,nested_next_control::rulerunner_progression_flat::cpu::r4::b1,nested_next_control,all_applicable,rulerunner_progression_flat,ProgressionRuleRunnerMonitor,progression,flat,exact,cpu,cpu,5501,4,32,1,False,2,38,success,0.002445841026297115,0.002445841026297115,7.643253207178484e-05,408.85731707344513,,[]
rq2.v1,8fbfc9ee-0721-4dbb-8c63-46739b75d687,nested_next_control::rulerunner_progression_flat::cpu::r4::b64,nested_next_control,all_applicable,rulerunner_progression_flat,ProgressionRuleRunnerMonitor,progression,flat,exact,cpu,cpu,5501,4,32,64,False,2,28,success,0.003434003571523395,5.365630580505305e-05,1.6767595564079078e-06,18637.13844991963,,[]
rq2.v1,8fbfc9ee-0721-4dbb-8c63-46739b75d687,nested_next_control::rulerunner_progression_structured::cpu::r0::b1,nested_next_control,all_applicable,rulerunner_progression_structured,ProgressionRuleRunnerStructuredMonitor,progression,structured,exact,cpu,cpu,1103,0,32,1,False,2,6,success,0.013121440499768747,0.013121440499768747,0.00041004501561777335,76.21114465424921,,[]
rq2.v1,8fbfc9ee-0721-4dbb-8c63-46739b75d687,nested_next_control::rulerunner_progression_structured::cpu::r0::b64,nested_next_control,all_applicable,rulerunner_progression_structured,ProgressionRuleRunnerStructuredMonitor,progression,structured,exact,cpu,cpu,1103,0,32,64,False,2,6,success,0.015841270333112334,0.0002475198489548802,7.734995279840007e-06,4040.080034883536,,[]
rq2.v1,8fbfc9ee-0721-4dbb-8c63-46739b75d687,nested_next_control::rulerunner_progression_structured::cpu::r1::b1,nested_next_control,all_applicable,rulerunner_progression_structured,ProgressionRuleRunnerStructuredMonitor,progression,structured,exact,cpu,cpu,2207,1,32,1,False,2,6,success,0.013434279667004981,0.013434279667004981,0.00041982123959390566,74.4364435449436,,[]
rq2.v1,8fbfc9ee-0721-4dbb-8c63-46739b75d687,nested_next_control::rulerunner_progression_structured::cpu::r1::b64,nested_next_control,all_applicable,rulerunner_progression_structured,ProgressionRuleRunnerStructuredMonitor,progression,structured,exact,cpu,cpu,2207,1,32,64,False,2,6,success,0.016433392667143682,0.00025677176042412003,8.024117513253751e-06,3894.5092651476184,,[]
rq2.v1,8fbfc9ee-0721-4dbb-8c63-46739b75d687,nested_next_control::rulerunner_progression_structured::cpu::r2::b1,nested_next_control,all_applicable,rulerunner_progression_structured,ProgressionRuleRunnerStructuredMonitor,progression,structured,exact,cpu,cpu,3301,2,32,1,False,2,6,success,0.013280746667078347,0.013280746667078347,0.00041502333334619834,75.29697125229417,,[]
rq2.v1,8fbfc9ee-0721-4dbb-8c63-46739b75d687,nested_next_control::rulerunner_progression_structured::cpu::r2::b64,nested_next_control,all_applicable,rulerunner_progression_structured,ProgressionRuleRunnerStructuredMonitor,progression,structured,exact,cpu,cpu,3301,2,32,64,False,2,4,success,0.01576219475009566,0.0002462842929702447,7.696384155320146e-06,4060.3482582659744,,[]
rq2.v1,8fbfc9ee-0721-4dbb-8c63-46739b75d687,nested_next_control::rulerunner_progression_structured::cpu::r3::b1,nested_next_control,all_applicable,rulerunner_progression_structured,ProgressionRuleRunnerStructuredMonitor,progression,structured,exact,cpu,cpu,4409,3,32,1,False,2,6,success,0.01323361016693525,0.01323361016693525,0.00041355031771672657,75.56516985051769,,[]
rq2.v1,8fbfc9ee-0721-4dbb-8c63-46739b75d687,nested_next_control::rulerunner_progression_structured::cpu::r3::b64,nested_next_control,all_applicable,rulerunner_progression_structured,ProgressionRuleRunnerStructuredMonitor,progression,structured,exact,cpu,cpu,4409,3,32,64,False,2,6,success,0.01634987833373695,0.00025546684896463984,7.983339030144995e-06,3914.4022171675742,,[]
rq2.v1,8fbfc9ee-0721-4dbb-8c63-46739b75d687,nested_next_control::rulerunner_progression_structured::cpu::r4::b1,nested_next_control,all_applicable,rulerunner_progression_structured,ProgressionRuleRunnerStructuredMonitor,progression,structured,exact,cpu,cpu,5501,4,32,1,False,2,6,success,0.013132261166902026,0.013132261166902026,0.0004103831614656883,76.14834850530966,,[]
rq2.v1,8fbfc9ee-0721-4dbb-8c63-46739b75d687,nested_next_control::rulerunner_progression_structured::cpu::r4::b64,nested_next_control,all_applicable,rulerunner_progression_structured,ProgressionRuleRunnerStructuredMonitor,progression,structured,exact,cpu,cpu,5501,4,32,64,False,2,4,success,0.017403780249878764,0.0002719340664043557,8.497939575136115e-06,3677.361991538926,,[]
rq2.v1,8fbfc9ee-0721-4dbb-8c63-46739b75d687,ijcnn_balanced_n4::rulerunner_original_flat::cpu::r0::b1,ijcnn_balanced_n4,all_applicable,rulerunner_original_flat,RuleRunnerMonitor,original,flat,exact,cpu,cpu,1103,0,32,1,False,2,11,success,0.004747463363773105,0.004747463363773105,0.00014835823011790953,210.63880295123283,,[]
rq2.v1,8fbfc9ee-0721-4dbb-8c63-46739b75d687,ijcnn_balanced_n4::rulerunner_original_flat::cpu::r0::b64,ijcnn_balanced_n4,all_applicable,rulerunner_original_flat,RuleRunnerMonitor,original,flat,exact,cpu,cpu,1103,0,32,64,False,2,3,success,0.016742013666468363,0.0002615939635385682,8.174811360580255e-06,3822.718179246383,,[]
rq2.v1,8fbfc9ee-0721-4dbb-8c63-46739b75d687,ijcnn_balanced_n4::rulerunner_original_flat::cpu::r1::b1,ijcnn_balanced_n4,all_applicable,rulerunner_original_flat,RuleRunnerMonitor,original,flat,exact,cpu,cpu,2207,1,32,1,False,2,18,success,0.004684658888840608,0.004684658888840608,0.000146395590276269,213.46271387701546,,[]
rq2.v1,8fbfc9ee-0721-4dbb-8c63-46739b75d687,ijcnn_balanced_n4::rulerunner_original_flat::cpu::r1::b64,ijcnn_balanced_n4,all_applicable,rulerunner_original_flat,RuleRunnerMonitor,original,flat,exact,cpu,cpu,2207,1,32,64,False,2,4,success,0.019392624749343668,0.0003030097617084948,9.469055053390463e-06,3300.2237101589894,,[]
rq2.v1,8fbfc9ee-0721-4dbb-8c63-46739b75d687,ijcnn_balanced_n4::rulerunner_original_flat::cpu::r2::b1,ijcnn_balanced_n4,all_applicable,rulerunner_original_flat,RuleRunnerMonitor,original,flat,exact,cpu,cpu,3301,2,32,1,False,2,11,success,0.004596583272690292,0.004596583272690292,0.00014364322727157162,217.55289541719088,,[]
rq2.v1,8fbfc9ee-0721-4dbb-8c63-46739b75d687,ijcnn_balanced_n4::rulerunner_original_flat::cpu::r2::b64,ijcnn_balanced_n4,all_applicable,rulerunner_original_flat,RuleRunnerMonitor,original,flat,exact,cpu,cpu,3301,2,32,64,False,2,3,success,0.01892601000023812,0.0002957189062537206,9.241215820428769e-06,3381.589674696081,,[]
rq2.v1,8fbfc9ee-0721-4dbb-8c63-46739b75d687,ijcnn_balanced_n4::rulerunner_original_flat::cpu::r3::b1,ijcnn_balanced_n4,all_applicable,rulerunner_original_flat,RuleRunnerMonitor,original,flat,exact,cpu,cpu,4409,3,32,1,False,2,20,success,0.005004879550142505,0.005004879550142505,0.00015640248594195327,199.8050082886664,,[]
rq2.v1,8fbfc9ee-0721-4dbb-8c63-46739b75d687,ijcnn_balanced_n4::rulerunner_original_flat::cpu::r3::b64,ijcnn_balanced_n4,all_applicable,rulerunner_original_flat,RuleRunnerMonitor,original,flat,exact,cpu,cpu,4409,3,32,64,False,2,4,success,0.017399019499862334,0.00027185967968534896,8.495614990167155e-06,3678.3681977312795,,[]
rq2.v1,8fbfc9ee-0721-4dbb-8c63-46739b75d687,ijcnn_balanced_n4::rulerunner_original_flat::cpu::r4::b1,ijcnn_balanced_n4,all_applicable,rulerunner_original_flat,RuleRunnerMonitor,original,flat,exact,cpu,cpu,5501,4,32,1,False,2,10,success,0.005066145499949925,0.005066145499949925,0.00015831704687343517,197.38872482242846,,[]
rq2.v1,8fbfc9ee-0721-4dbb-8c63-46739b75d687,ijcnn_balanced_n4::rulerunner_original_flat::cpu::r4::b64,ijcnn_balanced_n4,all_applicable,rulerunner_original_flat,RuleRunnerMonitor,original,flat,exact,cpu,cpu,5501,4,32,64,False,2,3,success,0.01673147266774322,0.0002614292604334878,8.169664388546494e-06,3825.1265307557933,,[]
rq2.v1,8fbfc9ee-0721-4dbb-8c63-46739b75d687,ijcnn_balanced_n4::rulerunner_original_structured::cpu::r0::b1,ijcnn_balanced_n4,all_applicable,rulerunner_original_structured,StructuredRuleRunnerMonitor,original,structured,exact,cpu,cpu,1103,0,32,1,False,2,2,success,0.02622339450135769,0.02622339450135769,0.0008194810781674278,38.133888423492465,,[]
rq2.v1,8fbfc9ee-0721-4dbb-8c63-46739b75d687,ijcnn_balanced_n4::rulerunner_original_structured::cpu::r0::b64,ijcnn_balanced_n4,all_applicable,rulerunner_original_structured,StructuredRuleRunnerMonitor,original,structured,exact,cpu,cpu,1103,0,32,64,False,2,1,success,0.05645065899807378,0.0008820415468449028,2.756379833890321e-05,1133.733443256771,,[]
rq2.v1,8fbfc9ee-0721-4dbb-8c63-46739b75d687,ijcnn_balanced_n4::rulerunner_original_structured::cpu::r1::b1,ijcnn_balanced_n4,all_applicable,rulerunner_original_structured,StructuredRuleRunnerMonitor,original,structured,exact,cpu,cpu,2207,1,32,1,False,2,2,success,0.02605475350173947,0.02605475350173947,0.0008142110469293584,38.38071236917432,,[]
rq2.v1,8fbfc9ee-0721-4dbb-8c63-46739b75d687,ijcnn_balanced_n4::rulerunner_original_structured::cpu::r1::b64,ijcnn_balanced_n4,all_applicable,rulerunner_original_structured,StructuredRuleRunnerMonitor,original,structured,exact,cpu,cpu,2207,1,32,64,False,2,1,success,0.05429396799809183,0.0008483432499701848,2.6510726561568276e-05,1178.768146071941,,[]
rq2.v1,8fbfc9ee-0721-4dbb-8c63-46739b75d687,ijcnn_balanced_n4::rulerunner_original_structured::cpu::r2::b1,ijcnn_balanced_n4,all_applicable,rulerunner_original_structured,StructuredRuleRunnerMonitor,original,structured,exact,cpu,cpu,3301,2,32,1,False,2,2,success,0.02636813999924925,0.02636813999924925,0.0008240043749765391,37.92455592349221,,[]
rq2.v1,8fbfc9ee-0721-4dbb-8c63-46739b75d687,ijcnn_balanced_n4::rulerunner_original_structured::cpu::r2::b64,ijcnn_balanced_n4,all_applicable,rulerunner_original_structured,StructuredRuleRunnerMonitor,original,structured,exact,cpu,cpu,3301,2,32,64,False,2,1,success,0.05493585200019879,0.0008583726875031061,2.6824146484472067e-05,1164.9951292239612,,[]
rq2.v1,8fbfc9ee-0721-4dbb-8c63-46739b75d687,ijcnn_balanced_n4::rulerunner_original_structured::cpu::r3::b1,ijcnn_balanced_n4,all_applicable,rulerunner_original_structured,StructuredRuleRunnerMonitor,original,structured,exact,cpu,cpu,4409,3,32,1,False,2,2,success,0.028678535500148428,0.028678535500148428,0.0008962042343796384,34.86928403282045,,[]
rq2.v1,8fbfc9ee-0721-4dbb-8c63-46739b75d687,ijcnn_balanced_n4::rulerunner_original_structured::cpu::r3::b64,ijcnn_balanced_n4,all_applicable,rulerunner_original_structured,StructuredRuleRunnerMonitor,original,structured,exact,cpu,cpu,4409,3,32,64,False,2,1,success,0.0643932519997179,0.0010061445624955923,3.144201757798726e-05,993.8929625775131,,[]
rq2.v1,8fbfc9ee-0721-4dbb-8c63-46739b75d687,ijcnn_balanced_n4::rulerunner_original_structured::cpu::r4::b1,ijcnn_balanced_n4,all_applicable,rulerunner_original_structured,StructuredRuleRunnerMonitor,original,structured,exact,cpu,cpu,5501,4,32,1,False,2,2,success,0.025940315499610733,0.025940315499610733,0.0008106348593628354,38.55003228526678,,[]
rq2.v1,8fbfc9ee-0721-4dbb-8c63-46739b75d687,ijcnn_balanced_n4::rulerunner_original_structured::cpu::r4::b64,ijcnn_balanced_n4,all_applicable,rulerunner_original_structured,StructuredRuleRunnerMonitor,original,structured,exact,cpu,cpu,5501,4,32,64,False,2,1,success,0.05619381699943915,0.0008780283906162367,2.7438387206757398e-05,1138.9153365509726,,[]
rq2.v1,8fbfc9ee-0721-4dbb-8c63-46739b75d687,ijcnn_balanced_n4::rulerunner_bounded_flat_default::cpu::r0::b1,ijcnn_balanced_n4,all_applicable,rulerunner_bounded_flat_default,BoundedEventRuleRunnerMonitor,bounded_default,flat,sound_default,cpu,cpu,1103,0,32,1,False,2,18,success,0.0052187415555332945,0.0052187415555332945,0.00016308567361041545,191.61707652292654,,[]
rq2.v1,8fbfc9ee-0721-4dbb-8c63-46739b75d687,ijcnn_balanced_n4::rulerunner_bounded_flat_default::cpu::r0::b64,ijcnn_balanced_n4,all_applicable,rulerunner_bounded_flat_default,BoundedEventRuleRunnerMonitor,bounded_default,flat,sound_default,cpu,cpu,1103,0,32,64,False,2,1,success,0.056675266998354346,0.0008855510468492866,2.7673470214040208e-05,1129.2403792620569,,[]
rq2.v1,8fbfc9ee-0721-4dbb-8c63-46739b75d687,ijcnn_balanced_n4::rulerunner_bounded_flat_default::cpu::r1::b1,ijcnn_balanced_n4,all_applicable,rulerunner_bounded_flat_default,BoundedEventRuleRunnerMonitor,bounded_default,flat,sound_default,cpu,cpu,2207,1,32,1,False,2,18,success,0.004981331333207588,0.004981331333207588,0.00015566660416273712,200.7495452738893,,[]
rq2.v1,8fbfc9ee-0721-4dbb-8c63-46739b75d687,ijcnn_balanced_n4::rulerunner_bounded_flat_default::cpu::r1::b64,ijcnn_balanced_n4,all_applicable,rulerunner_bounded_flat_default,BoundedEventRuleRunnerMonitor,bounded_default,flat,sound_default,cpu,cpu,2207,1,32,64,False,2,1,success,0.06148965399916051,0.000960775843736883,3.0024245116777593e-05,1040.8255021385185,,[]
rq2.v1,8fbfc9ee-0721-4dbb-8c63-46739b75d687,ijcnn_balanced_n4::rulerunner_bounded_flat_default::cpu::r2::b1,ijcnn_balanced_n4,all_applicable,rulerunner_bounded_flat_default,BoundedEventRuleRunnerMonitor,bounded_default,flat,sound_default,cpu,cpu,3301,2,32,1,False,2,18,success,0.005431588277739745,0.005431588277739745,0.00016973713367936702,184.10821087052858,,[]
rq2.v1,8fbfc9ee-0721-4dbb-8c63-46739b75d687,ijcnn_balanced_n4::rulerunner_bounded_flat_default::cpu::r2::b64,ijcnn_balanced_n4,all_applicable,rulerunner_bounded_flat_default,BoundedEventRuleRunnerMonitor,bounded_default,flat,sound_default,cpu,cpu,3301,2,32,64,False,2,1,success,0.06194565699843224,0.0009679008906005038,3.0246902831265743e-05,1033.1636324661106,,[]
rq2.v1,8fbfc9ee-0721-4dbb-8c63-46739b75d687,ijcnn_balanced_n4::rulerunner_bounded_flat_default::cpu::r3::b1,ijcnn_balanced_n4,all_applicable,rulerunner_bounded_flat_default,BoundedEventRuleRunnerMonitor,bounded_default,flat,sound_default,cpu,cpu,4409,3,32,1,False,2,16,success,0.005996306437509702,0.005996306437509702,0.00018738457617217819,166.7693288229121,,[]
rq2.v1,8fbfc9ee-0721-4dbb-8c63-46739b75d687,ijcnn_balanced_n4::rulerunner_bounded_flat_default::cpu::r3::b64,ijcnn_balanced_n4,all_applicable,rulerunner_bounded_flat_default,BoundedEventRuleRunnerMonitor,bounded_default,flat,sound_default,cpu,cpu,4409,3,32,64,False,2,1,success,0.05150262699680752,0.0008047285468251175,2.5147767088284922e-05,1242.655059206342,,[]
rq2.v1,8fbfc9ee-0721-4dbb-8c63-46739b75d687,ijcnn_balanced_n4::rulerunner_bounded_flat_default::cpu::r4::b1,ijcnn_balanced_n4,all_applicable,rulerunner_bounded_flat_default,BoundedEventRuleRunnerMonitor,bounded_default,flat,sound_default,cpu,cpu,5501,4,32,1,False,2,16,success,0.005961514875025387,0.005961514875025387,0.00018629733984454333,167.74259914863362,,[]
rq2.v1,8fbfc9ee-0721-4dbb-8c63-46739b75d687,ijcnn_balanced_n4::rulerunner_bounded_flat_default::cpu::r4::b64,ijcnn_balanced_n4,all_applicable,rulerunner_bounded_flat_default,BoundedEventRuleRunnerMonitor,bounded_default,flat,sound_default,cpu,cpu,5501,4,32,64,False,2,1,success,0.051924658997450024,0.0008113227968351566,2.5353837401098644e-05,1232.555037157644,,[]
rq2.v1,8fbfc9ee-0721-4dbb-8c63-46739b75d687,ijcnn_balanced_n4::rulerunner_bounded_flat_exact::cpu::r0::b1,ijcnn_balanced_n4,all_applicable,rulerunner_bounded_flat_exact,BoundedEventRuleRunnerMonitor,bounded_exact_online,flat,exact_online,cpu,cpu,1103,0,32,1,False,2,18,success,0.005215977111220127,0.005215977111220127,0.00016299928472562897,191.7186327081253,,[]
rq2.v1,8fbfc9ee-0721-4dbb-8c63-46739b75d687,ijcnn_balanced_n4::rulerunner_bounded_flat_exact::cpu::r0::b64,ijcnn_balanced_n4,all_applicable,rulerunner_bounded_flat_exact,BoundedEventRuleRunnerMonitor,bounded_exact_online,flat,exact_online,cpu,cpu,1103,0,32,64,False,2,1,success,0.05687462399873766,0.000888665999980276,2.7770812499383624e-05,1125.282164527725,,[]
rq2.v1,8fbfc9ee-0721-4dbb-8c63-46739b75d687,ijcnn_balanced_n4::rulerunner_bounded_flat_exact::cpu::r1::b1,ijcnn_balanced_n4,all_applicable,rulerunner_bounded_flat_exact,BoundedEventRuleRunnerMonitor,bounded_exact_online,flat,exact_online,cpu,cpu,2207,1,32,1,False,2,18,success,0.005205983611126107,0.005205983611126107,0.00016268698784769085,192.08665925548118,,[]
rq2.v1,8fbfc9ee-0721-4dbb-8c63-46739b75d687,ijcnn_balanced_n4::rulerunner_bounded_flat_exact::cpu::r1::b64,ijcnn_balanced_n4,all_applicable,rulerunner_bounded_flat_exact,BoundedEventRuleRunnerMonitor,bounded_exact_online,flat,exact_online,cpu,cpu,2207,1,32,64,False,2,1,success,0.06500705400321749,0.0010157352188002733,3.174172558750854e-05,984.5085426703439,,[]
rq2.v1,8fbfc9ee-0721-4dbb-8c63-46739b75d687,ijcnn_balanced_n4::rulerunner_bounded_flat_exact::cpu::r2::b1,ijcnn_balanced_n4,all_applicable,rulerunner_bounded_flat_exact,BoundedEventRuleRunnerMonitor,bounded_exact_online,flat,exact_online,cpu,cpu,3301,2,32,1,False,2,18,success,0.005620663388981484,0.005620663388981484,0.00017564573090567137,177.91494184838726,,[]
rq2.v1,8fbfc9ee-0721-4dbb-8c63-46739b75d687,ijcnn_balanced_n4::rulerunner_bounded_flat_exact::cpu::r2::b64,ijcnn_balanced_n4,all_applicable,rulerunner_bounded_flat_exact,BoundedEventRuleRunnerMonitor,bounded_exact_online,flat,exact_online,cpu,cpu,3301,2,32,64,False,2,1,success,0.05458002299928921,0.000852812859363894,2.6650401855121686e-05,1172.5901984473965,,[]
rq2.v1,8fbfc9ee-0721-4dbb-8c63-46739b75d687,ijcnn_balanced_n4::rulerunner_bounded_flat_exact::cpu::r3::b1,ijcnn_balanced_n4,all_applicable,rulerunner_bounded_flat_exact,BoundedEventRuleRunnerMonitor,bounded_exact_online,flat,exact_online,cpu,cpu,4409,3,32,1,False,2,18,success,0.005281024611071593,0.005281024611071593,0.00016503201909598728,189.35719365963837,,[]
rq2.v1,8fbfc9ee-0721-4dbb-8c63-46739b75d687,ijcnn_balanced_n4::rulerunner_bounded_flat_exact::cpu::r3::b64,ijcnn_balanced_n4,all_applicable,rulerunner_bounded_flat_exact,BoundedEventRuleRunnerMonitor,bounded_exact_online,flat,exact_online,cpu,cpu,4409,3,32,64,False,2,2,success,0.05333280900049431,0.0008333251406327236,2.604141064477261e-05,1200.0117976048632,,[]
rq2.v1,8fbfc9ee-0721-4dbb-8c63-46739b75d687,ijcnn_balanced_n4::rulerunner_bounded_flat_exact::cpu::r4::b1,ijcnn_balanced_n4,all_applicable,rulerunner_bounded_flat_exact,BoundedEventRuleRunnerMonitor,bounded_exact_online,flat,exact_online,cpu,cpu,5501,4,32,1,False,2,18,success,0.005396317722140036,0.005396317722140036,0.0001686349288168761,185.3115497438551,,[]
rq2.v1,8fbfc9ee-0721-4dbb-8c63-46739b75d687,ijcnn_balanced_n4::rulerunner_bounded_flat_exact::cpu::r4::b64,ijcnn_balanced_n4,all_applicable,rulerunner_bounded_flat_exact,BoundedEventRuleRunnerMonitor,bounded_exact_online,flat,exact_online,cpu,cpu,5501,4,32,64,False,2,1,success,0.05436139499943238,0.0008493967968661309,2.654364990206659e-05,1177.306064361819,,[]
rq2.v1,8fbfc9ee-0721-4dbb-8c63-46739b75d687,ijcnn_balanced_n4::rulerunner_bounded_structured_default::cpu::r0::b1,ijcnn_balanced_n4,all_applicable,rulerunner_bounded_structured_default,BoundedEventStructuredRuleRunnerMonitor,bounded_default,structured,sound_default,cpu,cpu,1103,0,32,1,False,2,12,success,0.008450880333536285,0.008450880333536285,0.0002640900104230089,118.33086738095466,,[]
rq2.v1,8fbfc9ee-0721-4dbb-8c63-46739b75d687,ijcnn_balanced_n4::rulerunner_bounded_structured_default::cpu::r0::b64,ijcnn_balanced_n4,all_applicable,rulerunner_bounded_structured_default,BoundedEventStructuredRuleRunnerMonitor,bounded_default,structured,sound_default,cpu,cpu,1103,0,32,64,False,2,1,success,0.06736258900127723,0.0010525404531449567,3.28918891607799e-05,950.0822481568594,,[]
rq2.v1,8fbfc9ee-0721-4dbb-8c63-46739b75d687,ijcnn_balanced_n4::rulerunner_bounded_structured_default::cpu::r1::b1,ijcnn_balanced_n4,all_applicable,rulerunner_bounded_structured_default,BoundedEventStructuredRuleRunnerMonitor,bounded_default,structured,sound_default,cpu,cpu,2207,1,32,1,False,2,12,success,0.007544114000059683,0.007544114000059683,0.0002357535625018651,132.5536703172949,,[]
rq2.v1,8fbfc9ee-0721-4dbb-8c63-46739b75d687,ijcnn_balanced_n4::rulerunner_bounded_structured_default::cpu::r1::b64,ijcnn_balanced_n4,all_applicable,rulerunner_bounded_structured_default,BoundedEventStructuredRuleRunnerMonitor,bounded_default,structured,sound_default,cpu,cpu,2207,1,32,64,False,2,1,success,0.0539920359988173,0.0008436255624815203,2.636329882754751e-05,1185.360003860605,,[]
rq2.v1,8fbfc9ee-0721-4dbb-8c63-46739b75d687,ijcnn_balanced_n4::rulerunner_bounded_structured_default::cpu::r2::b1,ijcnn_balanced_n4,all_applicable,rulerunner_bounded_structured_default,BoundedEventStructuredRuleRunnerMonitor,bounded_default,structured,sound_default,cpu,cpu,3301,2,32,1,False,2,8,success,0.007676345250274608,0.007676345250274608,0.0002398857890710815,130.27032622903806,,[]
rq2.v1,8fbfc9ee-0721-4dbb-8c63-46739b75d687,ijcnn_balanced_n4::rulerunner_bounded_structured_default::cpu::r2::b64,ijcnn_balanced_n4,all_applicable,rulerunner_bounded_structured_default,BoundedEventStructuredRuleRunnerMonitor,bounded_default,structured,sound_default,cpu,cpu,3301,2,32,64,False,2,1,success,0.06349762900208589,0.000992150453157592,3.100470166117475e-05,1007.9116497073869,,[]
rq2.v1,8fbfc9ee-0721-4dbb-8c63-46739b75d687,ijcnn_balanced_n4::rulerunner_bounded_structured_default::cpu::r3::b1,ijcnn_balanced_n4,all_applicable,rulerunner_bounded_structured_default,BoundedEventStructuredRuleRunnerMonitor,bounded_default,structured,sound_default,cpu,cpu,4409,3,32,1,False,2,6,success,0.008848522333816314,0.008848522333816314,0.0002765163229317598,113.0132198659102,,[]
rq2.v1,8fbfc9ee-0721-4dbb-8c63-46739b75d687,ijcnn_balanced_n4::rulerunner_bounded_structured_default::cpu::r3::b64,ijcnn_balanced_n4,all_applicable,rulerunner_bounded_structured_default,BoundedEventStructuredRuleRunnerMonitor,bounded_default,structured,sound_default,cpu,cpu,4409,3,32,64,False,2,1,success,0.05858772699866677,0.0009154332343541682,2.8607288573567757e-05,1092.3789550916763,,[]
rq2.v1,8fbfc9ee-0721-4dbb-8c63-46739b75d687,ijcnn_balanced_n4::rulerunner_bounded_structured_default::cpu::r4::b1,ijcnn_balanced_n4,all_applicable,rulerunner_bounded_structured_default,BoundedEventStructuredRuleRunnerMonitor,bounded_default,structured,sound_default,cpu,cpu,5501,4,32,1,False,2,12,success,0.00768791200001336,0.00768791200001336,0.0002402472500004175,130.0743296747234,,[]
rq2.v1,8fbfc9ee-0721-4dbb-8c63-46739b75d687,ijcnn_balanced_n4::rulerunner_bounded_structured_default::cpu::r4::b64,ijcnn_balanced_n4,all_applicable,rulerunner_bounded_structured_default,BoundedEventStructuredRuleRunnerMonitor,bounded_default,structured,sound_default,cpu,cpu,5501,4,32,64,False,2,1,success,0.07336647400006768,0.0011463511562510575,3.582347363284555e-05,872.3330495607702,,[]
rq2.v1,8fbfc9ee-0721-4dbb-8c63-46739b75d687,ijcnn_balanced_n4::rulerunner_bounded_structured_exact::cpu::r0::b1,ijcnn_balanced_n4,all_applicable,rulerunner_bounded_structured_exact,BoundedEventStructuredRuleRunnerMonitor,bounded_exact_online,structured,exact_online,cpu,cpu,1103,0,32,1,False,2,12,success,0.008473856333390964,0.008473856333390964,0.00026480801041846763,118.01002526553718,,[]
rq2.v1,8fbfc9ee-0721-4dbb-8c63-46739b75d687,ijcnn_balanced_n4::rulerunner_bounded_structured_exact::cpu::r0::b64,ijcnn_balanced_n4,all_applicable,rulerunner_bounded_structured_exact,BoundedEventStructuredRuleRunnerMonitor,bounded_exact_online,structured,exact_online,cpu,cpu,1103,0,32,64,False,2,1,success,0.05883294600062072,0.0009192647812596988,2.8727024414365587e-05,1087.8258586494167,,[]
rq2.v1,8fbfc9ee-0721-4dbb-8c63-46739b75d687,ijcnn_balanced_n4::rulerunner_bounded_structured_exact::cpu::r1::b1,ijcnn_balanced_n4,all_applicable,rulerunner_bounded_structured_exact,BoundedEventStructuredRuleRunnerMonitor,bounded_exact_online,structured,exact_online,cpu,cpu,2207,1,32,1,False,2,12,success,0.007593753916808055,0.007593753916808055,0.0002373048099002517,131.6871748749449,,[]
rq2.v1,8fbfc9ee-0721-4dbb-8c63-46739b75d687,ijcnn_balanced_n4::rulerunner_bounded_structured_exact::cpu::r1::b64,ijcnn_balanced_n4,all_applicable,rulerunner_bounded_structured_exact,BoundedEventStructuredRuleRunnerMonitor,bounded_exact_online,structured,exact_online,cpu,cpu,2207,1,32,64,False,2,1,success,0.056927082001493545,0.0008894856562733366,2.779642675854177e-05,1124.2452230086355,,[]
rq2.v1,8fbfc9ee-0721-4dbb-8c63-46739b75d687,ijcnn_balanced_n4::rulerunner_bounded_structured_exact::cpu::r2::b1,ijcnn_balanced_n4,all_applicable,rulerunner_bounded_structured_exact,BoundedEventStructuredRuleRunnerMonitor,bounded_exact_online,structured,exact_online,cpu,cpu,3301,2,32,1,False,2,10,success,0.007722499900046387,0.007722499900046387,0.0002413281218764496,129.49174657729594,,[]
rq2.v1,8fbfc9ee-0721-4dbb-8c63-46739b75d687,ijcnn_balanced_n4::rulerunner_bounded_structured_exact::cpu::r2::b64,ijcnn_balanced_n4,all_applicable,rulerunner_bounded_structured_exact,BoundedEventStructuredRuleRunnerMonitor,bounded_exact_online,structured,exact_online,cpu,cpu,3301,2,32,64,False,2,1,success,0.06126457899881643,0.0009572590468565068,2.9914345214265836e-05,1044.6493070855252,,[]
rq2.v1,8fbfc9ee-0721-4dbb-8c63-46739b75d687,ijcnn_balanced_n4::rulerunner_bounded_structured_exact::cpu::r3::b1,ijcnn_balanced_n4,all_applicable,rulerunner_bounded_structured_exact,BoundedEventStructuredRuleRunnerMonitor,bounded_exact_online,structured,exact_online,cpu,cpu,4409,3,32,1,False,2,12,success,0.008025427250080005,0.008025427250080005,0.00025079460156500016,124.60395799987235,,[]
rq2.v1,8fbfc9ee-0721-4dbb-8c63-46739b75d687,ijcnn_balanced_n4::rulerunner_bounded_structured_exact::cpu::r3::b64,ijcnn_balanced_n4,all_applicable,rulerunner_bounded_structured_exact,BoundedEventStructuredRuleRunnerMonitor,bounded_exact_online,structured,exact_online,cpu,cpu,4409,3,32,64,False,2,1,success,0.055620203998842044,0.0008690656874819069,2.7158302733809592e-05,1150.6610080274502,,[]
rq2.v1,8fbfc9ee-0721-4dbb-8c63-46739b75d687,ijcnn_balanced_n4::rulerunner_bounded_structured_exact::cpu::r4::b1,ijcnn_balanced_n4,all_applicable,rulerunner_bounded_structured_exact,BoundedEventStructuredRuleRunnerMonitor,bounded_exact_online,structured,exact_online,cpu,cpu,5501,4,32,1,False,2,12,success,0.007852676333338119,0.007852676333338119,0.0002453961354168162,127.34511872780918,,[]
rq2.v1,8fbfc9ee-0721-4dbb-8c63-46739b75d687,ijcnn_balanced_n4::rulerunner_bounded_structured_exact::cpu::r4::b64,ijcnn_balanced_n4,all_applicable,rulerunner_bounded_structured_exact,BoundedEventStructuredRuleRunnerMonitor,bounded_exact_online,structured,exact_online,cpu,cpu,5501,4,32,64,False,2,1,success,0.05669064599715057,0.0008857913437054776,2.7680979490796176e-05,1128.9340397217704,,[]
rq2.v1,8fbfc9ee-0721-4dbb-8c63-46739b75d687,ijcnn_balanced_n4::rulerunner_progression_flat::cpu::r0::b1,ijcnn_balanced_n4,all_applicable,rulerunner_progression_flat,ProgressionRuleRunnerMonitor,progression,flat,exact,cpu,cpu,1103,0,32,1,False,2,40,success,0.00245854140002848,0.00245854140002848,7.682941875089e-05,406.74523519856774,,[]
rq2.v1,8fbfc9ee-0721-4dbb-8c63-46739b75d687,ijcnn_balanced_n4::rulerunner_progression_flat::cpu::r0::b64,ijcnn_balanced_n4,all_applicable,rulerunner_progression_flat,ProgressionRuleRunnerMonitor,progression,flat,exact,cpu,cpu,1103,0,32,64,False,2,22,success,0.004590896181980497,7.173275284344527e-05,2.2416485263576647e-06,13940.633258317468,,[]
rq2.v1,8fbfc9ee-0721-4dbb-8c63-46739b75d687,ijcnn_balanced_n4::rulerunner_progression_flat::cpu::r1::b1,ijcnn_balanced_n4,all_applicable,rulerunner_progression_flat,ProgressionRuleRunnerMonitor,progression,flat,exact,cpu,cpu,2207,1,32,1,False,2,40,success,0.0024054647249613483,0.0024054647249613483,7.517077265504213e-05,415.72008503099886,,[]
rq2.v1,8fbfc9ee-0721-4dbb-8c63-46739b75d687,ijcnn_balanced_n4::rulerunner_progression_flat::cpu::r1::b64,ijcnn_balanced_n4,all_applicable,rulerunner_progression_flat,ProgressionRuleRunnerMonitor,progression,flat,exact,cpu,cpu,2207,1,32,64,False,2,22,success,0.004288911227294276,6.701423792647306e-05,2.094194935202283e-06,14922.202071404346,,[]
rq2.v1,8fbfc9ee-0721-4dbb-8c63-46739b75d687,ijcnn_balanced_n4::rulerunner_progression_flat::cpu::r2::b1,ijcnn_balanced_n4,all_applicable,rulerunner_progression_flat,ProgressionRuleRunnerMonitor,progression,flat,exact,cpu,cpu,3301,2,32,1,False,2,38,success,0.0025537234210596103,0.0025537234210596103,7.980385690811282e-05,391.58508386357374,,[]
rq2.v1,8fbfc9ee-0721-4dbb-8c63-46739b75d687,ijcnn_balanced_n4::rulerunner_progression_flat::cpu::r2::b64,ijcnn_balanced_n4,all_applicable,rulerunner_progression_flat,ProgressionRuleRunnerMonitor,progression,flat,exact,cpu,cpu,3301,2,32,64,False,2,22,success,0.004305356727358726,6.72711988649801e-05,2.102224964530628e-06,14865.202595944489,,[]
rq2.v1,8fbfc9ee-0721-4dbb-8c63-46739b75d687,ijcnn_balanced_n4::rulerunner_progression_flat::cpu::r3::b1,ijcnn_balanced_n4,all_applicable,rulerunner_progression_flat,ProgressionRuleRunnerMonitor,progression,flat,exact,cpu,cpu,4409,3,32,1,False,2,38,success,0.0024639503683972996,0.0024639503683972996,7.699844901241561e-05,405.85233080423603,,[]
rq2.v1,8fbfc9ee-0721-4dbb-8c63-46739b75d687,ijcnn_balanced_n4::rulerunner_progression_flat::cpu::r3::b64,ijcnn_balanced_n4,all_applicable,rulerunner_progression_flat,ProgressionRuleRunnerMonitor,progression,flat,exact,cpu,cpu,4409,3,32,64,False,2,22,success,0.004405423954515506,6.883474928930478e-05,2.1510859152907744e-06,14527.54619323318,,[]
rq2.v1,8fbfc9ee-0721-4dbb-8c63-46739b75d687,ijcnn_balanced_n4::rulerunner_progression_flat::cpu::r4::b1,ijcnn_balanced_n4,all_applicable,rulerunner_progression_flat,ProgressionRuleRunnerMonitor,progression,flat,exact,cpu,cpu,5501,4,32,1,False,2,40,success,0.0025151660000119593,0.0025151660000119593,7.859893750037373e-05,397.588071719817,,[]
rq2.v1,8fbfc9ee-0721-4dbb-8c63-46739b75d687,ijcnn_balanced_n4::rulerunner_progression_flat::cpu::r4::b64,ijcnn_balanced_n4,all_applicable,rulerunner_progression_flat,ProgressionRuleRunnerMonitor,progression,flat,exact,cpu,cpu,5501,4,32,64,False,2,22,success,0.004833556409060045,7.55243188915632e-05,2.36013496536135e-06,13240.768201243716,,[]
rq2.v1,8fbfc9ee-0721-4dbb-8c63-46739b75d687,ijcnn_balanced_n4::rulerunner_progression_structured::cpu::r0::b1,ijcnn_balanced_n4,all_applicable,rulerunner_progression_structured,ProgressionRuleRunnerStructuredMonitor,progression,structured,exact,cpu,cpu,1103,0,32,1,False,2,6,success,0.013792184166959487,0.013792184166959487,0.00043100575521748397,72.50483229448146,,[]
rq2.v1,8fbfc9ee-0721-4dbb-8c63-46739b75d687,ijcnn_balanced_n4::rulerunner_progression_structured::cpu::r0::b64,ijcnn_balanced_n4,all_applicable,rulerunner_progression_structured,ProgressionRuleRunnerStructuredMonitor,progression,structured,exact,cpu,cpu,1103,0,32,64,False,2,4,success,0.01798355274968344,0.00028099301171380375,8.781031616056367e-06,3558.8073664213307,,[]
rq2.v1,8fbfc9ee-0721-4dbb-8c63-46739b75d687,ijcnn_balanced_n4::rulerunner_progression_structured::cpu::r1::b1,ijcnn_balanced_n4,all_applicable,rulerunner_progression_structured,ProgressionRuleRunnerStructuredMonitor,progression,structured,exact,cpu,cpu,2207,1,32,1,False,2,6,success,0.013674851500278843,0.013674851500278843,0.00042733910938371383,73.12693669687083,,[]
rq2.v1,8fbfc9ee-0721-4dbb-8c63-46739b75d687,ijcnn_balanced_n4::rulerunner_progression_structured::cpu::r1::b64,ijcnn_balanced_n4,all_applicable,rulerunner_progression_structured,ProgressionRuleRunnerStructuredMonitor,progression,structured,exact,cpu,cpu,2207,1,32,64,False,2,4,success,0.017667590500423103,0.000276056101569111,8.626753174034718e-06,3622.4520824425567,,[]
rq2.v1,8fbfc9ee-0721-4dbb-8c63-46739b75d687,ijcnn_balanced_n4::rulerunner_progression_structured::cpu::r2::b1,ijcnn_balanced_n4,all_applicable,rulerunner_progression_structured,ProgressionRuleRunnerStructuredMonitor,progression,structured,exact,cpu,cpu,3301,2,32,1,False,2,6,success,0.0137444083338778,0.0137444083338778,0.00042951276043368125,72.75686051433422,,[]
rq2.v1,8fbfc9ee-0721-4dbb-8c63-46739b75d687,ijcnn_balanced_n4::rulerunner_progression_structured::cpu::r2::b64,ijcnn_balanced_n4,all_applicable,rulerunner_progression_structured,ProgressionRuleRunnerStructuredMonitor,progression,structured,exact,cpu,cpu,3301,2,32,64,False,2,4,success,0.01777420849975897,0.0002777220078087339,8.678812744022935e-06,3600.7229239416138,,[]
rq2.v1,8fbfc9ee-0721-4dbb-8c63-46739b75d687,ijcnn_balanced_n4::rulerunner_progression_structured::cpu::r3::b1,ijcnn_balanced_n4,all_applicable,rulerunner_progression_structured,ProgressionRuleRunnerStructuredMonitor,progression,structured,exact,cpu,cpu,4409,3,32,1,False,2,6,success,0.014342834499984747,0.014342834499984747,0.00044821357812452334,69.72122560579385,,[]
rq2.v1,8fbfc9ee-0721-4dbb-8c63-46739b75d687,ijcnn_balanced_n4::rulerunner_progression_structured::cpu::r3::b64,ijcnn_balanced_n4,all_applicable,rulerunner_progression_structured,ProgressionRuleRunnerStructuredMonitor,progression,structured,exact,cpu,cpu,4409,3,32,64,False,2,4,success,0.017657823500485392,0.00027590349219508425,8.621984131096383e-06,3624.455754597429,,[]
rq2.v1,8fbfc9ee-0721-4dbb-8c63-46739b75d687,ijcnn_balanced_n4::rulerunner_progression_structured::cpu::r4::b1,ijcnn_balanced_n4,all_applicable,rulerunner_progression_structured,ProgressionRuleRunnerStructuredMonitor,progression,structured,exact,cpu,cpu,5501,4,32,1,False,2,4,success,0.015629294750397094,0.015629294750397094,0.0004884154609499092,63.98241353625972,,[]
rq2.v1,8fbfc9ee-0721-4dbb-8c63-46739b75d687,ijcnn_balanced_n4::rulerunner_progression_structured::cpu::r4::b64,ijcnn_balanced_n4,all_applicable,rulerunner_progression_structured,ProgressionRuleRunnerStructuredMonitor,progression,structured,exact,cpu,cpu,5501,4,32,64,False,2,4,success,0.01792787949943886,0.00028012311717873217,8.75384741183538e-06,3569.8588894466407,,[]
rq2.v1,8fbfc9ee-0721-4dbb-8c63-46739b75d687,eventual_next_alias::rulerunner_bounded_flat_default::cpu::r0::b1,eventual_next_alias,bounded_repair,rulerunner_bounded_flat_default,BoundedEventRuleRunnerMonitor,bounded_default,flat,sound_default,cpu,cpu,1103,0,32,1,False,2,18,success,0.005149740277880078,0.005149740277880078,0.00016092938368375244,194.1845502957396,,[]
rq2.v1,8fbfc9ee-0721-4dbb-8c63-46739b75d687,eventual_next_alias::rulerunner_bounded_flat_default::cpu::r0::b64,eventual_next_alias,bounded_repair,rulerunner_bounded_flat_default,BoundedEventRuleRunnerMonitor,bounded_default,flat,sound_default,cpu,cpu,1103,0,32,64,False,2,2,success,0.039489587499701884,0.0006170248046828419,1.928202514633881e-05,1620.6803882284958,,[]
rq2.v1,8fbfc9ee-0721-4dbb-8c63-46739b75d687,eventual_next_alias::rulerunner_bounded_flat_default::cpu::r1::b1,eventual_next_alias,bounded_repair,rulerunner_bounded_flat_default,BoundedEventRuleRunnerMonitor,bounded_default,flat,sound_default,cpu,cpu,2207,1,32,1,False,2,16,success,0.005243631874918719,0.005243631874918719,0.00016386349609120998,190.7075141531557,,[]
rq2.v1,8fbfc9ee-0721-4dbb-8c63-46739b75d687,eventual_next_alias::rulerunner_bounded_flat_default::cpu::r1::b64,eventual_next_alias,bounded_repair,rulerunner_bounded_flat_default,BoundedEventRuleRunnerMonitor,bounded_default,flat,sound_default,cpu,cpu,2207,1,32,64,False,2,2,success,0.03528925099999469,0.0005513945468749171,1.723107958984116e-05,1813.5834053267276,,[]
rq2.v1,8fbfc9ee-0721-4dbb-8c63-46739b75d687,eventual_next_alias::rulerunner_bounded_flat_default::cpu::r2::b1,eventual_next_alias,bounded_repair,rulerunner_bounded_flat_default,BoundedEventRuleRunnerMonitor,bounded_default,flat,sound_default,cpu,cpu,3301,2,32,1,False,2,18,success,0.0055589950556572554,0.0055589950556572554,0.00017371859548928923,179.88862914751545,,[]
rq2.v1,8fbfc9ee-0721-4dbb-8c63-46739b75d687,eventual_next_alias::rulerunner_bounded_flat_default::cpu::r2::b64,eventual_next_alias,bounded_repair,rulerunner_bounded_flat_default,BoundedEventRuleRunnerMonitor,bounded_default,flat,sound_default,cpu,cpu,3301,2,32,64,False,2,2,success,0.037135017999389675,0.0005802346562404637,1.813233300751449e-05,1723.4406618855512,,[]
rq2.v1,8fbfc9ee-0721-4dbb-8c63-46739b75d687,eventual_next_alias::rulerunner_bounded_flat_default::cpu::r3::b1,eventual_next_alias,bounded_repair,rulerunner_bounded_flat_default,BoundedEventRuleRunnerMonitor,bounded_default,flat,sound_default,cpu,cpu,4409,3,32,1,False,2,18,success,0.005394853055501396,0.005394853055501396,0.00016858915798441862,185.3618605941919,,[]
rq2.v1,8fbfc9ee-0721-4dbb-8c63-46739b75d687,eventual_next_alias::rulerunner_bounded_flat_default::cpu::r3::b64,eventual_next_alias,bounded_repair,rulerunner_bounded_flat_default,BoundedEventRuleRunnerMonitor,bounded_default,flat,sound_default,cpu,cpu,4409,3,32,64,False,2,2,success,0.03569638400040276,0.0005577560000062931,1.742987500019666e-05,1792.8986868607726,,[]
rq2.v1,8fbfc9ee-0721-4dbb-8c63-46739b75d687,eventual_next_alias::rulerunner_bounded_flat_default::cpu::r4::b1,eventual_next_alias,bounded_repair,rulerunner_bounded_flat_default,BoundedEventRuleRunnerMonitor,bounded_default,flat,sound_default,cpu,cpu,5501,4,32,1,False,2,18,success,0.005388591499973295,0.005388591499973295,0.00016839348437416548,185.57725149604602,,[]
rq2.v1,8fbfc9ee-0721-4dbb-8c63-46739b75d687,eventual_next_alias::rulerunner_bounded_flat_default::cpu::r4::b64,eventual_next_alias,bounded_repair,rulerunner_bounded_flat_default,BoundedEventRuleRunnerMonitor,bounded_default,flat,sound_default,cpu,cpu,5501,4,32,64,False,2,2,success,0.03560290649875242,0.0005562954140430065,1.7384231688843954e-05,1797.6060466367446,,[]
rq2.v1,8fbfc9ee-0721-4dbb-8c63-46739b75d687,eventual_next_alias::rulerunner_bounded_flat_exact::cpu::r0::b1,eventual_next_alias,bounded_repair,rulerunner_bounded_flat_exact,BoundedEventRuleRunnerMonitor,bounded_exact_online,flat,exact_online,cpu,cpu,1103,0,32,1,False,2,18,success,0.0055399167777068214,0.0055399167777068214,0.00017312239930333817,180.50812676899767,,[]
rq2.v1,8fbfc9ee-0721-4dbb-8c63-46739b75d687,eventual_next_alias::rulerunner_bounded_flat_exact::cpu::r0::b64,eventual_next_alias,bounded_repair,rulerunner_bounded_flat_exact,BoundedEventRuleRunnerMonitor,bounded_exact_online,flat,exact_online,cpu,cpu,1103,0,32,64,False,2,2,success,0.03491159800068999,0.0005454937187607811,1.704667871127441e-05,1833.2016769537477,,[]
rq2.v1,8fbfc9ee-0721-4dbb-8c63-46739b75d687,eventual_next_alias::rulerunner_bounded_flat_exact::cpu::r1::b1,eventual_next_alias,bounded_repair,rulerunner_bounded_flat_exact,BoundedEventRuleRunnerMonitor,bounded_exact_online,flat,exact_online,cpu,cpu,2207,1,32,1,False,2,18,success,0.005291489444466101,0.005291489444466101,0.00016535904513956566,188.98270713660995,,[]
rq2.v1,8fbfc9ee-0721-4dbb-8c63-46739b75d687,eventual_next_alias::rulerunner_bounded_flat_exact::cpu::r1::b64,eventual_next_alias,bounded_repair,rulerunner_bounded_flat_exact,BoundedEventRuleRunnerMonitor,bounded_exact_online,flat,exact_online,cpu,cpu,2207,1,32,64,False,2,2,success,0.03549842950087623,0.000554662960951191,1.733321752972472e-05,1802.8966604964946,,[]
rq2.v1,8fbfc9ee-0721-4dbb-8c63-46739b75d687,eventual_next_alias::rulerunner_bounded_flat_exact::cpu::r2::b1,eventual_next_alias,bounded_repair,rulerunner_bounded_flat_exact,BoundedEventRuleRunnerMonitor,bounded_exact_online,flat,exact_online,cpu,cpu,3301,2,32,1,False,2,16,success,0.006564417624986163,0.006564417624986163,0.0002051380507808176,152.33643822320155,,[]
rq2.v1,8fbfc9ee-0721-4dbb-8c63-46739b75d687,eventual_next_alias::rulerunner_bounded_flat_exact::cpu::r2::b64,eventual_next_alias,bounded_repair,rulerunner_bounded_flat_exact,BoundedEventRuleRunnerMonitor,bounded_exact_online,flat,exact_online,cpu,cpu,3301,2,32,64,False,2,2,success,0.03520618550101062,0.000550096648453291,1.7190520264165343e-05,1817.8623752966032,,[]
rq2.v1,8fbfc9ee-0721-4dbb-8c63-46739b75d687,eventual_next_alias::rulerunner_bounded_flat_exact::cpu::r3::b1,eventual_next_alias,bounded_repair,rulerunner_bounded_flat_exact,BoundedEventRuleRunnerMonitor,bounded_exact_online,flat,exact_online,cpu,cpu,4409,3,32,1,False,2,9,success,0.005846003666697975,0.005846003666697975,0.00018268761458431173,171.05702579294388,,[]
rq2.v1,8fbfc9ee-0721-4dbb-8c63-46739b75d687,eventual_next_alias::rulerunner_bounded_flat_exact::cpu::r3::b64,eventual_next_alias,bounded_repair,rulerunner_bounded_flat_exact,BoundedEventRuleRunnerMonitor,bounded_exact_online,flat,exact_online,cpu,cpu,4409,3,32,64,False,2,2,success,0.03590588400038541,0.0005610294375060221,1.753216992206319e-05,1782.4376639581699,,[]
rq2.v1,8fbfc9ee-0721-4dbb-8c63-46739b75d687,eventual_next_alias::rulerunner_bounded_flat_exact::cpu::r4::b1,eventual_next_alias,bounded_repair,rulerunner_bounded_flat_exact,BoundedEventRuleRunnerMonitor,bounded_exact_online,flat,exact_online,cpu,cpu,5501,4,32,1,False,2,18,success,0.005302907833336374,0.005302907833336374,0.00016571586979176168,188.57578359434558,,[]
rq2.v1,8fbfc9ee-0721-4dbb-8c63-46739b75d687,eventual_next_alias::rulerunner_bounded_flat_exact::cpu::r4::b64,eventual_next_alias,bounded_repair,rulerunner_bounded_flat_exact,BoundedEventRuleRunnerMonitor,bounded_exact_online,flat,exact_online,cpu,cpu,5501,4,32,64,False,2,2,success,0.035640841500935494,0.0005568881484521171,1.740275463912866e-05,1795.6927307207418,,[]
rq2.v1,8fbfc9ee-0721-4dbb-8c63-46739b75d687,eventual_next_alias::rulerunner_bounded_structured_default::cpu::r0::b1,eventual_next_alias,bounded_repair,rulerunner_bounded_structured_default,BoundedEventStructuredRuleRunnerMonitor,bounded_default,structured,sound_default,cpu,cpu,1103,0,32,1,False,2,12,success,0.007993453166515488,0.007993453166515488,0.000249795411453609,125.10237805470507,,[]
rq2.v1,8fbfc9ee-0721-4dbb-8c63-46739b75d687,eventual_next_alias::rulerunner_bounded_structured_default::cpu::r0::b64,eventual_next_alias,bounded_repair,rulerunner_bounded_structured_default,BoundedEventStructuredRuleRunnerMonitor,bounded_default,structured,sound_default,cpu,cpu,1103,0,32,64,False,2,2,success,0.037675138000849984,0.000588674031263281,1.839606347697753e-05,1698.732994649047,,[]
rq2.v1,8fbfc9ee-0721-4dbb-8c63-46739b75d687,eventual_next_alias::rulerunner_bounded_structured_default::cpu::r1::b1,eventual_next_alias,bounded_repair,rulerunner_bounded_structured_default,BoundedEventStructuredRuleRunnerMonitor,bounded_default,structured,sound_default,cpu,cpu,2207,1,32,1,False,2,12,success,0.007470912166657702,0.007470912166657702,0.0002334660052080532,133.85246375441926,,[]
rq2.v1,8fbfc9ee-0721-4dbb-8c63-46739b75d687,eventual_next_alias::rulerunner_bounded_structured_default::cpu::r1::b64,eventual_next_alias,bounded_repair,rulerunner_bounded_structured_default,BoundedEventStructuredRuleRunnerMonitor,bounded_default,structured,sound_default,cpu,cpu,2207,1,32,64,False,2,2,success,0.038041414500185056,0.0005943971015653915,1.8574909423918484e-05,1682.376978902524,,[]
rq2.v1,8fbfc9ee-0721-4dbb-8c63-46739b75d687,eventual_next_alias::rulerunner_bounded_structured_default::cpu::r2::b1,eventual_next_alias,bounded_repair,rulerunner_bounded_structured_default,BoundedEventStructuredRuleRunnerMonitor,bounded_default,structured,sound_default,cpu,cpu,3301,2,32,1,False,2,12,success,0.008621452833419122,0.008621452833419122,0.00026942040104434756,115.9897315825617,,[]
rq2.v1,8fbfc9ee-0721-4dbb-8c63-46739b75d687,eventual_next_alias::rulerunner_bounded_structured_default::cpu::r2::b64,eventual_next_alias,bounded_repair,rulerunner_bounded_structured_default,BoundedEventStructuredRuleRunnerMonitor,bounded_default,structured,sound_default,cpu,cpu,3301,2,32,64,False,2,2,success,0.0375340895006957,0.0005864701484483703,1.8327192139011572e-05,1705.1166246836426,,[]
rq2.v1,8fbfc9ee-0721-4dbb-8c63-46739b75d687,eventual_next_alias::rulerunner_bounded_structured_default::cpu::r3::b1,eventual_next_alias,bounded_repair,rulerunner_bounded_structured_default,BoundedEventStructuredRuleRunnerMonitor,bounded_default,structured,sound_default,cpu,cpu,4409,3,32,1,False,2,12,success,0.007603157583313684,0.007603157583313684,0.00023759867447855262,131.5243027705563,,[]
rq2.v1,8fbfc9ee-0721-4dbb-8c63-46739b75d687,eventual_next_alias::rulerunner_bounded_structured_default::cpu::r3::b64,eventual_next_alias,bounded_repair,rulerunner_bounded_structured_default,BoundedEventStructuredRuleRunnerMonitor,bounded_default,structured,sound_default,cpu,cpu,4409,3,32,64,False,2,2,success,0.038865244499902474,0.0006072694453109762,1.8977170165968005e-05,1646.7154863816847,,[]
rq2.v1,8fbfc9ee-0721-4dbb-8c63-46739b75d687,eventual_next_alias::rulerunner_bounded_structured_default::cpu::r4::b1,eventual_next_alias,bounded_repair,rulerunner_bounded_structured_default,BoundedEventStructuredRuleRunnerMonitor,bounded_default,structured,sound_default,cpu,cpu,5501,4,32,1,False,2,6,success,0.00867562983330572,0.00867562983330572,0.00027111343229080376,115.26540657152091,,[]
rq2.v1,8fbfc9ee-0721-4dbb-8c63-46739b75d687,eventual_next_alias::rulerunner_bounded_structured_default::cpu::r4::b64,eventual_next_alias,bounded_repair,rulerunner_bounded_structured_default,BoundedEventStructuredRuleRunnerMonitor,bounded_default,structured,sound_default,cpu,cpu,5501,4,32,64,False,2,2,success,0.0405411110004934,0.0006334548593827094,1.979546435570967e-05,1578.6444530151405,,[]
rq2.v1,8fbfc9ee-0721-4dbb-8c63-46739b75d687,eventual_next_alias::rulerunner_bounded_structured_exact::cpu::r0::b1,eventual_next_alias,bounded_repair,rulerunner_bounded_structured_exact,BoundedEventStructuredRuleRunnerMonitor,bounded_exact_online,structured,exact_online,cpu,cpu,1103,0,32,1,False,2,10,success,0.007622930199795519,0.007622930199795519,0.00023821656874360996,131.18315054581302,,[]
rq2.v1,8fbfc9ee-0721-4dbb-8c63-46739b75d687,eventual_next_alias::rulerunner_bounded_structured_exact::cpu::r0::b64,eventual_next_alias,bounded_repair,rulerunner_bounded_structured_exact,BoundedEventStructuredRuleRunnerMonitor,bounded_exact_online,structured,exact_online,cpu,cpu,1103,0,32,64,False,2,2,success,0.03849255000022822,0.000601446093753566,1.8795190429798936e-05,1662.6593977177545,,[]
rq2.v1,8fbfc9ee-0721-4dbb-8c63-46739b75d687,eventual_next_alias::rulerunner_bounded_structured_exact::cpu::r1::b1,eventual_next_alias,bounded_repair,rulerunner_bounded_structured_exact,BoundedEventStructuredRuleRunnerMonitor,bounded_exact_online,structured,exact_online,cpu,cpu,2207,1,32,1,False,2,12,success,0.007841484916449796,0.007841484916449796,0.0002450464036390561,127.52686648701054,,[]
rq2.v1,8fbfc9ee-0721-4dbb-8c63-46739b75d687,eventual_next_alias::rulerunner_bounded_structured_exact::cpu::r1::b64,eventual_next_alias,bounded_repair,rulerunner_bounded_structured_exact,BoundedEventStructuredRuleRunnerMonitor,bounded_exact_online,structured,exact_online,cpu,cpu,2207,1,32,64,False,2,2,success,0.04171138899982907,0.0006517404531223292,2.0366889160072787e-05,1534.3531235620628,,[]
rq2.v1,8fbfc9ee-0721-4dbb-8c63-46739b75d687,eventual_next_alias::rulerunner_bounded_structured_exact::cpu::r2::b1,eventual_next_alias,bounded_repair,rulerunner_bounded_structured_exact,BoundedEventStructuredRuleRunnerMonitor,bounded_exact_online,structured,exact_online,cpu,cpu,3301,2,32,1,False,2,10,success,0.00818326820008224,0.00818326820008224,0.00025572713125257,122.20056529369896,,[]
rq2.v1,8fbfc9ee-0721-4dbb-8c63-46739b75d687,eventual_next_alias::rulerunner_bounded_structured_exact::cpu::r2::b64,eventual_next_alias,bounded_repair,rulerunner_bounded_structured_exact,BoundedEventStructuredRuleRunnerMonitor,bounded_exact_online,structured,exact_online,cpu,cpu,3301,2,32,64,False,2,2,success,0.03930292500081123,0.0006141082031376754,1.9190881348052358e-05,1628.377531664094,,[]
rq2.v1,8fbfc9ee-0721-4dbb-8c63-46739b75d687,eventual_next_alias::rulerunner_bounded_structured_exact::cpu::r3::b1,eventual_next_alias,bounded_repair,rulerunner_bounded_structured_exact,BoundedEventStructuredRuleRunnerMonitor,bounded_exact_online,structured,exact_online,cpu,cpu,4409,3,32,1,False,2,8,success,0.008367235499918024,0.008367235499918024,0.00026147610937243826,119.51378684271492,,[]
rq2.v1,8fbfc9ee-0721-4dbb-8c63-46739b75d687,eventual_next_alias::rulerunner_bounded_structured_exact::cpu::r3::b64,eventual_next_alias,bounded_repair,rulerunner_bounded_structured_exact,BoundedEventStructuredRuleRunnerMonitor,bounded_exact_online,structured,exact_online,cpu,cpu,4409,3,32,64,False,2,2,success,0.03941980950003199,0.0006159345234379998,1.9247953857437494e-05,1623.5491954862964,,[]
rq2.v1,8fbfc9ee-0721-4dbb-8c63-46739b75d687,eventual_next_alias::rulerunner_bounded_structured_exact::cpu::r4::b1,eventual_next_alias,bounded_repair,rulerunner_bounded_structured_exact,BoundedEventStructuredRuleRunnerMonitor,bounded_exact_online,structured,exact_online,cpu,cpu,5501,4,32,1,False,2,10,success,0.008436939099919983,0.008436939099919983,0.00026365434687249947,118.52639780337921,,[]
rq2.v1,8fbfc9ee-0721-4dbb-8c63-46739b75d687,eventual_next_alias::rulerunner_bounded_structured_exact::cpu::r4::b64,eventual_next_alias,bounded_repair,rulerunner_bounded_structured_exact,BoundedEventStructuredRuleRunnerMonitor,bounded_exact_online,structured,exact_online,cpu,cpu,5501,4,32,64,False,2,2,success,0.03730805949999194,0.0005829384296873741,1.821682592773044e-05,1715.4470336366282,,[]
rq2.v1,8fbfc9ee-0721-4dbb-8c63-46739b75d687,eventual_next_alias::rulerunner_progression_flat::cpu::r0::b1,eventual_next_alias,bounded_repair,rulerunner_progression_flat,ProgressionRuleRunnerMonitor,progression,flat,exact,cpu,cpu,1103,0,32,1,False,2,20,success,0.002540495799985365,0.002540495799985365,7.939049374954266e-05,393.62395324792925,,[]
rq2.v1,8fbfc9ee-0721-4dbb-8c63-46739b75d687,eventual_next_alias::rulerunner_progression_flat::cpu::r0::b64,eventual_next_alias,bounded_repair,rulerunner_progression_flat,ProgressionRuleRunnerMonitor,progression,flat,exact,cpu,cpu,1103,0,32,64,False,2,24,success,0.004061701999944489,6.346409374913264e-05,1.983252929660395e-06,15756.941302162168,,[]
rq2.v1,8fbfc9ee-0721-4dbb-8c63-46739b75d687,eventual_next_alias::rulerunner_progression_flat::cpu::r1::b1,eventual_next_alias,bounded_repair,rulerunner_progression_flat,ProgressionRuleRunnerMonitor,progression,flat,exact,cpu,cpu,2207,1,32,1,False,2,40,success,0.0027533089250027843,0.0027533089250027843,8.604090390633701e-05,363.1993456742195,,[]
rq2.v1,8fbfc9ee-0721-4dbb-8c63-46739b75d687,eventual_next_alias::rulerunner_progression_flat::cpu::r1::b64,eventual_next_alias,bounded_repair,rulerunner_progression_flat,ProgressionRuleRunnerMonitor,progression,flat,exact,cpu,cpu,2207,1,32,64,False,2,13,success,0.003932613384677097,6.144708413557964e-05,1.920221379236864e-06,16274.165227979809,,[]
rq2.v1,8fbfc9ee-0721-4dbb-8c63-46739b75d687,eventual_next_alias::rulerunner_progression_flat::cpu::r2::b1,eventual_next_alias,bounded_repair,rulerunner_progression_flat,ProgressionRuleRunnerMonitor,progression,flat,exact,cpu,cpu,3301,2,32,1,False,2,19,success,0.0027448232632243737,0.0027448232632243737,8.577572697576168e-05,364.32218183158693,,[]
rq2.v1,8fbfc9ee-0721-4dbb-8c63-46739b75d687,eventual_next_alias::rulerunner_progression_flat::cpu::r2::b64,eventual_next_alias,bounded_repair,rulerunner_progression_flat,ProgressionRuleRunnerMonitor,progression,flat,exact,cpu,cpu,3301,2,32,64,False,2,26,success,0.0039603595769921625,6.188061839050254e-05,1.9337693247032043e-06,16160.148783411001,,[]
rq2.v1,8fbfc9ee-0721-4dbb-8c63-46739b75d687,eventual_next_alias::rulerunner_progression_flat::cpu::r3::b1,eventual_next_alias,bounded_repair,rulerunner_progression_flat,ProgressionRuleRunnerMonitor,progression,flat,exact,cpu,cpu,4409,3,32,1,False,2,20,success,0.00261438335001003,0.00261438335001003,8.169947968781344e-05,382.499375998613,,[]
rq2.v1,8fbfc9ee-0721-4dbb-8c63-46739b75d687,eventual_next_alias::rulerunner_progression_flat::cpu::r3::b64,eventual_next_alias,bounded_repair,rulerunner_progression_flat,ProgressionRuleRunnerMonitor,progression,flat,exact,cpu,cpu,4409,3,32,64,False,2,26,success,0.003679428692311586,5.749107331736853e-05,1.7965960411677665e-06,17394.004708864806,,[]
rq2.v1,8fbfc9ee-0721-4dbb-8c63-46739b75d687,eventual_next_alias::rulerunner_progression_flat::cpu::r4::b1,eventual_next_alias,bounded_repair,rulerunner_progression_flat,ProgressionRuleRunnerMonitor,progression,flat,exact,cpu,cpu,5501,4,32,1,False,2,20,success,0.002667421050136909,0.002667421050136909,8.335690781677841e-05,374.89394482684827,,[]
rq2.v1,8fbfc9ee-0721-4dbb-8c63-46739b75d687,eventual_next_alias::rulerunner_progression_flat::cpu::r4::b64,eventual_next_alias,bounded_repair,rulerunner_progression_flat,ProgressionRuleRunnerMonitor,progression,flat,exact,cpu,cpu,5501,4,32,64,False,2,24,success,0.00411737741660545,6.433402213446016e-05,2.01043819170188e-06,15543.875026342486,,[]
rq2.v1,8fbfc9ee-0721-4dbb-8c63-46739b75d687,eventual_next_alias::rulerunner_progression_structured::cpu::r0::b1,eventual_next_alias,bounded_repair,rulerunner_progression_structured,ProgressionRuleRunnerStructuredMonitor,progression,structured,exact,cpu,cpu,1103,0,32,1,False,2,6,success,0.014597322666304535,0.014597322666304535,0.0004561663333220167,68.50571319549796,,[]
rq2.v1,8fbfc9ee-0721-4dbb-8c63-46739b75d687,eventual_next_alias::rulerunner_progression_structured::cpu::r0::b64,eventual_next_alias,bounded_repair,rulerunner_progression_structured,ProgressionRuleRunnerStructuredMonitor,progression,structured,exact,cpu,cpu,1103,0,32,64,False,2,4,success,0.02109590525014937,0.00032962351953358393,1.0300734985424498e-05,3033.7640997675053,,[]
rq2.v1,8fbfc9ee-0721-4dbb-8c63-46739b75d687,eventual_next_alias::rulerunner_progression_structured::cpu::r1::b1,eventual_next_alias,bounded_repair,rulerunner_progression_structured,ProgressionRuleRunnerStructuredMonitor,progression,structured,exact,cpu,cpu,2207,1,32,1,False,2,6,success,0.01533300666657548,0.01533300666657548,0.00047915645833048376,65.21878074832553,,[]
rq2.v1,8fbfc9ee-0721-4dbb-8c63-46739b75d687,eventual_next_alias::rulerunner_progression_structured::cpu::r1::b64,eventual_next_alias,bounded_repair,rulerunner_progression_structured,ProgressionRuleRunnerStructuredMonitor,progression,structured,exact,cpu,cpu,2207,1,32,64,False,2,4,success,0.018047859999569482,0.00028199781249327316,8.812431640414786e-06,3546.126798497255,,[]
rq2.v1,8fbfc9ee-0721-4dbb-8c63-46739b75d687,eventual_next_alias::rulerunner_progression_structured::cpu::r2::b1,eventual_next_alias,bounded_repair,rulerunner_progression_structured,ProgressionRuleRunnerStructuredMonitor,progression,structured,exact,cpu,cpu,3301,2,32,1,False,2,6,success,0.014608332833328555,0.014608332833328555,0.00045651040104151736,68.45408106519345,,[]
rq2.v1,8fbfc9ee-0721-4dbb-8c63-46739b75d687,eventual_next_alias::rulerunner_progression_structured::cpu::r2::b64,eventual_next_alias,bounded_repair,rulerunner_progression_structured,ProgressionRuleRunnerStructuredMonitor,progression,structured,exact,cpu,cpu,3301,2,32,64,False,2,4,success,0.018019508499492076,0.0002815548203045637,8.798588134517615e-06,3551.706196748041,,[]
rq2.v1,8fbfc9ee-0721-4dbb-8c63-46739b75d687,eventual_next_alias::rulerunner_progression_structured::cpu::r3::b1,eventual_next_alias,bounded_repair,rulerunner_progression_structured,ProgressionRuleRunnerStructuredMonitor,progression,structured,exact,cpu,cpu,4409,3,32,1,False,2,6,success,0.014078690333311291,0.014078690333311291,0.00043995907291597786,71.02933414437855,,[]
rq2.v1,8fbfc9ee-0721-4dbb-8c63-46739b75d687,eventual_next_alias::rulerunner_progression_structured::cpu::r3::b64,eventual_next_alias,bounded_repair,rulerunner_progression_structured,ProgressionRuleRunnerStructuredMonitor,progression,structured,exact,cpu,cpu,4409,3,32,64,False,2,4,success,0.018079476750244794,0.0002824918242225749,8.827869506955466e-06,3539.925457142085,,[]
rq2.v1,8fbfc9ee-0721-4dbb-8c63-46739b75d687,eventual_next_alias::rulerunner_progression_structured::cpu::r4::b1,eventual_next_alias,bounded_repair,rulerunner_progression_structured,ProgressionRuleRunnerStructuredMonitor,progression,structured,exact,cpu,cpu,5501,4,32,1,False,2,6,success,0.014868647499800621,0.014868647499800621,0.0004646452343687694,67.25561286010777,,[]
rq2.v1,8fbfc9ee-0721-4dbb-8c63-46739b75d687,eventual_next_alias::rulerunner_progression_structured::cpu::r4::b64,eventual_next_alias,bounded_repair,rulerunner_progression_structured,ProgressionRuleRunnerStructuredMonitor,progression,structured,exact,cpu,cpu,5501,4,32,64,False,2,4,success,0.01873553350014845,0.0002927427109398195,9.14820971686936e-06,3415.9689127343454,,[]
rq2.v1,8fbfc9ee-0721-4dbb-8c63-46739b75d687,next_offset_alias::rulerunner_bounded_flat_default::cpu::r0::b1,next_offset_alias,bounded_repair_late_default,rulerunner_bounded_flat_default,BoundedEventRuleRunnerMonitor,bounded_default,flat,sound_default,cpu,cpu,1103,0,32,1,False,2,18,success,0.005183539611203337,0.005183539611203337,0.00016198561285010428,192.91836756464068,,[]
rq2.v1,8fbfc9ee-0721-4dbb-8c63-46739b75d687,next_offset_alias::rulerunner_bounded_flat_default::cpu::r0::b64,next_offset_alias,bounded_repair_late_default,rulerunner_bounded_flat_default,BoundedEventRuleRunnerMonitor,bounded_default,flat,sound_default,cpu,cpu,1103,0,32,64,False,2,2,success,0.04438757999923837,0.0006935559374880995,2.167362304650311e-05,1441.8447683135273,,[]
rq2.v1,8fbfc9ee-0721-4dbb-8c63-46739b75d687,next_offset_alias::rulerunner_bounded_flat_default::cpu::r1::b1,next_offset_alias,bounded_repair_late_default,rulerunner_bounded_flat_default,BoundedEventRuleRunnerMonitor,bounded_default,flat,sound_default,cpu,cpu,2207,1,32,1,False,2,18,success,0.005022116222082534,0.005022116222082534,0.00015694113194007918,199.11924690291764,,[]
rq2.v1,8fbfc9ee-0721-4dbb-8c63-46739b75d687,next_offset_alias::rulerunner_bounded_flat_default::cpu::r1::b64,next_offset_alias,bounded_repair_late_default,rulerunner_bounded_flat_default,BoundedEventRuleRunnerMonitor,bounded_default,flat,sound_default,cpu,cpu,2207,1,32,64,False,2,2,success,0.040511573999538086,0.0006329933437427826,1.9781041991961956e-05,1579.795443167173,,[]
rq2.v1,8fbfc9ee-0721-4dbb-8c63-46739b75d687,next_offset_alias::rulerunner_bounded_flat_default::cpu::r2::b1,next_offset_alias,bounded_repair_late_default,rulerunner_bounded_flat_default,BoundedEventRuleRunnerMonitor,bounded_default,flat,sound_default,cpu,cpu,3301,2,32,1,False,2,18,success,0.005076937388973117,0.005076937388973117,0.0001586542934054099,196.96914170577634,,[]
rq2.v1,8fbfc9ee-0721-4dbb-8c63-46739b75d687,next_offset_alias::rulerunner_bounded_flat_default::cpu::r2::b64,next_offset_alias,bounded_repair_late_default,rulerunner_bounded_flat_default,BoundedEventRuleRunnerMonitor,bounded_default,flat,sound_default,cpu,cpu,3301,2,32,64,False,2,2,success,0.03939551549956377,0.0006155549296806839,1.9236091552521373e-05,1624.5503882468215,,[]
rq2.v1,8fbfc9ee-0721-4dbb-8c63-46739b75d687,next_offset_alias::rulerunner_bounded_flat_default::cpu::r3::b1,next_offset_alias,bounded_repair_late_default,rulerunner_bounded_flat_default,BoundedEventRuleRunnerMonitor,bounded_default,flat,sound_default,cpu,cpu,4409,3,32,1,False,2,18,success,0.0052860613335118005,0.0052860613335118005,0.00016518941667224377,189.17676827931334,,[]
rq2.v1,8fbfc9ee-0721-4dbb-8c63-46739b75d687,next_offset_alias::rulerunner_bounded_flat_default::cpu::r3::b64,next_offset_alias,bounded_repair_late_default,rulerunner_bounded_flat_default,BoundedEventRuleRunnerMonitor,bounded_default,flat,sound_default,cpu,cpu,4409,3,32,64,False,2,2,success,0.044613210500756395,0.0006970814140743187,2.178379418982246e-05,1434.552664595051,,[]
rq2.v1,8fbfc9ee-0721-4dbb-8c63-46739b75d687,next_offset_alias::rulerunner_bounded_flat_default::cpu::r4::b1,next_offset_alias,bounded_repair_late_default,rulerunner_bounded_flat_default,BoundedEventRuleRunnerMonitor,bounded_default,flat,sound_default,cpu,cpu,5501,4,32,1,False,2,16,success,0.005942540062505941,0.005942540062505941,0.00018570437695331066,168.27820923066773,,[]
rq2.v1,8fbfc9ee-0721-4dbb-8c63-46739b75d687,next_offset_alias::rulerunner_bounded_flat_default::cpu::r4::b64,next_offset_alias,bounded_repair_late_default,rulerunner_bounded_flat_default,BoundedEventRuleRunnerMonitor,bounded_default,flat,sound_default,cpu,cpu,5501,4,32,64,False,2,2,success,0.03990671299834503,0.0006235423905991411,1.948569970622316e-05,1603.7402028739912,,[]
rq2.v1,8fbfc9ee-0721-4dbb-8c63-46739b75d687,next_offset_alias::rulerunner_bounded_flat_exact::cpu::r0::b1,next_offset_alias,bounded_repair_late_default,rulerunner_bounded_flat_exact,BoundedEventRuleRunnerMonitor,bounded_exact_online,flat,exact_online,cpu,cpu,1103,0,32,1,False,2,16,success,0.005130050624984506,0.005130050624984506,0.0001603140820307658,194.92985022989325,,[]
rq2.v1,8fbfc9ee-0721-4dbb-8c63-46739b75d687,next_offset_alias::rulerunner_bounded_flat_exact::cpu::r0::b64,next_offset_alias,bounded_repair_late_default,rulerunner_bounded_flat_exact,BoundedEventRuleRunnerMonitor,bounded_exact_online,flat,exact_online,cpu,cpu,1103,0,32,64,False,2,2,success,0.03874129200085008,0.0006053326875132825,1.891664648479008e-05,1651.9841413289903,,[]
rq2.v1,8fbfc9ee-0721-4dbb-8c63-46739b75d687,next_offset_alias::rulerunner_bounded_flat_exact::cpu::r1::b1,next_offset_alias,bounded_repair_late_default,rulerunner_bounded_flat_exact,BoundedEventRuleRunnerMonitor,bounded_exact_online,flat,exact_online,cpu,cpu,2207,1,32,1,False,2,18,success,0.0049411993889710475,0.0049411993889710475,0.00015441248090534523,202.3800136930397,,[]
rq2.v1,8fbfc9ee-0721-4dbb-8c63-46739b75d687,next_offset_alias::rulerunner_bounded_flat_exact::cpu::r1::b64,next_offset_alias,bounded_repair_late_default,rulerunner_bounded_flat_exact,BoundedEventRuleRunnerMonitor,bounded_exact_online,flat,exact_online,cpu,cpu,2207,1,32,64,False,2,2,success,0.04239570300160267,0.0006624328594000417,2.0701026856251303e-05,1509.5869502996713,,[]
rq2.v1,8fbfc9ee-0721-4dbb-8c63-46739b75d687,next_offset_alias::rulerunner_bounded_flat_exact::cpu::r2::b1,next_offset_alias,bounded_repair_late_default,rulerunner_bounded_flat_exact,BoundedEventRuleRunnerMonitor,bounded_exact_online,flat,exact_online,cpu,cpu,3301,2,32,1,False,2,20,success,0.004797937150033249,0.004797937150033249,0.00014993553593853904,208.4229052464912,,[]
rq2.v1,8fbfc9ee-0721-4dbb-8c63-46739b75d687,next_offset_alias::rulerunner_bounded_flat_exact::cpu::r2::b64,next_offset_alias,bounded_repair_late_default,rulerunner_bounded_flat_exact,BoundedEventRuleRunnerMonitor,bounded_exact_online,flat,exact_online,cpu,cpu,3301,2,32,64,False,2,2,success,0.042014095499325776,0.0006564702421769653,2.0514695068030164e-05,1523.2982940457935,,[]
rq2.v1,8fbfc9ee-0721-4dbb-8c63-46739b75d687,next_offset_alias::rulerunner_bounded_flat_exact::cpu::r3::b1,next_offset_alias,bounded_repair_late_default,rulerunner_bounded_flat_exact,BoundedEventRuleRunnerMonitor,bounded_exact_online,flat,exact_online,cpu,cpu,4409,3,32,1,False,2,20,success,0.005151015899900813,0.005151015899900813,0.0001609692468719004,194.1364615122341,,[]
rq2.v1,8fbfc9ee-0721-4dbb-8c63-46739b75d687,next_offset_alias::rulerunner_bounded_flat_exact::cpu::r3::b64,next_offset_alias,bounded_repair_late_default,rulerunner_bounded_flat_exact,BoundedEventRuleRunnerMonitor,bounded_exact_online,flat,exact_online,cpu,cpu,4409,3,32,64,False,2,2,success,0.04010895249848545,0.0006267023827888352,1.95844494621511e-05,1595.653738461923,,[]
rq2.v1,8fbfc9ee-0721-4dbb-8c63-46739b75d687,next_offset_alias::rulerunner_bounded_flat_exact::cpu::r4::b1,next_offset_alias,bounded_repair_late_default,rulerunner_bounded_flat_exact,BoundedEventRuleRunnerMonitor,bounded_exact_online,flat,exact_online,cpu,cpu,5501,4,32,1,False,2,20,success,0.005001289100073336,0.005001289100073336,0.00015629028437729174,199.94844928787194,,[]
rq2.v1,8fbfc9ee-0721-4dbb-8c63-46739b75d687,next_offset_alias::rulerunner_bounded_flat_exact::cpu::r4::b64,next_offset_alias,bounded_repair_late_default,rulerunner_bounded_flat_exact,BoundedEventRuleRunnerMonitor,bounded_exact_online,flat,exact_online,cpu,cpu,5501,4,32,64,False,2,2,success,0.0427065855001274,0.0006672903984394907,2.0852824951234084e-05,1498.597915298311,,[]
rq2.v1,8fbfc9ee-0721-4dbb-8c63-46739b75d687,next_offset_alias::rulerunner_bounded_structured_default::cpu::r0::b1,next_offset_alias,bounded_repair_late_default,rulerunner_bounded_structured_default,BoundedEventStructuredRuleRunnerMonitor,bounded_default,structured,sound_default,cpu,cpu,1103,0,32,1,False,2,18,success,0.00547170794440414,0.00547170794440414,0.00017099087326262938,182.75829232126503,,[]
rq2.v1,8fbfc9ee-0721-4dbb-8c63-46739b75d687,next_offset_alias::rulerunner_bounded_structured_default::cpu::r0::b64,next_offset_alias,bounded_repair_late_default,rulerunner_bounded_structured_default,BoundedEventStructuredRuleRunnerMonitor,bounded_default,structured,sound_default,cpu,cpu,1103,0,32,64,False,2,2,success,0.03214661849960976,0.0005022909140564025,1.5696591064262577e-05,1990.878138575506,,[]
rq2.v1,8fbfc9ee-0721-4dbb-8c63-46739b75d687,next_offset_alias::rulerunner_bounded_structured_default::cpu::r1::b1,next_offset_alias,bounded_repair_late_default,rulerunner_bounded_structured_default,BoundedEventStructuredRuleRunnerMonitor,bounded_default,structured,sound_default,cpu,cpu,2207,1,32,1,False,2,18,success,0.005747133555511634,0.005747133555511634,0.00017959792360973856,173.99978447359675,,[]
rq2.v1,8fbfc9ee-0721-4dbb-8c63-46739b75d687,next_offset_alias::rulerunner_bounded_structured_default::cpu::r1::b64,next_offset_alias,bounded_repair_late_default,rulerunner_bounded_structured_default,BoundedEventStructuredRuleRunnerMonitor,bounded_default,structured,sound_default,cpu,cpu,2207,1,32,64,False,2,2,success,0.03224357600083749,0.0005038058750130858,1.5743933594158932e-05,1984.8915020572676,,[]
rq2.v1,8fbfc9ee-0721-4dbb-8c63-46739b75d687,next_offset_alias::rulerunner_bounded_structured_default::cpu::r2::b1,next_offset_alias,bounded_repair_late_default,rulerunner_bounded_structured_default,BoundedEventStructuredRuleRunnerMonitor,bounded_default,structured,sound_default,cpu,cpu,3301,2,32,1,False,2,18,success,0.005329081611004464,0.005329081611004464,0.0001665338003438895,187.64959386904803,,[]
rq2.v1,8fbfc9ee-0721-4dbb-8c63-46739b75d687,next_offset_alias::rulerunner_bounded_structured_default::cpu::r2::b64,next_offset_alias,bounded_repair_late_default,rulerunner_bounded_structured_default,BoundedEventStructuredRuleRunnerMonitor,bounded_default,structured,sound_default,cpu,cpu,3301,2,32,64,False,2,2,success,0.031704447501397226,0.0004953819922093317,1.5480687256541614e-05,2018.6442295573672,,[]
rq2.v1,8fbfc9ee-0721-4dbb-8c63-46739b75d687,next_offset_alias::rulerunner_bounded_structured_default::cpu::r3::b1,next_offset_alias,bounded_repair_late_default,rulerunner_bounded_structured_default,BoundedEventStructuredRuleRunnerMonitor,bounded_default,structured,sound_default,cpu,cpu,4409,3,32,1,False,2,18,success,0.005243292499977138,0.005243292499977138,0.00016385289062428556,190.71985780010561,,[]
rq2.v1,8fbfc9ee-0721-4dbb-8c63-46739b75d687,next_offset_alias::rulerunner_bounded_structured_default::cpu::r3::b64,next_offset_alias,bounded_repair_late_default,rulerunner_bounded_structured_default,BoundedEventStructuredRuleRunnerMonitor,bounded_default,structured,sound_default,cpu,cpu,4409,3,32,64,False,2,2,success,0.03252544899987697,0.0005082101406230777,1.5881566894471177e-05,1967.6899771696335,,[]
rq2.v1,8fbfc9ee-0721-4dbb-8c63-46739b75d687,next_offset_alias::rulerunner_bounded_structured_default::cpu::r4::b1,next_offset_alias,bounded_repair_late_default,rulerunner_bounded_structured_default,BoundedEventStructuredRuleRunnerMonitor,bounded_default,structured,sound_default,cpu,cpu,5501,4,32,1,False,2,18,success,0.0051653168888555635,0.0051653168888555635,0.00016141615277673636,193.59896430702082,,[]
rq2.v1,8fbfc9ee-0721-4dbb-8c63-46739b75d687,next_offset_alias::rulerunner_bounded_structured_default::cpu::r4::b64,next_offset_alias,bounded_repair_late_default,rulerunner_bounded_structured_default,BoundedEventStructuredRuleRunnerMonitor,bounded_default,structured,sound_default,cpu,cpu,5501,4,32,64,False,2,2,success,0.03269501850081724,0.0005108596640752694,1.596436450235217e-05,1957.4847464423444,,[]
rq2.v1,8fbfc9ee-0721-4dbb-8c63-46739b75d687,next_offset_alias::rulerunner_bounded_structured_exact::cpu::r0::b1,next_offset_alias,bounded_repair_late_default,rulerunner_bounded_structured_exact,BoundedEventStructuredRuleRunnerMonitor,bounded_exact_online,structured,exact_online,cpu,cpu,1103,0,32,1,False,2,18,success,0.005157423055506014,0.005157423055506014,0.00016116947048456294,193.8952824380792,,[]
rq2.v1,8fbfc9ee-0721-4dbb-8c63-46739b75d687,next_offset_alias::rulerunner_bounded_structured_exact::cpu::r0::b64,next_offset_alias,bounded_repair_late_default,rulerunner_bounded_structured_exact,BoundedEventStructuredRuleRunnerMonitor,bounded_exact_online,structured,exact_online,cpu,cpu,1103,0,32,64,False,2,2,success,0.03288674000032188,0.0005138553125050294,1.6057978515782168e-05,1946.0730981354066,,[]
rq2.v1,8fbfc9ee-0721-4dbb-8c63-46739b75d687,next_offset_alias::rulerunner_bounded_structured_exact::cpu::r1::b1,next_offset_alias,bounded_repair_late_default,rulerunner_bounded_structured_exact,BoundedEventStructuredRuleRunnerMonitor,bounded_exact_online,structured,exact_online,cpu,cpu,2207,1,32,1,False,2,18,success,0.005170543500046026,0.005170543500046026,0.0001615794843764383,193.40326601857203,,[]
rq2.v1,8fbfc9ee-0721-4dbb-8c63-46739b75d687,next_offset_alias::rulerunner_bounded_structured_exact::cpu::r1::b64,next_offset_alias,bounded_repair_late_default,rulerunner_bounded_structured_exact,BoundedEventStructuredRuleRunnerMonitor,bounded_exact_online,structured,exact_online,cpu,cpu,2207,1,32,64,False,2,2,success,0.032221858000411885,0.0005034665312564357,1.5733329101763616e-05,1986.2293477670314,,[]
rq2.v1,8fbfc9ee-0721-4dbb-8c63-46739b75d687,next_offset_alias::rulerunner_bounded_structured_exact::cpu::r2::b1,next_offset_alias,bounded_repair_late_default,rulerunner_bounded_structured_exact,BoundedEventStructuredRuleRunnerMonitor,bounded_exact_online,structured,exact_online,cpu,cpu,3301,2,32,1,False,2,18,success,0.0053813396110247895,0.0053813396110247895,0.00016816686284452467,185.8273352514851,,[]
rq2.v1,8fbfc9ee-0721-4dbb-8c63-46739b75d687,next_offset_alias::rulerunner_bounded_structured_exact::cpu::r2::b64,next_offset_alias,bounded_repair_late_default,rulerunner_bounded_structured_exact,BoundedEventStructuredRuleRunnerMonitor,bounded_exact_online,structured,exact_online,cpu,cpu,3301,2,32,64,False,2,2,success,0.03179276000082609,0.0004967618750129077,1.5523808594153365e-05,2013.0369303683306,,[]
rq2.v1,8fbfc9ee-0721-4dbb-8c63-46739b75d687,next_offset_alias::rulerunner_bounded_structured_exact::cpu::r3::b1,next_offset_alias,bounded_repair_late_default,rulerunner_bounded_structured_exact,BoundedEventStructuredRuleRunnerMonitor,bounded_exact_online,structured,exact_online,cpu,cpu,4409,3,32,1,False,2,18,success,0.005933982444629591,0.005933982444629591,0.00018543695139467472,168.52088952589102,,[]
rq2.v1,8fbfc9ee-0721-4dbb-8c63-46739b75d687,next_offset_alias::rulerunner_bounded_structured_exact::cpu::r3::b64,next_offset_alias,bounded_repair_late_default,rulerunner_bounded_structured_exact,BoundedEventStructuredRuleRunnerMonitor,bounded_exact_online,structured,exact_online,cpu,cpu,4409,3,32,64,False,2,2,success,0.03350412950021564,0.0005235020234408694,1.6359438232527168e-05,1910.2122918784708,,[]
rq2.v1,8fbfc9ee-0721-4dbb-8c63-46739b75d687,next_offset_alias::rulerunner_bounded_structured_exact::cpu::r4::b1,next_offset_alias,bounded_repair_late_default,rulerunner_bounded_structured_exact,BoundedEventStructuredRuleRunnerMonitor,bounded_exact_online,structured,exact_online,cpu,cpu,5501,4,32,1,False,2,9,success,0.00563472022258793,0.00563472022258793,0.00017608500695587281,177.47110069303798,,[]
rq2.v1,8fbfc9ee-0721-4dbb-8c63-46739b75d687,next_offset_alias::rulerunner_bounded_structured_exact::cpu::r4::b64,next_offset_alias,bounded_repair_late_default,rulerunner_bounded_structured_exact,BoundedEventStructuredRuleRunnerMonitor,bounded_exact_online,structured,exact_online,cpu,cpu,5501,4,32,64,False,2,2,success,0.032214820999797666,0.0005033565781218385,1.5729893066307454e-05,1986.6632194045706,,[]
rq2.v1,8fbfc9ee-0721-4dbb-8c63-46739b75d687,next_offset_alias::rulerunner_progression_flat::cpu::r0::b1,next_offset_alias,bounded_repair_late_default,rulerunner_progression_flat,ProgressionRuleRunnerMonitor,progression,flat,exact,cpu,cpu,1103,0,32,1,False,2,21,success,0.00250536161911441,0.00250536161911441,7.829255059732532e-05,399.1439768098139,,[]
rq2.v1,8fbfc9ee-0721-4dbb-8c63-46739b75d687,next_offset_alias::rulerunner_progression_flat::cpu::r0::b64,next_offset_alias,bounded_repair_late_default,rulerunner_progression_flat,ProgressionRuleRunnerMonitor,progression,flat,exact,cpu,cpu,1103,0,32,64,False,2,26,success,0.003538539499948876,5.528967968670119e-05,1.727802490209412e-06,18086.558027944764,,[]
rq2.v1,8fbfc9ee-0721-4dbb-8c63-46739b75d687,next_offset_alias::rulerunner_progression_flat::cpu::r1::b1,next_offset_alias,bounded_repair_late_default,rulerunner_progression_flat,ProgressionRuleRunnerMonitor,progression,flat,exact,cpu,cpu,2207,1,32,1,False,2,40,success,0.0024229532250501506,0.0024229532250501506,7.571728828281721e-05,412.7194820194277,,[]
rq2.v1,8fbfc9ee-0721-4dbb-8c63-46739b75d687,next_offset_alias::rulerunner_progression_flat::cpu::r1::b64,next_offset_alias,bounded_repair_late_default,rulerunner_progression_flat,ProgressionRuleRunnerMonitor,progression,flat,exact,cpu,cpu,2207,1,32,64,False,2,14,success,0.003630558214354096,5.672747209928275e-05,1.772733503102586e-06,17628.14317284982,,[]
rq2.v1,8fbfc9ee-0721-4dbb-8c63-46739b75d687,next_offset_alias::rulerunner_progression_flat::cpu::r2::b1,next_offset_alias,bounded_repair_late_default,rulerunner_progression_flat,ProgressionRuleRunnerMonitor,progression,flat,exact,cpu,cpu,3301,2,32,1,False,2,32,success,0.002446306593810732,0.002446306593810732,7.644708105658538e-05,408.7795056147279,,[]
rq2.v1,8fbfc9ee-0721-4dbb-8c63-46739b75d687,next_offset_alias::rulerunner_progression_flat::cpu::r2::b64,next_offset_alias,bounded_repair_late_default,rulerunner_progression_flat,ProgressionRuleRunnerMonitor,progression,flat,exact,cpu,cpu,3301,2,32,64,False,2,28,success,0.003545121999975111,5.539253124961111e-05,1.7310166015503472e-06,18052.97532791518,,[]
rq2.v1,8fbfc9ee-0721-4dbb-8c63-46739b75d687,next_offset_alias::rulerunner_progression_flat::cpu::r3::b1,next_offset_alias,bounded_repair_late_default,rulerunner_progression_flat,ProgressionRuleRunnerMonitor,progression,flat,exact,cpu,cpu,4409,3,32,1,False,2,32,success,0.002703543750044446,0.002703543750044446,8.448574218888893e-05,369.884896437707,,[]
rq2.v1,8fbfc9ee-0721-4dbb-8c63-46739b75d687,next_offset_alias::rulerunner_progression_flat::cpu::r3::b64,next_offset_alias,bounded_repair_late_default,rulerunner_progression_flat,ProgressionRuleRunnerMonitor,progression,flat,exact,cpu,cpu,4409,3,32,64,False,2,28,success,0.003514115714226916,5.490805803479556e-05,1.7158768135873612e-06,18212.263113845587,,[]
rq2.v1,8fbfc9ee-0721-4dbb-8c63-46739b75d687,next_offset_alias::rulerunner_progression_flat::cpu::r4::b1,next_offset_alias,bounded_repair_late_default,rulerunner_progression_flat,ProgressionRuleRunnerMonitor,progression,flat,exact,cpu,cpu,5501,4,32,1,False,2,36,success,0.0025077658332924736,0.0025077658332924736,7.83676822903898e-05,398.7613144434179,,[]
rq2.v1,8fbfc9ee-0721-4dbb-8c63-46739b75d687,next_offset_alias::rulerunner_progression_flat::cpu::r4::b64,next_offset_alias,bounded_repair_late_default,rulerunner_progression_flat,ProgressionRuleRunnerMonitor,progression,flat,exact,cpu,cpu,5501,4,32,64,False,2,14,success,0.0038167157142327468,5.963618303488667e-05,1.8636307198402084e-06,16768.343463816393,,[]
rq2.v1,8fbfc9ee-0721-4dbb-8c63-46739b75d687,next_offset_alias::rulerunner_progression_structured::cpu::r0::b1,next_offset_alias,bounded_repair_late_default,rulerunner_progression_structured,ProgressionRuleRunnerStructuredMonitor,progression,structured,exact,cpu,cpu,1103,0,32,1,False,2,6,success,0.012915619166354494,0.012915619166354494,0.00040361309894857794,77.42563380972277,,[]
rq2.v1,8fbfc9ee-0721-4dbb-8c63-46739b75d687,next_offset_alias::rulerunner_progression_structured::cpu::r0::b64,next_offset_alias,bounded_repair_late_default,rulerunner_progression_structured,ProgressionRuleRunnerStructuredMonitor,progression,structured,exact,cpu,cpu,1103,0,32,64,False,2,6,success,0.01650761150024967,0.0002579314296914011,8.060357177856284e-06,3876.9994071542105,,[]
rq2.v1,8fbfc9ee-0721-4dbb-8c63-46739b75d687,next_offset_alias::rulerunner_progression_structured::cpu::r1::b1,next_offset_alias,bounded_repair_late_default,rulerunner_progression_structured,ProgressionRuleRunnerStructuredMonitor,progression,structured,exact,cpu,cpu,2207,1,32,1,False,2,6,success,0.013327265000043553,0.013327265000043553,0.00041647703125136104,75.03414991723598,,[]
rq2.v1,8fbfc9ee-0721-4dbb-8c63-46739b75d687,next_offset_alias::rulerunner_progression_structured::cpu::r1::b64,next_offset_alias,bounded_repair_late_default,rulerunner_progression_structured,ProgressionRuleRunnerStructuredMonitor,progression,structured,exact,cpu,cpu,2207,1,32,64,False,2,6,success,0.01563286399990223,0.00024426349999847236,7.633234374952261e-06,4093.9395366325875,,[]
rq2.v1,8fbfc9ee-0721-4dbb-8c63-46739b75d687,next_offset_alias::rulerunner_progression_structured::cpu::r2::b1,next_offset_alias,bounded_repair_late_default,rulerunner_progression_structured,ProgressionRuleRunnerStructuredMonitor,progression,structured,exact,cpu,cpu,3301,2,32,1,False,2,6,success,0.012987102166637973,0.012987102166637973,0.00040584694270743665,76.99947125763424,,[]
rq2.v1,8fbfc9ee-0721-4dbb-8c63-46739b75d687,next_offset_alias::rulerunner_progression_structured::cpu::r2::b64,next_offset_alias,bounded_repair_late_default,rulerunner_progression_structured,ProgressionRuleRunnerStructuredMonitor,progression,structured,exact,cpu,cpu,3301,2,32,64,False,2,6,success,0.016355734666528104,0.0002555583541645016,7.986198567640676e-06,3913.0006266838964,,[]
rq2.v1,8fbfc9ee-0721-4dbb-8c63-46739b75d687,next_offset_alias::rulerunner_progression_structured::cpu::r3::b1,next_offset_alias,bounded_repair_late_default,rulerunner_progression_structured,ProgressionRuleRunnerStructuredMonitor,progression,structured,exact,cpu,cpu,4409,3,32,1,False,2,6,success,0.013156876500336997,0.013156876500336997,0.00041115239063553116,76.00588178922149,,[]
rq2.v1,8fbfc9ee-0721-4dbb-8c63-46739b75d687,next_offset_alias::rulerunner_progression_structured::cpu::r3::b64,next_offset_alias,bounded_repair_late_default,rulerunner_progression_structured,ProgressionRuleRunnerStructuredMonitor,progression,structured,exact,cpu,cpu,4409,3,32,64,False,2,6,success,0.015906237666664918,0.00024853496354163934,7.76671761067623e-06,4023.5787582959565,,[]
rq2.v1,8fbfc9ee-0721-4dbb-8c63-46739b75d687,next_offset_alias::rulerunner_progression_structured::cpu::r4::b1,next_offset_alias,bounded_repair_late_default,rulerunner_progression_structured,ProgressionRuleRunnerStructuredMonitor,progression,structured,exact,cpu,cpu,5501,4,32,1,False,2,6,success,0.012956095499854806,0.012956095499854806,0.0004048779843704627,77.1837472185356,,[]
rq2.v1,8fbfc9ee-0721-4dbb-8c63-46739b75d687,next_offset_alias::rulerunner_progression_structured::cpu::r4::b64,next_offset_alias,bounded_repair_late_default,rulerunner_progression_structured,ProgressionRuleRunnerStructuredMonitor,progression,structured,exact,cpu,cpu,5501,4,32,64,False,2,4,success,0.016918133000217495,0.00026434582812839835,8.260807129012449e-06,3782.9233284297525,,[]
rq2.v1,8fbfc9ee-0721-4dbb-8c63-46739b75d687,globally_next_alias::rulerunner_bounded_flat_default::cpu::r0::b1,globally_next_alias,bounded_repair_late_default,rulerunner_bounded_flat_default,BoundedEventRuleRunnerMonitor,bounded_default,flat,sound_default,cpu,cpu,1103,0,32,1,False,2,10,success,0.005104270599986194,0.005104270599986194,0.00015950845624956855,195.91437805094128,,[]
rq2.v1,8fbfc9ee-0721-4dbb-8c63-46739b75d687,globally_next_alias::rulerunner_bounded_flat_default::cpu::r0::b64,globally_next_alias,bounded_repair_late_default,rulerunner_bounded_flat_default,BoundedEventRuleRunnerMonitor,bounded_default,flat,sound_default,cpu,cpu,1103,0,32,64,False,2,2,success,0.03139071749865252,0.0004904799609164456,1.5327498778638926e-05,2038.8192784299138,,[]
rq2.v1,8fbfc9ee-0721-4dbb-8c63-46739b75d687,globally_next_alias::rulerunner_bounded_flat_default::cpu::r1::b1,globally_next_alias,bounded_repair_late_default,rulerunner_bounded_flat_default,BoundedEventRuleRunnerMonitor,bounded_default,flat,sound_default,cpu,cpu,2207,1,32,1,False,2,9,success,0.005868172110947651,0.005868172110947651,0.0001833803784671141,170.4108163655258,,[]
rq2.v1,8fbfc9ee-0721-4dbb-8c63-46739b75d687,globally_next_alias::rulerunner_bounded_flat_default::cpu::r1::b64,globally_next_alias,bounded_repair_late_default,rulerunner_bounded_flat_default,BoundedEventRuleRunnerMonitor,bounded_default,flat,sound_default,cpu,cpu,2207,1,32,64,False,2,2,success,0.03317607999997563,0.0005183762499996192,1.61992578124881e-05,1929.1007255844277,,[]
rq2.v1,8fbfc9ee-0721-4dbb-8c63-46739b75d687,globally_next_alias::rulerunner_bounded_flat_default::cpu::r2::b1,globally_next_alias,bounded_repair_late_default,rulerunner_bounded_flat_default,BoundedEventRuleRunnerMonitor,bounded_default,flat,sound_default,cpu,cpu,3301,2,32,1,False,2,10,success,0.005208289199799765,0.005208289199799765,0.00016275903749374265,192.00162695236767,,[]
rq2.v1,8fbfc9ee-0721-4dbb-8c63-46739b75d687,globally_next_alias::rulerunner_bounded_flat_default::cpu::r2::b64,globally_next_alias,bounded_repair_late_default,rulerunner_bounded_flat_default,BoundedEventRuleRunnerMonitor,bounded_default,flat,sound_default,cpu,cpu,3301,2,32,64,False,2,2,success,0.032103763000122854,0.0005016212968769196,1.5675665527403737e-05,1993.5357733532696,,[]
rq2.v1,8fbfc9ee-0721-4dbb-8c63-46739b75d687,globally_next_alias::rulerunner_bounded_flat_default::cpu::r3::b1,globally_next_alias,bounded_repair_late_default,rulerunner_bounded_flat_default,BoundedEventRuleRunnerMonitor,bounded_default,flat,sound_default,cpu,cpu,4409,3,32,1,False,2,20,success,0.005037645699849236,0.005037645699849236,0.00015742642812028863,198.50542487136946,,[]
rq2.v1,8fbfc9ee-0721-4dbb-8c63-46739b75d687,globally_next_alias::rulerunner_bounded_flat_default::cpu::r3::b64,globally_next_alias,bounded_repair_late_default,rulerunner_bounded_flat_default,BoundedEventRuleRunnerMonitor,bounded_default,flat,sound_default,cpu,cpu,4409,3,32,64,False,2,2,success,0.032439915999930236,0.0005068736874989099,1.5839802734340935e-05,1972.8781048673998,,[]
rq2.v1,8fbfc9ee-0721-4dbb-8c63-46739b75d687,globally_next_alias::rulerunner_bounded_flat_default::cpu::r4::b1,globally_next_alias,bounded_repair_late_default,rulerunner_bounded_flat_default,BoundedEventRuleRunnerMonitor,bounded_default,flat,sound_default,cpu,cpu,5501,4,32,1,False,2,10,success,0.005528758699801984,0.005528758699801984,0.000172773709368812,180.87242621672306,,[]
rq2.v1,8fbfc9ee-0721-4dbb-8c63-46739b75d687,globally_next_alias::rulerunner_bounded_flat_default::cpu::r4::b64,globally_next_alias,bounded_repair_late_default,rulerunner_bounded_flat_default,BoundedEventRuleRunnerMonitor,bounded_default,flat,sound_default,cpu,cpu,5501,4,32,64,False,2,2,success,0.03305342749990814,0.0005164598046860647,1.613936889643952e-05,1936.2591065685356,,[]
rq2.v1,8fbfc9ee-0721-4dbb-8c63-46739b75d687,globally_next_alias::rulerunner_bounded_flat_exact::cpu::r0::b1,globally_next_alias,bounded_repair_late_default,rulerunner_bounded_flat_exact,BoundedEventRuleRunnerMonitor,bounded_exact_online,flat,exact_online,cpu,cpu,1103,0,32,1,False,2,18,success,0.0049233317222387996,0.0049233317222387996,0.00015385411631996249,203.11448759038063,,[]
rq2.v1,8fbfc9ee-0721-4dbb-8c63-46739b75d687,globally_next_alias::rulerunner_bounded_flat_exact::cpu::r0::b64,globally_next_alias,bounded_repair_late_default,rulerunner_bounded_flat_exact,BoundedEventRuleRunnerMonitor,bounded_exact_online,flat,exact_online,cpu,cpu,1103,0,32,64,False,2,2,success,0.0317842219992599,0.0004966284687384359,1.5519639648076122e-05,2013.5776801927148,,[]
rq2.v1,8fbfc9ee-0721-4dbb-8c63-46739b75d687,globally_next_alias::rulerunner_bounded_flat_exact::cpu::r1::b1,globally_next_alias,bounded_repair_late_default,rulerunner_bounded_flat_exact,BoundedEventRuleRunnerMonitor,bounded_exact_online,flat,exact_online,cpu,cpu,2207,1,32,1,False,2,10,success,0.005353026900047552,0.005353026900047552,0.000167282090626486,186.81019517968735,,[]
rq2.v1,8fbfc9ee-0721-4dbb-8c63-46739b75d687,globally_next_alias::rulerunner_bounded_flat_exact::cpu::r1::b64,globally_next_alias,bounded_repair_late_default,rulerunner_bounded_flat_exact,BoundedEventRuleRunnerMonitor,bounded_exact_online,flat,exact_online,cpu,cpu,2207,1,32,64,False,2,2,success,0.032321413498721085,0.000505022085917517,1.5781940184922405e-05,1980.1114206385928,,[]
rq2.v1,8fbfc9ee-0721-4dbb-8c63-46739b75d687,globally_next_alias::rulerunner_bounded_flat_exact::cpu::r2::b1,globally_next_alias,bounded_repair_late_default,rulerunner_bounded_flat_exact,BoundedEventRuleRunnerMonitor,bounded_exact_online,flat,exact_online,cpu,cpu,3301,2,32,1,False,2,18,success,0.005114525444393318,0.005114525444393318,0.0001598289201372912,195.5215612616078,,[]
rq2.v1,8fbfc9ee-0721-4dbb-8c63-46739b75d687,globally_next_alias::rulerunner_bounded_flat_exact::cpu::r2::b64,globally_next_alias,bounded_repair_late_default,rulerunner_bounded_flat_exact,BoundedEventRuleRunnerMonitor,bounded_exact_online,flat,exact_online,cpu,cpu,3301,2,32,64,False,2,2,success,0.03282741500152042,0.0005129283593987566,1.6029011231211143e-05,1949.5899996096496,,[]
rq2.v1,8fbfc9ee-0721-4dbb-8c63-46739b75d687,globally_next_alias::rulerunner_bounded_flat_exact::cpu::r3::b1,globally_next_alias,bounded_repair_late_default,rulerunner_bounded_flat_exact,BoundedEventRuleRunnerMonitor,bounded_exact_online,flat,exact_online,cpu,cpu,4409,3,32,1,False,2,20,success,0.0053886282001258225,0.0053886282001258225,0.00016839463125393195,185.57598759117403,,[]
rq2.v1,8fbfc9ee-0721-4dbb-8c63-46739b75d687,globally_next_alias::rulerunner_bounded_flat_exact::cpu::r3::b64,globally_next_alias,bounded_repair_late_default,rulerunner_bounded_flat_exact,BoundedEventRuleRunnerMonitor,bounded_exact_online,flat,exact_online,cpu,cpu,4409,3,32,64,False,2,2,success,0.032353770000554505,0.0005055276562586641,1.5797739258083254e-05,1978.131142024658,,[]
rq2.v1,8fbfc9ee-0721-4dbb-8c63-46739b75d687,globally_next_alias::rulerunner_bounded_flat_exact::cpu::r4::b1,globally_next_alias,bounded_repair_late_default,rulerunner_bounded_flat_exact,BoundedEventRuleRunnerMonitor,bounded_exact_online,flat,exact_online,cpu,cpu,5501,4,32,1,False,2,18,success,0.004928708611057825,0.004928708611057825,0.00015402214409555704,202.8929033776608,,[]
rq2.v1,8fbfc9ee-0721-4dbb-8c63-46739b75d687,globally_next_alias::rulerunner_bounded_flat_exact::cpu::r4::b64,globally_next_alias,bounded_repair_late_default,rulerunner_bounded_flat_exact,BoundedEventRuleRunnerMonitor,bounded_exact_online,flat,exact_online,cpu,cpu,5501,4,32,64,False,2,2,success,0.031362139499833575,0.0004900334296848996,1.5313544677653113e-05,2040.6771036886569,,[]
rq2.v1,8fbfc9ee-0721-4dbb-8c63-46739b75d687,globally_next_alias::rulerunner_bounded_structured_default::cpu::r0::b1,globally_next_alias,bounded_repair_late_default,rulerunner_bounded_structured_default,BoundedEventStructuredRuleRunnerMonitor,bounded_default,structured,sound_default,cpu,cpu,1103,0,32,1,False,2,12,success,0.007349381583177698,0.007349381583177698,0.00022966817447430307,136.06587012558188,,[]
rq2.v1,8fbfc9ee-0721-4dbb-8c63-46739b75d687,globally_next_alias::rulerunner_bounded_structured_default::cpu::r0::b64,globally_next_alias,bounded_repair_late_default,rulerunner_bounded_structured_default,BoundedEventStructuredRuleRunnerMonitor,bounded_default,structured,sound_default,cpu,cpu,1103,0,32,64,False,2,2,success,0.033937871499801986,0.000530279242184406,1.657122631826269e-05,1885.798878116838,,[]
rq2.v1,8fbfc9ee-0721-4dbb-8c63-46739b75d687,globally_next_alias::rulerunner_bounded_structured_default::cpu::r1::b1,globally_next_alias,bounded_repair_late_default,rulerunner_bounded_structured_default,BoundedEventStructuredRuleRunnerMonitor,bounded_default,structured,sound_default,cpu,cpu,2207,1,32,1,False,2,12,success,0.007799765166661625,0.007799765166661625,0.00024374266145817577,128.2089881723977,,[]
rq2.v1,8fbfc9ee-0721-4dbb-8c63-46739b75d687,globally_next_alias::rulerunner_bounded_structured_default::cpu::r1::b64,globally_next_alias,bounded_repair_late_default,rulerunner_bounded_structured_default,BoundedEventStructuredRuleRunnerMonitor,bounded_default,structured,sound_default,cpu,cpu,2207,1,32,64,False,2,2,success,0.036430199499591254,0.0005692218671811133,1.7788183349409792e-05,1756.7842306413413,,[]
rq2.v1,8fbfc9ee-0721-4dbb-8c63-46739b75d687,globally_next_alias::rulerunner_bounded_structured_default::cpu::r2::b1,globally_next_alias,bounded_repair_late_default,rulerunner_bounded_structured_default,BoundedEventStructuredRuleRunnerMonitor,bounded_default,structured,sound_default,cpu,cpu,3301,2,32,1,False,2,12,success,0.007427922999947138,0.007427922999947138,0.00023212259374834807,134.62713601192644,,[]
rq2.v1,8fbfc9ee-0721-4dbb-8c63-46739b75d687,globally_next_alias::rulerunner_bounded_structured_default::cpu::r2::b64,globally_next_alias,bounded_repair_late_default,rulerunner_bounded_structured_default,BoundedEventStructuredRuleRunnerMonitor,bounded_default,structured,sound_default,cpu,cpu,3301,2,32,64,False,2,2,success,0.03513937150091806,0.0005490526797018447,1.7157896240682646e-05,1821.3188587715042,,[]
rq2.v1,8fbfc9ee-0721-4dbb-8c63-46739b75d687,globally_next_alias::rulerunner_bounded_structured_default::cpu::r3::b1,globally_next_alias,bounded_repair_late_default,rulerunner_bounded_structured_default,BoundedEventStructuredRuleRunnerMonitor,bounded_default,structured,sound_default,cpu,cpu,4409,3,32,1,False,2,12,success,0.007463063583296996,0.007463063583296996,0.0002332207369780311,133.9932306403083,,[]
rq2.v1,8fbfc9ee-0721-4dbb-8c63-46739b75d687,globally_next_alias::rulerunner_bounded_structured_default::cpu::r3::b64,globally_next_alias,bounded_repair_late_default,rulerunner_bounded_structured_default,BoundedEventStructuredRuleRunnerMonitor,bounded_default,structured,sound_default,cpu,cpu,4409,3,32,64,False,2,2,success,0.035178402498786454,0.0005496625390435383,1.7176954345110573e-05,1819.298076489056,,[]
rq2.v1,8fbfc9ee-0721-4dbb-8c63-46739b75d687,globally_next_alias::rulerunner_bounded_structured_default::cpu::r4::b1,globally_next_alias,bounded_repair_late_default,rulerunner_bounded_structured_default,BoundedEventStructuredRuleRunnerMonitor,bounded_default,structured,sound_default,cpu,cpu,5501,4,32,1,False,2,12,success,0.007570499416639602,0.007570499416639602,0.00023657810676998756,132.0916817986997,,[]
rq2.v1,8fbfc9ee-0721-4dbb-8c63-46739b75d687,globally_next_alias::rulerunner_bounded_structured_default::cpu::r4::b64,globally_next_alias,bounded_repair_late_default,rulerunner_bounded_structured_default,BoundedEventStructuredRuleRunnerMonitor,bounded_default,structured,sound_default,cpu,cpu,5501,4,32,64,False,2,2,success,0.03496101400014595,0.0005462658437522805,1.7070807617258765e-05,1830.6105194698534,,[]
rq2.v1,8fbfc9ee-0721-4dbb-8c63-46739b75d687,globally_next_alias::rulerunner_bounded_structured_exact::cpu::r0::b1,globally_next_alias,bounded_repair_late_default,rulerunner_bounded_structured_exact,BoundedEventStructuredRuleRunnerMonitor,bounded_exact_online,structured,exact_online,cpu,cpu,1103,0,32,1,False,2,12,success,0.007748675500200382,0.007748675500200382,0.00024214610938126194,129.05431385972219,,[]
rq2.v1,8fbfc9ee-0721-4dbb-8c63-46739b75d687,globally_next_alias::rulerunner_bounded_structured_exact::cpu::r0::b64,globally_next_alias,bounded_repair_late_default,rulerunner_bounded_structured_exact,BoundedEventStructuredRuleRunnerMonitor,bounded_exact_online,structured,exact_online,cpu,cpu,1103,0,32,64,False,2,2,success,0.03678924099949654,0.0005748318906171335,1.796349658178542e-05,1739.6390428624454,,[]
rq2.v1,8fbfc9ee-0721-4dbb-8c63-46739b75d687,globally_next_alias::rulerunner_bounded_structured_exact::cpu::r1::b1,globally_next_alias,bounded_repair_late_default,rulerunner_bounded_structured_exact,BoundedEventStructuredRuleRunnerMonitor,bounded_exact_online,structured,exact_online,cpu,cpu,2207,1,32,1,False,2,12,success,0.007987895000042045,0.007987895000042045,0.0002496217187513139,125.18942725145192,,[]
rq2.v1,8fbfc9ee-0721-4dbb-8c63-46739b75d687,globally_next_alias::rulerunner_bounded_structured_exact::cpu::r1::b64,globally_next_alias,bounded_repair_late_default,rulerunner_bounded_structured_exact,BoundedEventStructuredRuleRunnerMonitor,bounded_exact_online,structured,exact_online,cpu,cpu,2207,1,32,64,False,2,2,success,0.03547741250076797,0.0005543345703244995,1.732295532264061e-05,1803.9647056733525,,[]
rq2.v1,8fbfc9ee-0721-4dbb-8c63-46739b75d687,globally_next_alias::rulerunner_bounded_structured_exact::cpu::r2::b1,globally_next_alias,bounded_repair_late_default,rulerunner_bounded_structured_exact,BoundedEventStructuredRuleRunnerMonitor,bounded_exact_online,structured,exact_online,cpu,cpu,3301,2,32,1,False,2,12,success,0.0076459575833117315,0.0076459575833117315,0.0002389361744784916,130.78806534090987,,[]
rq2.v1,8fbfc9ee-0721-4dbb-8c63-46739b75d687,globally_next_alias::rulerunner_bounded_structured_exact::cpu::r2::b64,globally_next_alias,bounded_repair_late_default,rulerunner_bounded_structured_exact,BoundedEventStructuredRuleRunnerMonitor,bounded_exact_online,structured,exact_online,cpu,cpu,3301,2,32,64,False,2,2,success,0.03778215700003784,0.0005903462031255913,1.8448318847674727e-05,1693.9212867051476,,[]
rq2.v1,8fbfc9ee-0721-4dbb-8c63-46739b75d687,globally_next_alias::rulerunner_bounded_structured_exact::cpu::r3::b1,globally_next_alias,bounded_repair_late_default,rulerunner_bounded_structured_exact,BoundedEventStructuredRuleRunnerMonitor,bounded_exact_online,structured,exact_online,cpu,cpu,4409,3,32,1,False,2,12,success,0.00797708350000903,0.00797708350000903,0.0002492838593752822,125.35909897381268,,[]
rq2.v1,8fbfc9ee-0721-4dbb-8c63-46739b75d687,globally_next_alias::rulerunner_bounded_structured_exact::cpu::r3::b64,globally_next_alias,bounded_repair_late_default,rulerunner_bounded_structured_exact,BoundedEventStructuredRuleRunnerMonitor,bounded_exact_online,structured,exact_online,cpu,cpu,4409,3,32,64,False,2,2,success,0.03587625450018095,0.0005605664765653273,1.751770239266648e-05,1783.9097445269044,,[]
rq2.v1,8fbfc9ee-0721-4dbb-8c63-46739b75d687,globally_next_alias::rulerunner_bounded_structured_exact::cpu::r4::b1,globally_next_alias,bounded_repair_late_default,rulerunner_bounded_structured_exact,BoundedEventStructuredRuleRunnerMonitor,bounded_exact_online,structured,exact_online,cpu,cpu,5501,4,32,1,False,2,12,success,0.007611484166469988,0.007611484166469988,0.00023785888020218712,131.3804217586351,,[]
rq2.v1,8fbfc9ee-0721-4dbb-8c63-46739b75d687,globally_next_alias::rulerunner_bounded_structured_exact::cpu::r4::b64,globally_next_alias,bounded_repair_late_default,rulerunner_bounded_structured_exact,BoundedEventStructuredRuleRunnerMonitor,bounded_exact_online,structured,exact_online,cpu,cpu,5501,4,32,64,False,2,2,success,0.03561567450014991,0.0005564949140648423,1.7390466064526322e-05,1796.9616158674917,,[]
rq2.v1,8fbfc9ee-0721-4dbb-8c63-46739b75d687,globally_next_alias::rulerunner_progression_flat::cpu::r0::b1,globally_next_alias,bounded_repair_late_default,rulerunner_progression_flat,ProgressionRuleRunnerMonitor,progression,flat,exact,cpu,cpu,1103,0,32,1,False,2,17,success,0.002948087058886064,0.002948087058886064,9.21277205901895e-05,339.20300860377256,,[]
rq2.v1,8fbfc9ee-0721-4dbb-8c63-46739b75d687,globally_next_alias::rulerunner_progression_flat::cpu::r0::b64,globally_next_alias,bounded_repair_late_default,rulerunner_progression_flat,ProgressionRuleRunnerMonitor,progression,flat,exact,cpu,cpu,1103,0,32,64,False,2,24,success,0.003740167541612512,5.84401178376955e-05,1.8262536824279845e-06,17111.532916091626,,[]
rq2.v1,8fbfc9ee-0721-4dbb-8c63-46739b75d687,globally_next_alias::rulerunner_progression_flat::cpu::r1::b1,globally_next_alias,bounded_repair_late_default,rulerunner_progression_flat,ProgressionRuleRunnerMonitor,progression,flat,exact,cpu,cpu,2207,1,32,1,False,2,21,success,0.0025974211428200803,0.0025974211428200803,8.116941071312751e-05,384.9972511251205,,[]
rq2.v1,8fbfc9ee-0721-4dbb-8c63-46739b75d687,globally_next_alias::rulerunner_progression_flat::cpu::r1::b64,globally_next_alias,bounded_repair_late_default,rulerunner_progression_flat,ProgressionRuleRunnerMonitor,progression,flat,exact,cpu,cpu,2207,1,32,64,False,2,26,success,0.0035971610384596996,5.6205641225932806e-05,1.7564262883104002e-06,17791.808405498778,,[]
rq2.v1,8fbfc9ee-0721-4dbb-8c63-46739b75d687,globally_next_alias::rulerunner_progression_flat::cpu::r2::b1,globally_next_alias,bounded_repair_late_default,rulerunner_progression_flat,ProgressionRuleRunnerMonitor,progression,flat,exact,cpu,cpu,3301,2,32,1,False,2,19,success,0.002897728473678734,0.002897728473678734,9.055401480246043e-05,345.0978961912455,,[]
rq2.v1,8fbfc9ee-0721-4dbb-8c63-46739b75d687,globally_next_alias::rulerunner_progression_flat::cpu::r2::b64,globally_next_alias,bounded_repair_late_default,rulerunner_progression_flat,ProgressionRuleRunnerMonitor,progression,flat,exact,cpu,cpu,3301,2,32,64,False,2,26,success,0.0036242420000445028,5.6628781250695356e-05,1.7696494140842299e-06,17658.86494312856,,[]
rq2.v1,8fbfc9ee-0721-4dbb-8c63-46739b75d687,globally_next_alias::rulerunner_progression_flat::cpu::r3::b1,globally_next_alias,bounded_repair_late_default,rulerunner_progression_flat,ProgressionRuleRunnerMonitor,progression,flat,exact,cpu,cpu,4409,3,32,1,False,2,22,success,0.003599580045457432,0.003599580045457432,0.00011248687642054475,277.81018545815414,,[]
rq2.v1,8fbfc9ee-0721-4dbb-8c63-46739b75d687,globally_next_alias::rulerunner_progression_flat::cpu::r3::b64,globally_next_alias,bounded_repair_late_default,rulerunner_progression_flat,ProgressionRuleRunnerMonitor,progression,flat,exact,cpu,cpu,4409,3,32,64,False,2,16,success,0.004630142124824488,7.234597070038262e-05,2.260811584386957e-06,13822.469866932219,,[]
rq2.v1,8fbfc9ee-0721-4dbb-8c63-46739b75d687,globally_next_alias::rulerunner_progression_flat::cpu::r4::b1,globally_next_alias,bounded_repair_late_default,rulerunner_progression_flat,ProgressionRuleRunnerMonitor,progression,flat,exact,cpu,cpu,5501,4,32,1,False,2,21,success,0.0025077615713858642,0.0025077615713858642,7.836754910580826e-05,398.7619921328366,,[]
rq2.v1,8fbfc9ee-0721-4dbb-8c63-46739b75d687,globally_next_alias::rulerunner_progression_flat::cpu::r4::b64,globally_next_alias,bounded_repair_late_default,rulerunner_progression_flat,ProgressionRuleRunnerMonitor,progression,flat,exact,cpu,cpu,5501,4,32,64,False,2,26,success,0.003931507307732738,6.142980168332403e-05,1.9196813026038758e-06,16278.743746481343,,[]
rq2.v1,8fbfc9ee-0721-4dbb-8c63-46739b75d687,globally_next_alias::rulerunner_progression_structured::cpu::r0::b1,globally_next_alias,bounded_repair_late_default,rulerunner_progression_structured,ProgressionRuleRunnerStructuredMonitor,progression,structured,exact,cpu,cpu,1103,0,32,1,False,2,8,success,0.012097831499886524,0.012097831499886524,0.0003780572343714539,82.6594419015821,,[]
rq2.v1,8fbfc9ee-0721-4dbb-8c63-46739b75d687,globally_next_alias::rulerunner_progression_structured::cpu::r0::b64,globally_next_alias,bounded_repair_late_default,rulerunner_progression_structured,ProgressionRuleRunnerStructuredMonitor,progression,structured,exact,cpu,cpu,1103,0,32,64,False,2,6,success,0.02232132799993754,0.0003487707499990241,1.0899085937469502e-05,2867.2129185225485,,[]
rq2.v1,8fbfc9ee-0721-4dbb-8c63-46739b75d687,globally_next_alias::rulerunner_progression_structured::cpu::r1::b1,globally_next_alias,bounded_repair_late_default,rulerunner_progression_structured,ProgressionRuleRunnerStructuredMonitor,progression,structured,exact,cpu,cpu,2207,1,32,1,False,2,6,success,0.012371837166938349,0.012371837166938349,0.0003866199114668234,80.82873921686681,,[]
rq2.v1,8fbfc9ee-0721-4dbb-8c63-46739b75d687,globally_next_alias::rulerunner_progression_structured::cpu::r1::b64,globally_next_alias,bounded_repair_late_default,rulerunner_progression_structured,ProgressionRuleRunnerStructuredMonitor,progression,structured,exact,cpu,cpu,2207,1,32,64,False,2,6,success,0.015014915332964543,0.000234608052077571,7.331501627424093e-06,4262.428297513673,,[]
rq2.v1,8fbfc9ee-0721-4dbb-8c63-46739b75d687,globally_next_alias::rulerunner_progression_structured::cpu::r2::b1,globally_next_alias,bounded_repair_late_default,rulerunner_progression_structured,ProgressionRuleRunnerStructuredMonitor,progression,structured,exact,cpu,cpu,3301,2,32,1,False,2,8,success,0.012508529374827049,0.012508529374827049,0.0003908915429633453,79.94544922382825,,[]
rq2.v1,8fbfc9ee-0721-4dbb-8c63-46739b75d687,globally_next_alias::rulerunner_progression_structured::cpu::r2::b64,globally_next_alias,bounded_repair_late_default,rulerunner_progression_structured,ProgressionRuleRunnerStructuredMonitor,progression,structured,exact,cpu,cpu,3301,2,32,64,False,2,4,success,0.015310161249544763,0.00023922126952413691,7.475664672629279e-06,4180.230303054646,,[]
rq2.v1,8fbfc9ee-0721-4dbb-8c63-46739b75d687,globally_next_alias::rulerunner_progression_structured::cpu::r3::b1,globally_next_alias,bounded_repair_late_default,rulerunner_progression_structured,ProgressionRuleRunnerStructuredMonitor,progression,structured,exact,cpu,cpu,4409,3,32,1,False,2,6,success,0.012268690999917453,0.012268690999917453,0.0003833965937474204,81.50828804855614,,[]
rq2.v1,8fbfc9ee-0721-4dbb-8c63-46739b75d687,globally_next_alias::rulerunner_progression_structured::cpu::r3::b64,globally_next_alias,bounded_repair_late_default,rulerunner_progression_structured,ProgressionRuleRunnerStructuredMonitor,progression,structured,exact,cpu,cpu,4409,3,32,64,False,2,6,success,0.015024238166612728,0.00023475372135332387,7.336053792291371e-06,4259.783377384322,,[]
rq2.v1,8fbfc9ee-0721-4dbb-8c63-46739b75d687,globally_next_alias::rulerunner_progression_structured::cpu::r4::b1,globally_next_alias,bounded_repair_late_default,rulerunner_progression_structured,ProgressionRuleRunnerStructuredMonitor,progression,structured,exact,cpu,cpu,5501,4,32,1,False,2,6,success,0.013112156999947425,0.013112156999947425,0.00040975490624835703,76.26510268325872,,[]
rq2.v1,8fbfc9ee-0721-4dbb-8c63-46739b75d687,globally_next_alias::rulerunner_progression_structured::cpu::r4::b64,globally_next_alias,bounded_repair_late_default,rulerunner_progression_structured,ProgressionRuleRunnerStructuredMonitor,progression,structured,exact,cpu,cpu,5501,4,32,64,False,2,6,success,0.015024183333783489,0.000234752864590367,7.336027018448969e-06,4259.798924051275,,[]
rq2.v1,8fbfc9ee-0721-4dbb-8c63-46739b75d687,until_next_alias::rulerunner_bounded_flat_default::cpu::r0::b1,until_next_alias,bounded_repair_late_default,rulerunner_bounded_flat_default,BoundedEventRuleRunnerMonitor,bounded_default,flat,sound_default,cpu,cpu,1103,0,32,1,False,2,18,success,0.005193158833208145,0.005193158833208145,0.00016228621353775452,192.56102732799266,,[]
rq2.v1,8fbfc9ee-0721-4dbb-8c63-46739b75d687,until_next_alias::rulerunner_bounded_flat_default::cpu::r0::b64,until_next_alias,bounded_repair_late_default,rulerunner_bounded_flat_default,BoundedEventRuleRunnerMonitor,bounded_default,flat,sound_default,cpu,cpu,1103,0,32,64,False,2,2,success,0.03978415450001194,0.0006216274140626865,1.9425856689458953e-05,1608.6806620455086,,[]
rq2.v1,8fbfc9ee-0721-4dbb-8c63-46739b75d687,until_next_alias::rulerunner_bounded_flat_default::cpu::r1::b1,until_next_alias,bounded_repair_late_default,rulerunner_bounded_flat_default,BoundedEventRuleRunnerMonitor,bounded_default,flat,sound_default,cpu,cpu,2207,1,32,1,False,2,16,success,0.0060148567499709316,0.0060148567499709316,0.0001879642734365916,166.25499850928833,,[]
rq2.v1,8fbfc9ee-0721-4dbb-8c63-46739b75d687,until_next_alias::rulerunner_bounded_flat_default::cpu::r1::b64,until_next_alias,bounded_repair_late_default,rulerunner_bounded_flat_default,BoundedEventRuleRunnerMonitor,bounded_default,flat,sound_default,cpu,cpu,2207,1,32,64,False,2,2,success,0.03949098950033658,0.0006170467109427591,1.928270971696122e-05,1620.6228511811416,,[]
rq2.v1,8fbfc9ee-0721-4dbb-8c63-46739b75d687,until_next_alias::rulerunner_bounded_flat_default::cpu::r2::b1,until_next_alias,bounded_repair_late_default,rulerunner_bounded_flat_default,BoundedEventRuleRunnerMonitor,bounded_default,flat,sound_default,cpu,cpu,3301,2,32,1,False,2,18,success,0.005343208277837321,0.005343208277837321,0.0001669752586824163,187.1534755902783,,[]
rq2.v1,8fbfc9ee-0721-4dbb-8c63-46739b75d687,until_next_alias::rulerunner_bounded_flat_default::cpu::r2::b64,until_next_alias,bounded_repair_late_default,rulerunner_bounded_flat_default,BoundedEventRuleRunnerMonitor,bounded_default,flat,sound_default,cpu,cpu,3301,2,32,64,False,2,2,success,0.044189038999320474,0.0006904537343643824,2.157667919888695e-05,1448.3229653621609,,[]
rq2.v1,8fbfc9ee-0721-4dbb-8c63-46739b75d687,until_next_alias::rulerunner_bounded_flat_default::cpu::r3::b1,until_next_alias,bounded_repair_late_default,rulerunner_bounded_flat_default,BoundedEventRuleRunnerMonitor,bounded_default,flat,sound_default,cpu,cpu,4409,3,32,1,False,2,18,success,0.005855392777852507,0.005855392777852507,0.00018298102430789085,170.7827361782474,,[]
rq2.v1,8fbfc9ee-0721-4dbb-8c63-46739b75d687,until_next_alias::rulerunner_bounded_flat_default::cpu::r3::b64,until_next_alias,bounded_repair_late_default,rulerunner_bounded_flat_default,BoundedEventRuleRunnerMonitor,bounded_default,flat,sound_default,cpu,cpu,4409,3,32,64,False,2,2,success,0.03980877150024753,0.0006220120546913677,1.943787670910524e-05,1607.685883991724,,[]
rq2.v1,8fbfc9ee-0721-4dbb-8c63-46739b75d687,until_next_alias::rulerunner_bounded_flat_default::cpu::r4::b1,until_next_alias,bounded_repair_late_default,rulerunner_bounded_flat_default,BoundedEventRuleRunnerMonitor,bounded_default,flat,sound_default,cpu,cpu,5501,4,32,1,False,2,18,success,0.005151025166520008,0.005151025166520008,0.00016096953645375025,194.1361122635695,,[]
rq2.v1,8fbfc9ee-0721-4dbb-8c63-46739b75d687,until_next_alias::rulerunner_bounded_flat_default::cpu::r4::b64,until_next_alias,bounded_repair_late_default,rulerunner_bounded_flat_default,BoundedEventRuleRunnerMonitor,bounded_default,flat,sound_default,cpu,cpu,5501,4,32,64,False,2,2,success,0.03944830799991905,0.0006163798124987352,1.9261869140585475e-05,1622.3763006548045,,[]
rq2.v1,8fbfc9ee-0721-4dbb-8c63-46739b75d687,until_next_alias::rulerunner_bounded_flat_exact::cpu::r0::b1,until_next_alias,bounded_repair_late_default,rulerunner_bounded_flat_exact,BoundedEventRuleRunnerMonitor,bounded_exact_online,flat,exact_online,cpu,cpu,1103,0,32,1,False,2,18,success,0.005042830333372371,0.005042830333372371,0.0001575884479178866,198.30133752115634,,[]
rq2.v1,8fbfc9ee-0721-4dbb-8c63-46739b75d687,until_next_alias::rulerunner_bounded_flat_exact::cpu::r0::b64,until_next_alias,bounded_repair_late_default,rulerunner_bounded_flat_exact,BoundedEventRuleRunnerMonitor,bounded_exact_online,flat,exact_online,cpu,cpu,1103,0,32,64,False,2,2,success,0.038676566000503954,0.0006043213437578743,1.888504199243357e-05,1654.748769556379,,[]
rq2.v1,8fbfc9ee-0721-4dbb-8c63-46739b75d687,until_next_alias::rulerunner_bounded_flat_exact::cpu::r1::b1,until_next_alias,bounded_repair_late_default,rulerunner_bounded_flat_exact,BoundedEventRuleRunnerMonitor,bounded_exact_online,flat,exact_online,cpu,cpu,2207,1,32,1,False,2,16,success,0.005360664437603191,0.005360664437603191,0.00016752076367509972,186.5440397621886,,[]
rq2.v1,8fbfc9ee-0721-4dbb-8c63-46739b75d687,until_next_alias::rulerunner_bounded_flat_exact::cpu::r1::b64,until_next_alias,bounded_repair_late_default,rulerunner_bounded_flat_exact,BoundedEventRuleRunnerMonitor,bounded_exact_online,flat,exact_online,cpu,cpu,2207,1,32,64,False,2,2,success,0.03908841399970697,0.0006107564687454214,1.908613964829442e-05,1637.3138086513252,,[]
rq2.v1,8fbfc9ee-0721-4dbb-8c63-46739b75d687,until_next_alias::rulerunner_bounded_flat_exact::cpu::r2::b1,until_next_alias,bounded_repair_late_default,rulerunner_bounded_flat_exact,BoundedEventRuleRunnerMonitor,bounded_exact_online,flat,exact_online,cpu,cpu,3301,2,32,1,False,2,18,success,0.005161269388837455,0.005161269388837455,0.00016128966840117046,193.75078583628127,,[]
rq2.v1,8fbfc9ee-0721-4dbb-8c63-46739b75d687,until_next_alias::rulerunner_bounded_flat_exact::cpu::r2::b64,until_next_alias,bounded_repair_late_default,rulerunner_bounded_flat_exact,BoundedEventRuleRunnerMonitor,bounded_exact_online,flat,exact_online,cpu,cpu,3301,2,32,64,False,2,2,success,0.040679525500308955,0.0006356175859423274,1.9863049560697732e-05,1573.2730215723368,,[]
rq2.v1,8fbfc9ee-0721-4dbb-8c63-46739b75d687,until_next_alias::rulerunner_bounded_flat_exact::cpu::r3::b1,until_next_alias,bounded_repair_late_default,rulerunner_bounded_flat_exact,BoundedEventRuleRunnerMonitor,bounded_exact_online,flat,exact_online,cpu,cpu,4409,3,32,1,False,2,16,success,0.005067082124924127,0.005067082124924127,0.00015834631640387897,197.35223849662268,,[]
rq2.v1,8fbfc9ee-0721-4dbb-8c63-46739b75d687,until_next_alias::rulerunner_bounded_flat_exact::cpu::r3::b64,until_next_alias,bounded_repair_late_default,rulerunner_bounded_flat_exact,BoundedEventRuleRunnerMonitor,bounded_exact_online,flat,exact_online,cpu,cpu,4409,3,32,64,False,2,2,success,0.03867977349909779,0.000604371460923403,1.8886608153856344e-05,1654.6115504397358,,[]
rq2.v1,8fbfc9ee-0721-4dbb-8c63-46739b75d687,until_next_alias::rulerunner_bounded_flat_exact::cpu::r4::b1,until_next_alias,bounded_repair_late_default,rulerunner_bounded_flat_exact,BoundedEventRuleRunnerMonitor,bounded_exact_online,flat,exact_online,cpu,cpu,5501,4,32,1,False,2,18,success,0.005078883111208497,0.005078883111208497,0.00015871509722526552,196.89368274554653,,[]
rq2.v1,8fbfc9ee-0721-4dbb-8c63-46739b75d687,until_next_alias::rulerunner_bounded_flat_exact::cpu::r4::b64,until_next_alias,bounded_repair_late_default,rulerunner_bounded_flat_exact,BoundedEventRuleRunnerMonitor,bounded_exact_online,flat,exact_online,cpu,cpu,5501,4,32,64,False,2,2,success,0.03911107099884248,0.0006111104843569137,1.9097202636153554e-05,1636.3653146162662,,[]
rq2.v1,8fbfc9ee-0721-4dbb-8c63-46739b75d687,until_next_alias::rulerunner_bounded_structured_default::cpu::r0::b1,until_next_alias,bounded_repair_late_default,rulerunner_bounded_structured_default,BoundedEventStructuredRuleRunnerMonitor,bounded_default,structured,sound_default,cpu,cpu,1103,0,32,1,False,2,8,success,0.010131606250070035,0.010131606250070035,0.0003166126953146886,98.70103272056072,,[]
rq2.v1,8fbfc9ee-0721-4dbb-8c63-46739b75d687,until_next_alias::rulerunner_bounded_structured_default::cpu::r0::b64,until_next_alias,bounded_repair_late_default,rulerunner_bounded_structured_default,BoundedEventStructuredRuleRunnerMonitor,bounded_default,structured,sound_default,cpu,cpu,1103,0,32,64,False,2,2,success,0.044620081498578656,0.0006971887734152915,2.178714916922786e-05,1434.3317593904144,,[]
rq2.v1,8fbfc9ee-0721-4dbb-8c63-46739b75d687,until_next_alias::rulerunner_bounded_structured_default::cpu::r1::b1,until_next_alias,bounded_repair_late_default,rulerunner_bounded_structured_default,BoundedEventStructuredRuleRunnerMonitor,bounded_default,structured,sound_default,cpu,cpu,2207,1,32,1,False,2,10,success,0.009899577199757915,0.009899577199757915,0.00030936178749243484,101.01441504233676,,[]
rq2.v1,8fbfc9ee-0721-4dbb-8c63-46739b75d687,until_next_alias::rulerunner_bounded_structured_default::cpu::r1::b64,until_next_alias,bounded_repair_late_default,rulerunner_bounded_structured_default,BoundedEventStructuredRuleRunnerMonitor,bounded_default,structured,sound_default,cpu,cpu,2207,1,32,64,False,2,1,success,0.051068489003228024,0.0007979451406754379,2.4935785646107433e-05,1253.218985898615,,[]
rq2.v1,8fbfc9ee-0721-4dbb-8c63-46739b75d687,until_next_alias::rulerunner_bounded_structured_default::cpu::r2::b1,until_next_alias,bounded_repair_late_default,rulerunner_bounded_structured_default,BoundedEventStructuredRuleRunnerMonitor,bounded_default,structured,sound_default,cpu,cpu,3301,2,32,1,False,2,8,success,0.01003451912492892,0.01003451912492892,0.00031357872265402875,99.65599622165088,,[]
rq2.v1,8fbfc9ee-0721-4dbb-8c63-46739b75d687,until_next_alias::rulerunner_bounded_structured_default::cpu::r2::b64,until_next_alias,bounded_repair_late_default,rulerunner_bounded_structured_default,BoundedEventStructuredRuleRunnerMonitor,bounded_default,structured,sound_default,cpu,cpu,3301,2,32,64,False,2,2,success,0.044466588498835335,0.0006947904452943021,2.171220141544694e-05,1439.2828899315332,,[]
rq2.v1,8fbfc9ee-0721-4dbb-8c63-46739b75d687,until_next_alias::rulerunner_bounded_structured_default::cpu::r3::b1,until_next_alias,bounded_repair_late_default,rulerunner_bounded_structured_default,BoundedEventStructuredRuleRunnerMonitor,bounded_default,structured,sound_default,cpu,cpu,4409,3,32,1,False,2,10,success,0.009812257600060548,0.009812257600060548,0.0003066330500018921,101.9133456090502,,[]
rq2.v1,8fbfc9ee-0721-4dbb-8c63-46739b75d687,until_next_alias::rulerunner_bounded_structured_default::cpu::r3::b64,until_next_alias,bounded_repair_late_default,rulerunner_bounded_structured_default,BoundedEventStructuredRuleRunnerMonitor,bounded_default,structured,sound_default,cpu,cpu,4409,3,32,64,False,2,2,success,0.04438371899959748,0.0006934956093687106,2.1671737792772205e-05,1441.9701963366438,,[]
rq2.v1,8fbfc9ee-0721-4dbb-8c63-46739b75d687,until_next_alias::rulerunner_bounded_structured_default::cpu::r4::b1,until_next_alias,bounded_repair_late_default,rulerunner_bounded_structured_default,BoundedEventStructuredRuleRunnerMonitor,bounded_default,structured,sound_default,cpu,cpu,5501,4,32,1,False,2,10,success,0.009819352599879493,0.009819352599879493,0.00030685476874623416,101.83970784512539,,[]
rq2.v1,8fbfc9ee-0721-4dbb-8c63-46739b75d687,until_next_alias::rulerunner_bounded_structured_default::cpu::r4::b64,until_next_alias,bounded_repair_late_default,rulerunner_bounded_structured_default,BoundedEventStructuredRuleRunnerMonitor,bounded_default,structured,sound_default,cpu,cpu,5501,4,32,64,False,2,2,success,0.0441680184994766,0.0006901252890543219,2.156641528294756e-05,1449.0122530798706,,[]
rq2.v1,8fbfc9ee-0721-4dbb-8c63-46739b75d687,until_next_alias::rulerunner_bounded_structured_exact::cpu::r0::b1,until_next_alias,bounded_repair_late_default,rulerunner_bounded_structured_exact,BoundedEventStructuredRuleRunnerMonitor,bounded_exact_online,structured,exact_online,cpu,cpu,1103,0,32,1,False,2,8,success,0.011105625374966621,0.011105625374966621,0.0003470507929677069,90.04445641162334,,[]
rq2.v1,8fbfc9ee-0721-4dbb-8c63-46739b75d687,until_next_alias::rulerunner_bounded_structured_exact::cpu::r0::b64,until_next_alias,bounded_repair_late_default,rulerunner_bounded_structured_exact,BoundedEventStructuredRuleRunnerMonitor,bounded_exact_online,structured,exact_online,cpu,cpu,1103,0,32,64,False,2,2,success,0.04783631200007221,0.0007474423750011283,2.335757421878526e-05,1337.8957809269116,,[]
rq2.v1,8fbfc9ee-0721-4dbb-8c63-46739b75d687,until_next_alias::rulerunner_bounded_structured_exact::cpu::r1::b1,until_next_alias,bounded_repair_late_default,rulerunner_bounded_structured_exact,BoundedEventStructuredRuleRunnerMonitor,bounded_exact_online,structured,exact_online,cpu,cpu,2207,1,32,1,False,2,8,success,0.009900703125367727,0.009900703125367727,0.00030939697266774147,101.00292750297555,,[]
rq2.v1,8fbfc9ee-0721-4dbb-8c63-46739b75d687,until_next_alias::rulerunner_bounded_structured_exact::cpu::r1::b64,until_next_alias,bounded_repair_late_default,rulerunner_bounded_structured_exact,BoundedEventStructuredRuleRunnerMonitor,bounded_exact_online,structured,exact_online,cpu,cpu,2207,1,32,64,False,2,2,success,0.04432389000066905,0.000692560781260454,2.1642524414389186e-05,1443.9165876242798,,[]
rq2.v1,8fbfc9ee-0721-4dbb-8c63-46739b75d687,until_next_alias::rulerunner_bounded_structured_exact::cpu::r2::b1,until_next_alias,bounded_repair_late_default,rulerunner_bounded_structured_exact,BoundedEventStructuredRuleRunnerMonitor,bounded_exact_online,structured,exact_online,cpu,cpu,3301,2,32,1,False,2,8,success,0.01002057612504359,0.01002057612504359,0.0003131430039076122,99.79466125712906,,[]
rq2.v1,8fbfc9ee-0721-4dbb-8c63-46739b75d687,until_next_alias::rulerunner_bounded_structured_exact::cpu::r2::b64,until_next_alias,bounded_repair_late_default,rulerunner_bounded_structured_exact,BoundedEventStructuredRuleRunnerMonitor,bounded_exact_online,structured,exact_online,cpu,cpu,3301,2,32,64,False,2,2,success,0.044490907499493915,0.0006951704296795924,2.1724075927487263e-05,1438.4961691493481,,[]
rq2.v1,8fbfc9ee-0721-4dbb-8c63-46739b75d687,until_next_alias::rulerunner_bounded_structured_exact::cpu::r3::b1,until_next_alias,bounded_repair_late_default,rulerunner_bounded_structured_exact,BoundedEventStructuredRuleRunnerMonitor,bounded_exact_online,structured,exact_online,cpu,cpu,4409,3,32,1,False,2,8,success,0.010206127999936143,0.010206127999936143,0.0003189414999980045,97.98035062917658,,[]
rq2.v1,8fbfc9ee-0721-4dbb-8c63-46739b75d687,until_next_alias::rulerunner_bounded_structured_exact::cpu::r3::b64,until_next_alias,bounded_repair_late_default,rulerunner_bounded_structured_exact,BoundedEventStructuredRuleRunnerMonitor,bounded_exact_online,structured,exact_online,cpu,cpu,4409,3,32,64,False,2,2,success,0.044488633999208105,0.0006951349062376266,2.1722965819925832e-05,1438.5696805422076,,[]
rq2.v1,8fbfc9ee-0721-4dbb-8c63-46739b75d687,until_next_alias::rulerunner_bounded_structured_exact::cpu::r4::b1,until_next_alias,bounded_repair_late_default,rulerunner_bounded_structured_exact,BoundedEventStructuredRuleRunnerMonitor,bounded_exact_online,structured,exact_online,cpu,cpu,5501,4,32,1,False,2,8,success,0.010011339749780745,0.010011339749780745,0.0003128543671806483,99.88673094646505,,[]
rq2.v1,8fbfc9ee-0721-4dbb-8c63-46739b75d687,until_next_alias::rulerunner_bounded_structured_exact::cpu::r4::b64,until_next_alias,bounded_repair_late_default,rulerunner_bounded_structured_exact,BoundedEventStructuredRuleRunnerMonitor,bounded_exact_online,structured,exact_online,cpu,cpu,5501,4,32,64,False,2,2,success,0.047137678498984315,0.0007365262265466299,2.3016444579582185e-05,1357.7249036856795,,[]
rq2.v1,8fbfc9ee-0721-4dbb-8c63-46739b75d687,until_next_alias::rulerunner_progression_flat::cpu::r0::b1,until_next_alias,bounded_repair_late_default,rulerunner_progression_flat,ProgressionRuleRunnerMonitor,progression,flat,exact,cpu,cpu,1103,0,32,1,False,2,21,success,0.0027008310476265337,0.0027008310476265337,8.440097023832918e-05,370.25640714504937,,[]
rq2.v1,8fbfc9ee-0721-4dbb-8c63-46739b75d687,until_next_alias::rulerunner_progression_flat::cpu::r0::b64,until_next_alias,bounded_repair_late_default,rulerunner_progression_flat,ProgressionRuleRunnerMonitor,progression,flat,exact,cpu,cpu,1103,0,32,64,False,2,24,success,0.004224092416734493,6.600144401147645e-05,2.062545125358639e-06,15151.183659347183,,[]
rq2.v1,8fbfc9ee-0721-4dbb-8c63-46739b75d687,until_next_alias::rulerunner_progression_flat::cpu::r1::b1,until_next_alias,bounded_repair_late_default,rulerunner_progression_flat,ProgressionRuleRunnerMonitor,progression,flat,exact,cpu,cpu,2207,1,32,1,False,2,40,success,0.002430338700014545,0.002430338700014545,7.594808437545452e-05,411.4652825937452,,[]
rq2.v1,8fbfc9ee-0721-4dbb-8c63-46739b75d687,until_next_alias::rulerunner_progression_flat::cpu::r1::b64,until_next_alias,bounded_repair_late_default,rulerunner_progression_flat,ProgressionRuleRunnerMonitor,progression,flat,exact,cpu,cpu,2207,1,32,64,False,2,24,success,0.004045670583309402,6.32136028642094e-05,1.975425089506544e-06,15819.379922832795,,[]
rq2.v1,8fbfc9ee-0721-4dbb-8c63-46739b75d687,until_next_alias::rulerunner_progression_flat::cpu::r2::b1,until_next_alias,bounded_repair_late_default,rulerunner_progression_flat,ProgressionRuleRunnerMonitor,progression,flat,exact,cpu,cpu,3301,2,32,1,False,2,34,success,0.002520771794105017,0.002520771794105017,7.877411856578179e-05,396.7038993131241,,[]
rq2.v1,8fbfc9ee-0721-4dbb-8c63-46739b75d687,until_next_alias::rulerunner_progression_flat::cpu::r2::b64,until_next_alias,bounded_repair_late_default,rulerunner_progression_flat,ProgressionRuleRunnerMonitor,progression,flat,exact,cpu,cpu,3301,2,32,64,False,2,24,success,0.004096718666611802,6.401122916580941e-05,2.000350911431544e-06,15622.258985367745,,[]
rq2.v1,8fbfc9ee-0721-4dbb-8c63-46739b75d687,until_next_alias::rulerunner_progression_flat::cpu::r3::b1,until_next_alias,bounded_repair_late_default,rulerunner_progression_flat,ProgressionRuleRunnerMonitor,progression,flat,exact,cpu,cpu,4409,3,32,1,False,2,40,success,0.0024052224749539163,0.0024052224749539163,7.516320234230988e-05,415.7619556665584,,[]
rq2.v1,8fbfc9ee-0721-4dbb-8c63-46739b75d687,until_next_alias::rulerunner_progression_flat::cpu::r3::b64,until_next_alias,bounded_repair_late_default,rulerunner_progression_flat,ProgressionRuleRunnerMonitor,progression,flat,exact,cpu,cpu,4409,3,32,64,False,2,24,success,0.004113129666620807,6.426765104095011e-05,2.008364095029691e-06,15559.927643268295,,[]
rq2.v1,8fbfc9ee-0721-4dbb-8c63-46739b75d687,until_next_alias::rulerunner_progression_flat::cpu::r4::b1,until_next_alias,bounded_repair_late_default,rulerunner_progression_flat,ProgressionRuleRunnerMonitor,progression,flat,exact,cpu,cpu,5501,4,32,1,False,2,38,success,0.0024699055263083304,0.0024699055263083304,7.718454769713532e-05,404.87378539318473,,[]
rq2.v1,8fbfc9ee-0721-4dbb-8c63-46739b75d687,until_next_alias::rulerunner_progression_flat::cpu::r4::b64,until_next_alias,bounded_repair_late_default,rulerunner_progression_flat,ProgressionRuleRunnerMonitor,progression,flat,exact,cpu,cpu,5501,4,32,64,False,2,24,success,0.004111279958275797,6.423874934805933e-05,2.007460917126854e-06,15566.928219317992,,[]
rq2.v1,8fbfc9ee-0721-4dbb-8c63-46739b75d687,until_next_alias::rulerunner_progression_structured::cpu::r0::b1,until_next_alias,bounded_repair_late_default,rulerunner_progression_structured,ProgressionRuleRunnerStructuredMonitor,progression,structured,exact,cpu,cpu,1103,0,32,1,False,2,4,success,0.01851564775006409,0.01851564775006409,0.0005786139921895028,54.008372458724196,,[]
rq2.v1,8fbfc9ee-0721-4dbb-8c63-46739b75d687,until_next_alias::rulerunner_progression_structured::cpu::r0::b64,until_next_alias,bounded_repair_late_default,rulerunner_progression_structured,ProgressionRuleRunnerStructuredMonitor,progression,structured,exact,cpu,cpu,1103,0,32,64,False,2,2,success,0.02528006650027237,0.00039500103906675577,1.2343782470836118e-05,2531.638910020686,,[]
rq2.v1,8fbfc9ee-0721-4dbb-8c63-46739b75d687,until_next_alias::rulerunner_progression_structured::cpu::r1::b1,until_next_alias,bounded_repair_late_default,rulerunner_progression_structured,ProgressionRuleRunnerStructuredMonitor,progression,structured,exact,cpu,cpu,2207,1,32,1,False,2,4,success,0.018821911249688128,0.018821911249688128,0.000588184726552754,53.129567275829636,,[]
rq2.v1,8fbfc9ee-0721-4dbb-8c63-46739b75d687,until_next_alias::rulerunner_progression_structured::cpu::r1::b64,until_next_alias,bounded_repair_late_default,rulerunner_progression_structured,ProgressionRuleRunnerStructuredMonitor,progression,structured,exact,cpu,cpu,2207,1,32,64,False,2,2,success,0.026150865500312648,0.0004086072734423851,1.2768977295074535e-05,2447.3377372245996,,[]
rq2.v1,8fbfc9ee-0721-4dbb-8c63-46739b75d687,until_next_alias::rulerunner_progression_structured::cpu::r2::b1,until_next_alias,bounded_repair_late_default,rulerunner_progression_structured,ProgressionRuleRunnerStructuredMonitor,progression,structured,exact,cpu,cpu,3301,2,32,1,False,2,4,success,0.018623202000526362,0.018623202000526362,0.0005819750625164488,53.69645885663143,,[]
rq2.v1,8fbfc9ee-0721-4dbb-8c63-46739b75d687,until_next_alias::rulerunner_progression_structured::cpu::r2::b64,until_next_alias,bounded_repair_late_default,rulerunner_progression_structured,ProgressionRuleRunnerStructuredMonitor,progression,structured,exact,cpu,cpu,3301,2,32,64,False,2,2,success,0.030034255500140716,0.0004692852421896987,1.4665163818428084e-05,2130.900164969967,,[]
rq2.v1,8fbfc9ee-0721-4dbb-8c63-46739b75d687,until_next_alias::rulerunner_progression_structured::cpu::r3::b1,until_next_alias,bounded_repair_late_default,rulerunner_progression_structured,ProgressionRuleRunnerStructuredMonitor,progression,structured,exact,cpu,cpu,4409,3,32,1,False,2,4,success,0.019198721250177186,0.019198721250177186,0.0005999600390680371,52.08680239527781,,[]
rq2.v1,8fbfc9ee-0721-4dbb-8c63-46739b75d687,until_next_alias::rulerunner_progression_structured::cpu::r3::b64,until_next_alias,bounded_repair_late_default,rulerunner_progression_structured,ProgressionRuleRunnerStructuredMonitor,progression,structured,exact,cpu,cpu,4409,3,32,64,False,2,4,success,0.02255838924975251,0.00035247483202738294,1.1014838500855717e-05,2837.08199603401,,[]
rq2.v1,8fbfc9ee-0721-4dbb-8c63-46739b75d687,until_next_alias::rulerunner_progression_structured::cpu::r4::b1,until_next_alias,bounded_repair_late_default,rulerunner_progression_structured,ProgressionRuleRunnerStructuredMonitor,progression,structured,exact,cpu,cpu,5501,4,32,1,False,2,4,success,0.018241343749650696,0.018241343749650696,0.0005700419921765842,54.820522748996986,,[]
rq2.v1,8fbfc9ee-0721-4dbb-8c63-46739b75d687,until_next_alias::rulerunner_progression_structured::cpu::r4::b64,until_next_alias,bounded_repair_late_default,rulerunner_progression_structured,ProgressionRuleRunnerStructuredMonitor,progression,structured,exact,cpu,cpu,5501,4,32,64,False,2,4,success,0.022695311999996193,0.0003546142499999405,1.1081695312498141e-05,2819.9656387191653,,[]
rq2.v1,8fbfc9ee-0721-4dbb-8c63-46739b75d687,response::rulerunner_progression_flat::cpu::r0::b1,response,progression_only,rulerunner_progression_flat,ProgressionRuleRunnerMonitor,progression,flat,exact,cpu,cpu,1103,0,32,1,False,2,40,success,0.0024995727250825437,0.0024995727250825437,7.811164765882949e-05,400.068375672877,,[]
rq2.v1,8fbfc9ee-0721-4dbb-8c63-46739b75d687,response::rulerunner_progression_flat::cpu::r0::b64,response,progression_only,rulerunner_progression_flat,ProgressionRuleRunnerMonitor,progression,flat,exact,cpu,cpu,1103,0,32,64,False,2,26,success,0.003816975230830184,5.964023798172163e-05,1.8637574369288009e-06,16767.203382160835,,[]
rq2.v1,8fbfc9ee-0721-4dbb-8c63-46739b75d687,response::rulerunner_progression_flat::cpu::r1::b1,response,progression_only,rulerunner_progression_flat,ProgressionRuleRunnerMonitor,progression,flat,exact,cpu,cpu,2207,1,32,1,False,2,38,success,0.0024522439999648334,0.0024522439999648334,7.663262499890104e-05,407.7897631778651,,[]
rq2.v1,8fbfc9ee-0721-4dbb-8c63-46739b75d687,response::rulerunner_progression_flat::cpu::r1::b64,response,progression_only,rulerunner_progression_flat,ProgressionRuleRunnerMonitor,progression,flat,exact,cpu,cpu,2207,1,32,64,False,2,26,success,0.003700214769336386,5.781585577088103e-05,1.8067454928400323e-06,17296.29332069232,,[]
rq2.v1,8fbfc9ee-0721-4dbb-8c63-46739b75d687,response::rulerunner_progression_flat::cpu::r2::b1,response,progression_only,rulerunner_progression_flat,ProgressionRuleRunnerMonitor,progression,flat,exact,cpu,cpu,3301,2,32,1,False,2,40,success,0.0024261323000246194,0.0024261323000246194,7.581663437576936e-05,412.17867631944574,,[]
rq2.v1,8fbfc9ee-0721-4dbb-8c63-46739b75d687,response::rulerunner_progression_flat::cpu::r2::b64,response,progression_only,rulerunner_progression_flat,ProgressionRuleRunnerMonitor,progression,flat,exact,cpu,cpu,3301,2,32,64,False,2,26,success,0.0037957833077458558,5.9309114183528996e-05,1.8534098182352811e-06,16860.814965226957,,[]
rq2.v1,8fbfc9ee-0721-4dbb-8c63-46739b75d687,response::rulerunner_progression_flat::cpu::r3::b1,response,progression_only,rulerunner_progression_flat,ProgressionRuleRunnerMonitor,progression,flat,exact,cpu,cpu,4409,3,32,1,False,2,40,success,0.002508609974938736,0.002508609974938736,7.83940617168355e-05,398.62713215290535,,[]
rq2.v1,8fbfc9ee-0721-4dbb-8c63-46739b75d687,response::rulerunner_progression_flat::cpu::r3::b64,response,progression_only,rulerunner_progression_flat,ProgressionRuleRunnerMonitor,progression,flat,exact,cpu,cpu,4409,3,32,64,False,2,26,success,0.003718179346133883,5.8096552283341924e-05,1.8155172588544351e-06,17212.725380379085,,[]
rq2.v1,8fbfc9ee-0721-4dbb-8c63-46739b75d687,response::rulerunner_progression_flat::cpu::r4::b1,response,progression_only,rulerunner_progression_flat,ProgressionRuleRunnerMonitor,progression,flat,exact,cpu,cpu,5501,4,32,1,False,2,32,success,0.002411664062492491,0.002411664062492491,7.536450195289035e-05,414.6514498236064,,[]
rq2.v1,8fbfc9ee-0721-4dbb-8c63-46739b75d687,response::rulerunner_progression_flat::cpu::r4::b64,response,progression_only,rulerunner_progression_flat,ProgressionRuleRunnerMonitor,progression,flat,exact,cpu,cpu,5501,4,32,64,False,2,26,success,0.003877351307612396,6.0583614181443685e-05,1.8932379431701152e-06,16506.11330326167,,[]
rq2.v1,8fbfc9ee-0721-4dbb-8c63-46739b75d687,response::rulerunner_progression_structured::cpu::r0::b1,response,progression_only,rulerunner_progression_structured,ProgressionRuleRunnerStructuredMonitor,progression,structured,exact,cpu,cpu,1103,0,32,1,False,2,8,success,0.010552610750437452,0.010552610750437452,0.0003297690859511704,94.76327931062421,,[]
rq2.v1,8fbfc9ee-0721-4dbb-8c63-46739b75d687,response::rulerunner_progression_structured::cpu::r0::b64,response,progression_only,rulerunner_progression_structured,ProgressionRuleRunnerStructuredMonitor,progression,structured,exact,cpu,cpu,1103,0,32,64,False,2,6,success,0.013451125333328188,0.00021017383333325293,6.567932291664154e-06,4757.966223199602,,[]
rq2.v1,8fbfc9ee-0721-4dbb-8c63-46739b75d687,response::rulerunner_progression_structured::cpu::r1::b1,response,progression_only,rulerunner_progression_structured,ProgressionRuleRunnerStructuredMonitor,progression,structured,exact,cpu,cpu,2207,1,32,1,False,2,6,success,0.013206169333595122,0.013206169333595122,0.00041269279167484757,75.72218519537712,,[]
rq2.v1,8fbfc9ee-0721-4dbb-8c63-46739b75d687,response::rulerunner_progression_structured::cpu::r1::b64,response,progression_only,rulerunner_progression_structured,ProgressionRuleRunnerStructuredMonitor,progression,structured,exact,cpu,cpu,2207,1,32,64,False,2,4,success,0.014456875500400201,0.00022588867969375315,7.059021240429786e-06,4426.959338359684,,[]
rq2.v1,8fbfc9ee-0721-4dbb-8c63-46739b75d687,response::rulerunner_progression_structured::cpu::r2::b1,response,progression_only,rulerunner_progression_structured,ProgressionRuleRunnerStructuredMonitor,progression,structured,exact,cpu,cpu,3301,2,32,1,False,2,8,success,0.010658042624982045,0.010658042624982045,0.0003330638320306889,93.82585857332172,,[]
rq2.v1,8fbfc9ee-0721-4dbb-8c63-46739b75d687,response::rulerunner_progression_structured::cpu::r2::b64,response,progression_only,rulerunner_progression_structured,ProgressionRuleRunnerStructuredMonitor,progression,structured,exact,cpu,cpu,3301,2,32,64,False,2,6,success,0.013505351499892035,0.00021102111718581304,6.5944099120566575e-06,4738.862220691674,,[]
rq2.v1,8fbfc9ee-0721-4dbb-8c63-46739b75d687,response::rulerunner_progression_structured::cpu::r3::b1,response,progression_only,rulerunner_progression_structured,ProgressionRuleRunnerStructuredMonitor,progression,structured,exact,cpu,cpu,4409,3,32,1,False,2,8,success,0.011556677749922528,0.011556677749922528,0.000361146179685079,86.53005834714943,,[]
rq2.v1,8fbfc9ee-0721-4dbb-8c63-46739b75d687,response::rulerunner_progression_structured::cpu::r3::b64,response,progression_only,rulerunner_progression_structured,ProgressionRuleRunnerStructuredMonitor,progression,structured,exact,cpu,cpu,4409,3,32,64,False,2,6,success,0.013850339000176367,0.00021641154687775574,6.762860839929867e-06,4620.825526305533,,[]
rq2.v1,8fbfc9ee-0721-4dbb-8c63-46739b75d687,response::rulerunner_progression_structured::cpu::r4::b1,response,progression_only,rulerunner_progression_structured,ProgressionRuleRunnerStructuredMonitor,progression,structured,exact,cpu,cpu,5501,4,32,1,False,2,8,success,0.01104434337503335,0.01104434337503335,0.0003451357304697922,90.54408814023137,,[]
rq2.v1,8fbfc9ee-0721-4dbb-8c63-46739b75d687,response::rulerunner_progression_structured::cpu::r4::b64,response,progression_only,rulerunner_progression_structured,ProgressionRuleRunnerStructuredMonitor,progression,structured,exact,cpu,cpu,5501,4,32,64,False,2,3,success,0.017120297665921196,0.0002675046510300187,8.359520344688084e-06,3738.2527599035375,,[]
