schema_version,run_id,cell_id,panel,formula_id,formula_family,parameters_json,tree_shape,monitor_id,monitor_name,backend,requested_device,effective_device,trace_seed,repetition,trace_length,batch_size,warmup_iterations,inner_iterations,status,duration_s_per_batch,duration_s_per_trace,duration_s_per_cell,throughput_traces_s,estimated_scan_stack_bytes,warnings_json,failure_reason
rq3.v1,0fa12163-ecac-4e16-84e9-78c19bb7291b,tree_shape::ijcnn_balanced_n4::rulerunner_original_flat::r0::l32::b1,tree_shape,ijcnn_balanced_n4,ijcnn,"{""n_atoms"": 4}",balanced,rulerunner_original_flat,RuleRunnerMonitor,flat_cilp,cpu,cpu,1201,0,32,1,2,22,success,0.004070716181807008,0.004070716181807008,0.000127209880681469,245.65701840605743,,[],
rq3.v1,0fa12163-ecac-4e16-84e9-78c19bb7291b,tree_shape::ijcnn_balanced_n4::rulerunner_original_flat::r0::l32::b64,tree_shape,ijcnn_balanced_n4,ijcnn,"{""n_atoms"": 4}",balanced,rulerunner_original_flat,RuleRunnerMonitor,flat_cilp,cpu,cpu,1201,0,32,64,2,6,success,0.016261185166513314,0.00025408101822677054,7.94003181958658e-06,3935.752489418502,,[],
rq3.v1,0fa12163-ecac-4e16-84e9-78c19bb7291b,tree_shape::ijcnn_balanced_n4::rulerunner_original_flat::r1::l32::b1,tree_shape,ijcnn_balanced_n4,ijcnn,"{""n_atoms"": 4}",balanced,rulerunner_original_flat,RuleRunnerMonitor,flat_cilp,cpu,cpu,2309,1,32,1,2,10,success,0.005458886199994595,0.005458886199994595,0.0001705901937498311,183.1875520689532,,[],
rq3.v1,0fa12163-ecac-4e16-84e9-78c19bb7291b,tree_shape::ijcnn_balanced_n4::rulerunner_original_flat::r1::l32::b64,tree_shape,ijcnn_balanced_n4,ijcnn,"{""n_atoms"": 4}",balanced,rulerunner_original_flat,RuleRunnerMonitor,flat_cilp,cpu,cpu,2309,1,32,64,2,4,success,0.014543028750267695,0.00022723482422293273,7.101088256966648e-06,4400.733925443278,,[],
rq3.v1,0fa12163-ecac-4e16-84e9-78c19bb7291b,tree_shape::ijcnn_balanced_n4::rulerunner_original_flat::r2::l32::b1,tree_shape,ijcnn_balanced_n4,ijcnn,"{""n_atoms"": 4}",balanced,rulerunner_original_flat,RuleRunnerMonitor,flat_cilp,cpu,cpu,3413,2,32,1,2,11,success,0.004911574909122216,0.004911574909122216,0.00015348671591006925,203.600681757436,,[],
rq3.v1,0fa12163-ecac-4e16-84e9-78c19bb7291b,tree_shape::ijcnn_balanced_n4::rulerunner_original_flat::r2::l32::b64,tree_shape,ijcnn_balanced_n4,ijcnn,"{""n_atoms"": 4}",balanced,rulerunner_original_flat,RuleRunnerMonitor,flat_cilp,cpu,cpu,3413,2,32,64,2,3,success,0.016672588333070355,0.0002605091927042243,8.140912272007009e-06,3838.636132642641,,[],
rq3.v1,0fa12163-ecac-4e16-84e9-78c19bb7291b,tree_shape::ijcnn_balanced_n4::rulerunner_original_flat::r3::l32::b1,tree_shape,ijcnn_balanced_n4,ijcnn,"{""n_atoms"": 4}",balanced,rulerunner_original_flat,RuleRunnerMonitor,flat_cilp,cpu,cpu,4517,3,32,1,2,13,success,0.004595546923015858,0.004595546923015858,0.00014361084134424556,217.60195614404552,,[],
rq3.v1,0fa12163-ecac-4e16-84e9-78c19bb7291b,tree_shape::ijcnn_balanced_n4::rulerunner_original_flat::r3::l32::b64,tree_shape,ijcnn_balanced_n4,ijcnn,"{""n_atoms"": 4}",balanced,rulerunner_original_flat,RuleRunnerMonitor,flat_cilp,cpu,cpu,4517,3,32,64,2,4,success,0.01396805674994539,0.00021825088671789672,6.8203402099342725e-06,4581.882873596588,,[],
rq3.v1,0fa12163-ecac-4e16-84e9-78c19bb7291b,tree_shape::ijcnn_balanced_n4::rulerunner_original_flat::r4::l32::b1,tree_shape,ijcnn_balanced_n4,ijcnn,"{""n_atoms"": 4}",balanced,rulerunner_original_flat,RuleRunnerMonitor,flat_cilp,cpu,cpu,5623,4,32,1,2,11,success,0.004792893818045162,0.004792893818045162,0.00014977793181391132,208.64221866026267,,[],
rq3.v1,0fa12163-ecac-4e16-84e9-78c19bb7291b,tree_shape::ijcnn_balanced_n4::rulerunner_original_flat::r4::l32::b64,tree_shape,ijcnn_balanced_n4,ijcnn,"{""n_atoms"": 4}",balanced,rulerunner_original_flat,RuleRunnerMonitor,flat_cilp,cpu,cpu,5623,4,32,64,2,6,success,0.014209596166741298,0.00022202494010533277,6.938279378291649e-06,4503.998512624669,,[],
rq3.v1,0fa12163-ecac-4e16-84e9-78c19bb7291b,tree_shape::ijcnn_balanced_n4::rulerunner_original_structured::r0::l32::b1,tree_shape,ijcnn_balanced_n4,ijcnn,"{""n_atoms"": 4}",balanced,rulerunner_original_structured,StructuredRuleRunnerMonitor,module_scheduled_cilp,cpu,cpu,1201,0,32,1,2,4,success,0.021581448500000988,0.021581448500000988,0.0006744202656250309,46.3360927789418,,[],
rq3.v1,0fa12163-ecac-4e16-84e9-78c19bb7291b,tree_shape::ijcnn_balanced_n4::rulerunner_original_structured::r0::l32::b64,tree_shape,ijcnn_balanced_n4,ijcnn,"{""n_atoms"": 4}",balanced,rulerunner_original_structured,StructuredRuleRunnerMonitor,module_scheduled_cilp,cpu,cpu,1201,0,32,64,2,1,success,0.060986305001279106,0.000952911015644986,2.9778469238905814e-05,1049.415930324975,,[],
rq3.v1,0fa12163-ecac-4e16-84e9-78c19bb7291b,tree_shape::ijcnn_balanced_n4::rulerunner_original_structured::r1::l32::b1,tree_shape,ijcnn_balanced_n4,ijcnn,"{""n_atoms"": 4}",balanced,rulerunner_original_structured,StructuredRuleRunnerMonitor,module_scheduled_cilp,cpu,cpu,2309,1,32,1,2,2,success,0.026056239501485834,0.026056239501485834,0.0008142574844214323,38.37852349887158,,[],
rq3.v1,0fa12163-ecac-4e16-84e9-78c19bb7291b,tree_shape::ijcnn_balanced_n4::rulerunner_original_structured::r1::l32::b64,tree_shape,ijcnn_balanced_n4,ijcnn,"{""n_atoms"": 4}",balanced,rulerunner_original_structured,StructuredRuleRunnerMonitor,module_scheduled_cilp,cpu,cpu,2309,1,32,64,2,1,success,0.05549079900083598,0.0008670437343880621,2.7095116699626942e-05,1153.3443589276094,,[],
rq3.v1,0fa12163-ecac-4e16-84e9-78c19bb7291b,tree_shape::ijcnn_balanced_n4::rulerunner_original_structured::r2::l32::b1,tree_shape,ijcnn_balanced_n4,ijcnn,"{""n_atoms"": 4}",balanced,rulerunner_original_structured,StructuredRuleRunnerMonitor,module_scheduled_cilp,cpu,cpu,3413,2,32,1,2,4,success,0.022445961500125122,0.022445961500125122,0.0007014362968789101,44.551444142610045,,[],
rq3.v1,0fa12163-ecac-4e16-84e9-78c19bb7291b,tree_shape::ijcnn_balanced_n4::rulerunner_original_structured::r2::l32::b64,tree_shape,ijcnn_balanced_n4,ijcnn,"{""n_atoms"": 4}",balanced,rulerunner_original_structured,StructuredRuleRunnerMonitor,module_scheduled_cilp,cpu,cpu,3413,2,32,64,2,1,success,0.0527601030007645,0.0008243766093869453,2.5761769043342042e-05,1213.0378138017022,,[],
rq3.v1,0fa12163-ecac-4e16-84e9-78c19bb7291b,tree_shape::ijcnn_balanced_n4::rulerunner_original_structured::r3::l32::b1,tree_shape,ijcnn_balanced_n4,ijcnn,"{""n_atoms"": 4}",balanced,rulerunner_original_structured,StructuredRuleRunnerMonitor,module_scheduled_cilp,cpu,cpu,4517,3,32,1,2,2,success,0.025772810498892795,0.025772810498892795,0.0008054003280903999,38.800580171221924,,[],
rq3.v1,0fa12163-ecac-4e16-84e9-78c19bb7291b,tree_shape::ijcnn_balanced_n4::rulerunner_original_structured::r3::l32::b64,tree_shape,ijcnn_balanced_n4,ijcnn,"{""n_atoms"": 4}",balanced,rulerunner_original_structured,StructuredRuleRunnerMonitor,module_scheduled_cilp,cpu,cpu,4517,3,32,64,2,1,success,0.050797689000319224,0.0007937138906299879,2.480355908218712e-05,1259.8998351991527,,[],
rq3.v1,0fa12163-ecac-4e16-84e9-78c19bb7291b,tree_shape::ijcnn_balanced_n4::rulerunner_original_structured::r4::l32::b1,tree_shape,ijcnn_balanced_n4,ijcnn,"{""n_atoms"": 4}",balanced,rulerunner_original_structured,StructuredRuleRunnerMonitor,module_scheduled_cilp,cpu,cpu,5623,4,32,1,2,4,success,0.022790651999457623,0.022790651999457623,0.0007122078749830507,43.87763895582269,,[],
rq3.v1,0fa12163-ecac-4e16-84e9-78c19bb7291b,tree_shape::ijcnn_balanced_n4::rulerunner_original_structured::r4::l32::b64,tree_shape,ijcnn_balanced_n4,ijcnn,"{""n_atoms"": 4}",balanced,rulerunner_original_structured,StructuredRuleRunnerMonitor,module_scheduled_cilp,cpu,cpu,5623,4,32,64,2,2,success,0.05789207800080476,0.0009045637187625744,2.826761621133045e-05,1105.505316273331,,[],
rq3.v1,0fa12163-ecac-4e16-84e9-78c19bb7291b,tree_shape::ijcnn_left_deep_n4::rulerunner_original_flat::r0::l32::b1,tree_shape,ijcnn_left_deep_n4,ijcnn,"{""n_atoms"": 4}",left_deep,rulerunner_original_flat,RuleRunnerMonitor,flat_cilp,cpu,cpu,1201,0,32,1,2,24,success,0.0037820692500645237,0.0037820692500645237,0.00011818966406451636,264.4055235061969,,[],
rq3.v1,0fa12163-ecac-4e16-84e9-78c19bb7291b,tree_shape::ijcnn_left_deep_n4::rulerunner_original_flat::r0::l32::b64,tree_shape,ijcnn_left_deep_n4,ijcnn,"{""n_atoms"": 4}",left_deep,rulerunner_original_flat,RuleRunnerMonitor,flat_cilp,cpu,cpu,1201,0,32,64,2,8,success,0.012935340750118485,0.00020211469922060132,6.316084350643791e-06,4947.685664903244,,[],
rq3.v1,0fa12163-ecac-4e16-84e9-78c19bb7291b,tree_shape::ijcnn_left_deep_n4::rulerunner_original_flat::r1::l32::b1,tree_shape,ijcnn_left_deep_n4,ijcnn,"{""n_atoms"": 4}",left_deep,rulerunner_original_flat,RuleRunnerMonitor,flat_cilp,cpu,cpu,2309,1,32,1,2,20,success,0.004302143299901218,0.004302143299901218,0.00013444197812191306,232.44228057744175,,[],
rq3.v1,0fa12163-ecac-4e16-84e9-78c19bb7291b,tree_shape::ijcnn_left_deep_n4::rulerunner_original_flat::r1::l32::b64,tree_shape,ijcnn_left_deep_n4,ijcnn,"{""n_atoms"": 4}",left_deep,rulerunner_original_flat,RuleRunnerMonitor,flat_cilp,cpu,cpu,2309,1,32,64,2,8,success,0.015387849000035203,0.00024043514062555005,7.513598144548439e-06,4159.12581413124,,[],
rq3.v1,0fa12163-ecac-4e16-84e9-78c19bb7291b,tree_shape::ijcnn_left_deep_n4::rulerunner_original_flat::r2::l32::b1,tree_shape,ijcnn_left_deep_n4,ijcnn,"{""n_atoms"": 4}",left_deep,rulerunner_original_flat,RuleRunnerMonitor,flat_cilp,cpu,cpu,3413,2,32,1,2,13,success,0.003855772076908929,0.003855772076908929,0.00012049287740340403,259.3514295071284,,[],
rq3.v1,0fa12163-ecac-4e16-84e9-78c19bb7291b,tree_shape::ijcnn_left_deep_n4::rulerunner_original_flat::r2::l32::b64,tree_shape,ijcnn_left_deep_n4,ijcnn,"{""n_atoms"": 4}",left_deep,rulerunner_original_flat,RuleRunnerMonitor,flat_cilp,cpu,cpu,3413,2,32,64,2,4,success,0.03782866725032363,0.0005910729257863068,1.8471028930822087e-05,1691.8386147863157,,[],
rq3.v1,0fa12163-ecac-4e16-84e9-78c19bb7291b,tree_shape::ijcnn_left_deep_n4::rulerunner_original_flat::r3::l32::b1,tree_shape,ijcnn_left_deep_n4,ijcnn,"{""n_atoms"": 4}",left_deep,rulerunner_original_flat,RuleRunnerMonitor,flat_cilp,cpu,cpu,4517,3,32,1,2,14,success,0.00392300292852659,0.00392300292852659,0.00012259384151645593,254.9067686716161,,[],
rq3.v1,0fa12163-ecac-4e16-84e9-78c19bb7291b,tree_shape::ijcnn_left_deep_n4::rulerunner_original_flat::r3::l32::b64,tree_shape,ijcnn_left_deep_n4,ijcnn,"{""n_atoms"": 4}",left_deep,rulerunner_original_flat,RuleRunnerMonitor,flat_cilp,cpu,cpu,4517,3,32,64,2,4,success,0.01447561975055578,0.00022618155860243405,7.068173706326064e-06,4421.22693900845,,[],
rq3.v1,0fa12163-ecac-4e16-84e9-78c19bb7291b,tree_shape::ijcnn_left_deep_n4::rulerunner_original_flat::r4::l32::b1,tree_shape,ijcnn_left_deep_n4,ijcnn,"{""n_atoms"": 4}",left_deep,rulerunner_original_flat,RuleRunnerMonitor,flat_cilp,cpu,cpu,5623,4,32,1,2,12,success,0.004350588499922499,0.004350588499922499,0.0001359558906225781,229.8539611406167,,[],
rq3.v1,0fa12163-ecac-4e16-84e9-78c19bb7291b,tree_shape::ijcnn_left_deep_n4::rulerunner_original_flat::r4::l32::b64,tree_shape,ijcnn_left_deep_n4,ijcnn,"{""n_atoms"": 4}",left_deep,rulerunner_original_flat,RuleRunnerMonitor,flat_cilp,cpu,cpu,5623,4,32,64,2,6,success,0.011950050333325635,0.00018671953645821304,5.8349855143191576e-06,5355.625977701564,,[],
rq3.v1,0fa12163-ecac-4e16-84e9-78c19bb7291b,tree_shape::ijcnn_left_deep_n4::rulerunner_original_structured::r0::l32::b1,tree_shape,ijcnn_left_deep_n4,ijcnn,"{""n_atoms"": 4}",left_deep,rulerunner_original_structured,StructuredRuleRunnerMonitor,module_scheduled_cilp,cpu,cpu,1201,0,32,1,2,4,success,0.022774134749852237,0.022774134749852237,0.0007116917109328824,43.90946180760998,,[],
rq3.v1,0fa12163-ecac-4e16-84e9-78c19bb7291b,tree_shape::ijcnn_left_deep_n4::rulerunner_original_structured::r0::l32::b64,tree_shape,ijcnn_left_deep_n4,ijcnn,"{""n_atoms"": 4}",left_deep,rulerunner_original_structured,StructuredRuleRunnerMonitor,module_scheduled_cilp,cpu,cpu,1201,0,32,64,2,1,success,0.05742628100051661,0.000897285640633072,2.80401762697835e-05,1114.4723092798617,,[],
rq3.v1,0fa12163-ecac-4e16-84e9-78c19bb7291b,tree_shape::ijcnn_left_deep_n4::rulerunner_original_structured::r1::l32::b1,tree_shape,ijcnn_left_deep_n4,ijcnn,"{""n_atoms"": 4}",left_deep,rulerunner_original_structured,StructuredRuleRunnerMonitor,module_scheduled_cilp,cpu,cpu,2309,1,32,1,2,4,success,0.02264431200001127,0.02264431200001127,0.0007076347500003521,44.16120039326001,,[],
rq3.v1,0fa12163-ecac-4e16-84e9-78c19bb7291b,tree_shape::ijcnn_left_deep_n4::rulerunner_original_structured::r1::l32::b64,tree_shape,ijcnn_left_deep_n4,ijcnn,"{""n_atoms"": 4}",left_deep,rulerunner_original_structured,StructuredRuleRunnerMonitor,module_scheduled_cilp,cpu,cpu,2309,1,32,64,2,1,success,0.05544784299854655,0.0008663725468522898,2.7074142089134057e-05,1154.2378664157889,,[],
rq3.v1,0fa12163-ecac-4e16-84e9-78c19bb7291b,tree_shape::ijcnn_left_deep_n4::rulerunner_original_structured::r2::l32::b1,tree_shape,ijcnn_left_deep_n4,ijcnn,"{""n_atoms"": 4}",left_deep,rulerunner_original_structured,StructuredRuleRunnerMonitor,module_scheduled_cilp,cpu,cpu,3413,2,32,1,2,4,success,0.023829825499888102,0.023829825499888102,0.0007446820468715032,41.9642183281911,,[],
rq3.v1,0fa12163-ecac-4e16-84e9-78c19bb7291b,tree_shape::ijcnn_left_deep_n4::rulerunner_original_structured::r2::l32::b64,tree_shape,ijcnn_left_deep_n4,ijcnn,"{""n_atoms"": 4}",left_deep,rulerunner_original_structured,StructuredRuleRunnerMonitor,module_scheduled_cilp,cpu,cpu,3413,2,32,64,2,1,success,0.060269208002864616,0.0009417063750447596,2.9428324220148738e-05,1061.9021241652629,,[],
rq3.v1,0fa12163-ecac-4e16-84e9-78c19bb7291b,tree_shape::ijcnn_left_deep_n4::rulerunner_original_structured::r3::l32::b1,tree_shape,ijcnn_left_deep_n4,ijcnn,"{""n_atoms"": 4}",left_deep,rulerunner_original_structured,StructuredRuleRunnerMonitor,module_scheduled_cilp,cpu,cpu,4517,3,32,1,2,2,success,0.029898438499003532,0.029898438499003532,0.0009343262030938604,33.446562770605176,,[],
rq3.v1,0fa12163-ecac-4e16-84e9-78c19bb7291b,tree_shape::ijcnn_left_deep_n4::rulerunner_original_structured::r3::l32::b64,tree_shape,ijcnn_left_deep_n4,ijcnn,"{""n_atoms"": 4}",left_deep,rulerunner_original_structured,StructuredRuleRunnerMonitor,module_scheduled_cilp,cpu,cpu,4517,3,32,64,2,1,success,0.06566965999809327,0.0010260884374702073,3.206526367094398e-05,974.5748645852325,,[],
rq3.v1,0fa12163-ecac-4e16-84e9-78c19bb7291b,tree_shape::ijcnn_left_deep_n4::rulerunner_original_structured::r4::l32::b1,tree_shape,ijcnn_left_deep_n4,ijcnn,"{""n_atoms"": 4}",left_deep,rulerunner_original_structured,StructuredRuleRunnerMonitor,module_scheduled_cilp,cpu,cpu,5623,4,32,1,2,2,success,0.0334707409983821,0.0334707409983821,0.0010459606561994406,29.876840792031995,,[],
rq3.v1,0fa12163-ecac-4e16-84e9-78c19bb7291b,tree_shape::ijcnn_left_deep_n4::rulerunner_original_structured::r4::l32::b64,tree_shape,ijcnn_left_deep_n4,ijcnn,"{""n_atoms"": 4}",left_deep,rulerunner_original_structured,StructuredRuleRunnerMonitor,module_scheduled_cilp,cpu,cpu,5623,4,32,64,2,1,success,0.0599600149980688,0.000936875234344825,2.927735107327578e-05,1067.377985179979,,[],
rq3.v1,0fa12163-ecac-4e16-84e9-78c19bb7291b,tree_shape::ijcnn_balanced_n8::rulerunner_original_flat::r0::l32::b1,tree_shape,ijcnn_balanced_n8,ijcnn,"{""n_atoms"": 8}",balanced,rulerunner_original_flat,RuleRunnerMonitor,flat_cilp,cpu,cpu,1201,0,32,1,2,9,success,0.006058071222165988,0.006058071222165988,0.00018931472569268712,165.06903985233478,,[],
rq3.v1,0fa12163-ecac-4e16-84e9-78c19bb7291b,tree_shape::ijcnn_balanced_n8::rulerunner_original_flat::r0::l32::b64,tree_shape,ijcnn_balanced_n8,ijcnn,"{""n_atoms"": 8}",balanced,rulerunner_original_flat,RuleRunnerMonitor,flat_cilp,cpu,cpu,1201,0,32,64,2,2,success,0.026414670999656664,0.0004127292343696354,1.2897788574051106e-05,2422.8959732578865,,[],
rq3.v1,0fa12163-ecac-4e16-84e9-78c19bb7291b,tree_shape::ijcnn_balanced_n8::rulerunner_original_flat::r1::l32::b1,tree_shape,ijcnn_balanced_n8,ijcnn,"{""n_atoms"": 8}",balanced,rulerunner_original_flat,RuleRunnerMonitor,flat_cilp,cpu,cpu,2309,1,32,1,2,8,success,0.008448473250155075,0.008448473250155075,0.0002640147890673461,118.36458143270379,,[],
rq3.v1,0fa12163-ecac-4e16-84e9-78c19bb7291b,tree_shape::ijcnn_balanced_n8::rulerunner_original_flat::r1::l32::b64,tree_shape,ijcnn_balanced_n8,ijcnn,"{""n_atoms"": 8}",balanced,rulerunner_original_flat,RuleRunnerMonitor,flat_cilp,cpu,cpu,2309,1,32,64,2,4,success,0.022692091500175593,0.00035456392969024364,1.1080122802820114e-05,2820.3658529891245,,[],
rq3.v1,0fa12163-ecac-4e16-84e9-78c19bb7291b,tree_shape::ijcnn_balanced_n8::rulerunner_original_flat::r2::l32::b1,tree_shape,ijcnn_balanced_n8,ijcnn,"{""n_atoms"": 8}",balanced,rulerunner_original_flat,RuleRunnerMonitor,flat_cilp,cpu,cpu,3413,2,32,1,2,14,success,0.0076516185714094066,0.0076516185714094066,0.00023911308035654395,130.6913028488563,,[],
rq3.v1,0fa12163-ecac-4e16-84e9-78c19bb7291b,tree_shape::ijcnn_balanced_n8::rulerunner_original_flat::r2::l32::b64,tree_shape,ijcnn_balanced_n8,ijcnn,"{""n_atoms"": 8}",balanced,rulerunner_original_flat,RuleRunnerMonitor,flat_cilp,cpu,cpu,3413,2,32,64,2,2,success,0.035510654999598046,0.0005548539843687195,1.7339187011522483e-05,1802.2759647977327,,[],
rq3.v1,0fa12163-ecac-4e16-84e9-78c19bb7291b,tree_shape::ijcnn_balanced_n8::rulerunner_original_flat::r3::l32::b1,tree_shape,ijcnn_balanced_n8,ijcnn,"{""n_atoms"": 8}",balanced,rulerunner_original_flat,RuleRunnerMonitor,flat_cilp,cpu,cpu,4517,3,32,1,2,10,success,0.006941889000154333,0.006941889000154333,0.0002169340312548229,144.05300919933578,,[],
rq3.v1,0fa12163-ecac-4e16-84e9-78c19bb7291b,tree_shape::ijcnn_balanced_n8::rulerunner_original_flat::r3::l32::b64,tree_shape,ijcnn_balanced_n8,ijcnn,"{""n_atoms"": 8}",balanced,rulerunner_original_flat,RuleRunnerMonitor,flat_cilp,cpu,cpu,4517,3,32,64,2,4,success,0.021950620250208885,0.00034297844140951383,1.0718076294047307e-05,2915.6351515575498,,[],
rq3.v1,0fa12163-ecac-4e16-84e9-78c19bb7291b,tree_shape::ijcnn_balanced_n8::rulerunner_original_flat::r4::l32::b1,tree_shape,ijcnn_balanced_n8,ijcnn,"{""n_atoms"": 8}",balanced,rulerunner_original_flat,RuleRunnerMonitor,flat_cilp,cpu,cpu,5623,4,32,1,2,12,success,0.007820100999803495,0.007820100999803495,0.0002443781562438592,127.87558626482294,,[],
rq3.v1,0fa12163-ecac-4e16-84e9-78c19bb7291b,tree_shape::ijcnn_balanced_n8::rulerunner_original_flat::r4::l32::b64,tree_shape,ijcnn_balanced_n8,ijcnn,"{""n_atoms"": 8}",balanced,rulerunner_original_flat,RuleRunnerMonitor,flat_cilp,cpu,cpu,5623,4,32,64,2,4,success,0.02430022899989126,0.00037969107812330094,1.1865346191353154e-05,2633.7200361480704,,[],
rq3.v1,0fa12163-ecac-4e16-84e9-78c19bb7291b,tree_shape::ijcnn_balanced_n8::rulerunner_original_structured::r0::l32::b1,tree_shape,ijcnn_balanced_n8,ijcnn,"{""n_atoms"": 8}",balanced,rulerunner_original_structured,StructuredRuleRunnerMonitor,module_scheduled_cilp,cpu,cpu,1201,0,32,1,2,2,success,0.05775506050122203,0.05775506050122203,0.0018048456406631885,17.314500085734323,,[],
rq3.v1,0fa12163-ecac-4e16-84e9-78c19bb7291b,tree_shape::ijcnn_balanced_n8::rulerunner_original_structured::r0::l32::b64,tree_shape,ijcnn_balanced_n8,ijcnn,"{""n_atoms"": 8}",balanced,rulerunner_original_structured,StructuredRuleRunnerMonitor,module_scheduled_cilp,cpu,cpu,1201,0,32,64,2,1,success,0.14333951900334796,0.002239679984427312,6.99899995133535e-05,446.4923591553643,,[],
rq3.v1,0fa12163-ecac-4e16-84e9-78c19bb7291b,tree_shape::ijcnn_balanced_n8::rulerunner_original_structured::r1::l32::b1,tree_shape,ijcnn_balanced_n8,ijcnn,"{""n_atoms"": 8}",balanced,rulerunner_original_structured,StructuredRuleRunnerMonitor,module_scheduled_cilp,cpu,cpu,2309,1,32,1,2,1,success,0.055641289000050165,0.055641289000050165,0.0017387902812515676,17.97226516443748,,[],
rq3.v1,0fa12163-ecac-4e16-84e9-78c19bb7291b,tree_shape::ijcnn_balanced_n8::rulerunner_original_structured::r1::l32::b64,tree_shape,ijcnn_balanced_n8,ijcnn,"{""n_atoms"": 8}",balanced,rulerunner_original_structured,StructuredRuleRunnerMonitor,module_scheduled_cilp,cpu,cpu,2309,1,32,64,2,1,success,0.15274275499905343,0.00238660554686021,7.458142333938156e-05,419.00514365081744,,[],
rq3.v1,0fa12163-ecac-4e16-84e9-78c19bb7291b,tree_shape::ijcnn_balanced_n8::rulerunner_original_structured::r2::l32::b1,tree_shape,ijcnn_balanced_n8,ijcnn,"{""n_atoms"": 8}",balanced,rulerunner_original_structured,StructuredRuleRunnerMonitor,module_scheduled_cilp,cpu,cpu,3413,2,32,1,2,1,success,0.05295425899748807,0.05295425899748807,0.0016548205936715021,18.884222325676124,,[],
rq3.v1,0fa12163-ecac-4e16-84e9-78c19bb7291b,tree_shape::ijcnn_balanced_n8::rulerunner_original_structured::r2::l32::b64,tree_shape,ijcnn_balanced_n8,ijcnn,"{""n_atoms"": 8}",balanced,rulerunner_original_structured,StructuredRuleRunnerMonitor,module_scheduled_cilp,cpu,cpu,3413,2,32,64,2,1,success,0.1510265429969877,0.002359789734327933,7.37434291977479e-05,423.76656930614183,,[],
rq3.v1,0fa12163-ecac-4e16-84e9-78c19bb7291b,tree_shape::ijcnn_balanced_n8::rulerunner_original_structured::r3::l32::b1,tree_shape,ijcnn_balanced_n8,ijcnn,"{""n_atoms"": 8}",balanced,rulerunner_original_structured,StructuredRuleRunnerMonitor,module_scheduled_cilp,cpu,cpu,4517,3,32,1,2,2,success,0.049823880499388906,0.049823880499388906,0.0015569962656059033,20.07069682202423,,[],
rq3.v1,0fa12163-ecac-4e16-84e9-78c19bb7291b,tree_shape::ijcnn_balanced_n8::rulerunner_original_structured::r3::l32::b64,tree_shape,ijcnn_balanced_n8,ijcnn,"{""n_atoms"": 8}",balanced,rulerunner_original_structured,StructuredRuleRunnerMonitor,module_scheduled_cilp,cpu,cpu,4517,3,32,64,2,1,success,0.14490340299744275,0.002264115671835043,7.07536147448451e-05,441.67354717769786,,[],
rq3.v1,0fa12163-ecac-4e16-84e9-78c19bb7291b,tree_shape::ijcnn_balanced_n8::rulerunner_original_structured::r4::l32::b1,tree_shape,ijcnn_balanced_n8,ijcnn,"{""n_atoms"": 8}",balanced,rulerunner_original_structured,StructuredRuleRunnerMonitor,module_scheduled_cilp,cpu,cpu,5623,4,32,1,2,2,success,0.04866668899921933,0.04866668899921933,0.0015208340312256041,20.547935776276894,,[],
rq3.v1,0fa12163-ecac-4e16-84e9-78c19bb7291b,tree_shape::ijcnn_balanced_n8::rulerunner_original_structured::r4::l32::b64,tree_shape,ijcnn_balanced_n8,ijcnn,"{""n_atoms"": 8}",balanced,rulerunner_original_structured,StructuredRuleRunnerMonitor,module_scheduled_cilp,cpu,cpu,5623,4,32,64,2,1,success,0.15070788999946672,0.0023548107812416674,7.358783691380211e-05,424.6625707534388,,[],
rq3.v1,0fa12163-ecac-4e16-84e9-78c19bb7291b,tree_shape::ijcnn_left_deep_n8::rulerunner_original_flat::r0::l32::b1,tree_shape,ijcnn_left_deep_n8,ijcnn,"{""n_atoms"": 8}",left_deep,rulerunner_original_flat,RuleRunnerMonitor,flat_cilp,cpu,cpu,1201,0,32,1,2,12,success,0.00740507058314203,0.00740507058314203,0.00023140845572318844,135.04260206196335,,[],
rq3.v1,0fa12163-ecac-4e16-84e9-78c19bb7291b,tree_shape::ijcnn_left_deep_n8::rulerunner_original_flat::r0::l32::b64,tree_shape,ijcnn_left_deep_n8,ijcnn,"{""n_atoms"": 8}",left_deep,rulerunner_original_flat,RuleRunnerMonitor,flat_cilp,cpu,cpu,1201,0,32,64,2,2,success,0.02830050000011397,0.0004421953125017808,1.381860351568065e-05,2261.444144087287,,[],
rq3.v1,0fa12163-ecac-4e16-84e9-78c19bb7291b,tree_shape::ijcnn_left_deep_n8::rulerunner_original_flat::r1::l32::b1,tree_shape,ijcnn_left_deep_n8,ijcnn,"{""n_atoms"": 8}",left_deep,rulerunner_original_flat,RuleRunnerMonitor,flat_cilp,cpu,cpu,2309,1,32,1,2,14,success,0.008342716642800951,0.008342716642800951,0.00026070989508752973,119.86503231689095,,[],
rq3.v1,0fa12163-ecac-4e16-84e9-78c19bb7291b,tree_shape::ijcnn_left_deep_n8::rulerunner_original_flat::r1::l32::b64,tree_shape,ijcnn_left_deep_n8,ijcnn,"{""n_atoms"": 8}",left_deep,rulerunner_original_flat,RuleRunnerMonitor,flat_cilp,cpu,cpu,2309,1,32,64,2,2,success,0.02585042750069988,0.0004039129296984356,1.2622279053076113e-05,2475.7811064543225,,[],
rq3.v1,0fa12163-ecac-4e16-84e9-78c19bb7291b,tree_shape::ijcnn_left_deep_n8::rulerunner_original_flat::r2::l32::b1,tree_shape,ijcnn_left_deep_n8,ijcnn,"{""n_atoms"": 8}",left_deep,rulerunner_original_flat,RuleRunnerMonitor,flat_cilp,cpu,cpu,3413,2,32,1,2,8,success,0.006476359125372255,0.006476359125372255,0.00020238622266788298,154.40774370932078,,[],
rq3.v1,0fa12163-ecac-4e16-84e9-78c19bb7291b,tree_shape::ijcnn_left_deep_n8::rulerunner_original_flat::r2::l32::b64,tree_shape,ijcnn_left_deep_n8,ijcnn,"{""n_atoms"": 8}",left_deep,rulerunner_original_flat,RuleRunnerMonitor,flat_cilp,cpu,cpu,3413,2,32,64,2,2,success,0.031788182499440154,0.0004966903515537524,1.5521573486054763e-05,2013.3268078829972,,[],
rq3.v1,0fa12163-ecac-4e16-84e9-78c19bb7291b,tree_shape::ijcnn_left_deep_n8::rulerunner_original_flat::r3::l32::b1,tree_shape,ijcnn_left_deep_n8,ijcnn,"{""n_atoms"": 8}",left_deep,rulerunner_original_flat,RuleRunnerMonitor,flat_cilp,cpu,cpu,4517,3,32,1,2,10,success,0.00813219299998309,0.00813219299998309,0.00025413103124947154,122.96806039921574,,[],
rq3.v1,0fa12163-ecac-4e16-84e9-78c19bb7291b,tree_shape::ijcnn_left_deep_n8::rulerunner_original_flat::r3::l32::b64,tree_shape,ijcnn_left_deep_n8,ijcnn,"{""n_atoms"": 8}",left_deep,rulerunner_original_flat,RuleRunnerMonitor,flat_cilp,cpu,cpu,4517,3,32,64,2,2,success,0.028299608500674367,0.000442181382823037,1.3818168213219906e-05,2261.5153845140617,,[],
rq3.v1,0fa12163-ecac-4e16-84e9-78c19bb7291b,tree_shape::ijcnn_left_deep_n8::rulerunner_original_flat::r4::l32::b1,tree_shape,ijcnn_left_deep_n8,ijcnn,"{""n_atoms"": 8}",left_deep,rulerunner_original_flat,RuleRunnerMonitor,flat_cilp,cpu,cpu,5623,4,32,1,2,7,success,0.007283008999885559,0.007283008999885559,0.0002275940312464237,137.3058855228263,,[],
rq3.v1,0fa12163-ecac-4e16-84e9-78c19bb7291b,tree_shape::ijcnn_left_deep_n8::rulerunner_original_flat::r4::l32::b64,tree_shape,ijcnn_left_deep_n8,ijcnn,"{""n_atoms"": 8}",left_deep,rulerunner_original_flat,RuleRunnerMonitor,flat_cilp,cpu,cpu,5623,4,32,64,2,2,success,0.035187552000934375,0.0005498055000145996,1.7181421875456238e-05,1818.8250207999845,,[],
rq3.v1,0fa12163-ecac-4e16-84e9-78c19bb7291b,tree_shape::ijcnn_left_deep_n8::rulerunner_original_structured::r0::l32::b1,tree_shape,ijcnn_left_deep_n8,ijcnn,"{""n_atoms"": 8}",left_deep,rulerunner_original_structured,StructuredRuleRunnerMonitor,module_scheduled_cilp,cpu,cpu,1201,0,32,1,2,2,success,0.04872181199971237,0.04872181199971237,0.0015225566249910116,20.524688203425264,,[],
rq3.v1,0fa12163-ecac-4e16-84e9-78c19bb7291b,tree_shape::ijcnn_left_deep_n8::rulerunner_original_structured::r0::l32::b64,tree_shape,ijcnn_left_deep_n8,ijcnn,"{""n_atoms"": 8}",left_deep,rulerunner_original_structured,StructuredRuleRunnerMonitor,module_scheduled_cilp,cpu,cpu,1201,0,32,64,2,1,success,0.1289368289981212,0.0020146379530956438,6.295743603423887e-05,496.3671008299155,,[],
rq3.v1,0fa12163-ecac-4e16-84e9-78c19bb7291b,tree_shape::ijcnn_left_deep_n8::rulerunner_original_structured::r1::l32::b1,tree_shape,ijcnn_left_deep_n8,ijcnn,"{""n_atoms"": 8}",left_deep,rulerunner_original_structured,StructuredRuleRunnerMonitor,module_scheduled_cilp,cpu,cpu,2309,1,32,1,2,2,success,0.049500204500873224,0.049500204500873224,0.0015468813906522882,20.201936741137285,,[],
rq3.v1,0fa12163-ecac-4e16-84e9-78c19bb7291b,tree_shape::ijcnn_left_deep_n8::rulerunner_original_structured::r1::l32::b64,tree_shape,ijcnn_left_deep_n8,ijcnn,"{""n_atoms"": 8}",left_deep,rulerunner_original_structured,StructuredRuleRunnerMonitor,module_scheduled_cilp,cpu,cpu,2309,1,32,64,2,1,success,0.1492337910021888,0.0023317779844092,7.28680620127875e-05,428.85729545704106,,[],
rq3.v1,0fa12163-ecac-4e16-84e9-78c19bb7291b,tree_shape::ijcnn_left_deep_n8::rulerunner_original_structured::r2::l32::b1,tree_shape,ijcnn_left_deep_n8,ijcnn,"{""n_atoms"": 8}",left_deep,rulerunner_original_structured,StructuredRuleRunnerMonitor,module_scheduled_cilp,cpu,cpu,3413,2,32,1,2,1,success,0.05035667599804583,0.05035667599804583,0.0015736461249389322,19.858340134261574,,[],
rq3.v1,0fa12163-ecac-4e16-84e9-78c19bb7291b,tree_shape::ijcnn_left_deep_n8::rulerunner_original_structured::r2::l32::b64,tree_shape,ijcnn_left_deep_n8,ijcnn,"{""n_atoms"": 8}",left_deep,rulerunner_original_structured,StructuredRuleRunnerMonitor,module_scheduled_cilp,cpu,cpu,3413,2,32,64,2,1,success,0.17519707799874595,0.0027374543437304055,8.554544824157517e-05,365.30289620731065,,[],
rq3.v1,0fa12163-ecac-4e16-84e9-78c19bb7291b,tree_shape::ijcnn_left_deep_n8::rulerunner_original_structured::r3::l32::b1,tree_shape,ijcnn_left_deep_n8,ijcnn,"{""n_atoms"": 8}",left_deep,rulerunner_original_structured,StructuredRuleRunnerMonitor,module_scheduled_cilp,cpu,cpu,4517,3,32,1,2,2,success,0.048715541499404935,0.048715541499404935,0.0015223606718564042,20.527330072112925,,[],
rq3.v1,0fa12163-ecac-4e16-84e9-78c19bb7291b,tree_shape::ijcnn_left_deep_n8::rulerunner_original_structured::r3::l32::b64,tree_shape,ijcnn_left_deep_n8,ijcnn,"{""n_atoms"": 8}",left_deep,rulerunner_original_structured,StructuredRuleRunnerMonitor,module_scheduled_cilp,cpu,cpu,4517,3,32,64,2,1,success,0.13341646499975468,0.002084632265621167,6.514475830066147e-05,479.70091247821387,,[],
rq3.v1,0fa12163-ecac-4e16-84e9-78c19bb7291b,tree_shape::ijcnn_left_deep_n8::rulerunner_original_structured::r4::l32::b1,tree_shape,ijcnn_left_deep_n8,ijcnn,"{""n_atoms"": 8}",left_deep,rulerunner_original_structured,StructuredRuleRunnerMonitor,module_scheduled_cilp,cpu,cpu,5623,4,32,1,2,2,success,0.049625482999545056,0.049625482999545056,0.001550796343735783,20.150937372421495,,[],
rq3.v1,0fa12163-ecac-4e16-84e9-78c19bb7291b,tree_shape::ijcnn_left_deep_n8::rulerunner_original_structured::r4::l32::b64,tree_shape,ijcnn_left_deep_n8,ijcnn,"{""n_atoms"": 8}",left_deep,rulerunner_original_structured,StructuredRuleRunnerMonitor,module_scheduled_cilp,cpu,cpu,5623,4,32,64,2,1,success,0.1407408579980256,0.00219907590621915,6.872112206934844e-05,454.7364632443681,,[],
rq3.v1,0fa12163-ecac-4e16-84e9-78c19bb7291b,tree_shape::ijcnn_balanced_n16::rulerunner_original_flat::r0::l32::b1,tree_shape,ijcnn_balanced_n16,ijcnn,"{""n_atoms"": 16}",balanced,rulerunner_original_flat,RuleRunnerMonitor,flat_cilp,cpu,cpu,1201,0,32,1,2,12,success,0.0068424035001347265,0.0068424035001347265,0.0002138251093792102,146.14747580734021,,[],
rq3.v1,0fa12163-ecac-4e16-84e9-78c19bb7291b,tree_shape::ijcnn_balanced_n16::rulerunner_original_flat::r0::l32::b64,tree_shape,ijcnn_balanced_n16,ijcnn,"{""n_atoms"": 16}",balanced,rulerunner_original_flat,RuleRunnerMonitor,flat_cilp,cpu,cpu,1201,0,32,64,2,2,success,0.04475760400055151,0.0006993375625086173,2.1854298828394292e-05,1429.9246223996124,,[],
rq3.v1,0fa12163-ecac-4e16-84e9-78c19bb7291b,tree_shape::ijcnn_balanced_n16::rulerunner_original_flat::r1::l32::b1,tree_shape,ijcnn_balanced_n16,ijcnn,"{""n_atoms"": 16}",balanced,rulerunner_original_flat,RuleRunnerMonitor,flat_cilp,cpu,cpu,2309,1,32,1,2,12,success,0.008531441666491446,0.008531441666491446,0.0002666075520778577,117.21348385087767,,[],
rq3.v1,0fa12163-ecac-4e16-84e9-78c19bb7291b,tree_shape::ijcnn_balanced_n16::rulerunner_original_flat::r1::l32::b64,tree_shape,ijcnn_balanced_n16,ijcnn,"{""n_atoms"": 16}",balanced,rulerunner_original_flat,RuleRunnerMonitor,flat_cilp,cpu,cpu,2309,1,32,64,2,2,success,0.04406678099985584,0.0006885434531227475,2.1516982910085858e-05,1452.341163748933,,[],
rq3.v1,0fa12163-ecac-4e16-84e9-78c19bb7291b,tree_shape::ijcnn_balanced_n16::rulerunner_original_flat::r2::l32::b1,tree_shape,ijcnn_balanced_n16,ijcnn,"{""n_atoms"": 16}",balanced,rulerunner_original_flat,RuleRunnerMonitor,flat_cilp,cpu,cpu,3413,2,32,1,2,7,success,0.0076628172854335775,0.0076628172854335775,0.0002394630401697993,130.500305925462,,[],
rq3.v1,0fa12163-ecac-4e16-84e9-78c19bb7291b,tree_shape::ijcnn_balanced_n16::rulerunner_original_flat::r2::l32::b64,tree_shape,ijcnn_balanced_n16,ijcnn,"{""n_atoms"": 16}",balanced,rulerunner_original_flat,RuleRunnerMonitor,flat_cilp,cpu,cpu,3413,2,32,64,2,1,success,0.0512418649996107,0.0008006541406189172,2.502044189434116e-05,1248.9787403422226,,[],
rq3.v1,0fa12163-ecac-4e16-84e9-78c19bb7291b,tree_shape::ijcnn_balanced_n16::rulerunner_original_flat::r3::l32::b1,tree_shape,ijcnn_balanced_n16,ijcnn,"{""n_atoms"": 16}",balanced,rulerunner_original_flat,RuleRunnerMonitor,flat_cilp,cpu,cpu,4517,3,32,1,2,7,success,0.008298567714518867,0.008298567714518867,0.0002593302410787146,120.50272220475311,,[],
rq3.v1,0fa12163-ecac-4e16-84e9-78c19bb7291b,tree_shape::ijcnn_balanced_n16::rulerunner_original_flat::r3::l32::b64,tree_shape,ijcnn_balanced_n16,ijcnn,"{""n_atoms"": 16}",balanced,rulerunner_original_flat,RuleRunnerMonitor,flat_cilp,cpu,cpu,4517,3,32,64,2,2,success,0.04181606450038089,0.0006533760078184514,2.0418000244326606e-05,1530.512274760267,,[],
rq3.v1,0fa12163-ecac-4e16-84e9-78c19bb7291b,tree_shape::ijcnn_balanced_n16::rulerunner_original_flat::r4::l32::b1,tree_shape,ijcnn_balanced_n16,ijcnn,"{""n_atoms"": 16}",balanced,rulerunner_original_flat,RuleRunnerMonitor,flat_cilp,cpu,cpu,5623,4,32,1,2,10,success,0.007607944299888913,0.007607944299888913,0.00023774825937152854,131.44155117100442,,[],
rq3.v1,0fa12163-ecac-4e16-84e9-78c19bb7291b,tree_shape::ijcnn_balanced_n16::rulerunner_original_flat::r4::l32::b64,tree_shape,ijcnn_balanced_n16,ijcnn,"{""n_atoms"": 16}",balanced,rulerunner_original_flat,RuleRunnerMonitor,flat_cilp,cpu,cpu,5623,4,32,64,2,2,success,0.04162115250073839,0.0006503305078240373,2.0322828369501167e-05,1537.6796689823664,,[],
rq3.v1,0fa12163-ecac-4e16-84e9-78c19bb7291b,tree_shape::ijcnn_balanced_n16::rulerunner_original_structured::r0::l32::b1,tree_shape,ijcnn_balanced_n16,ijcnn,"{""n_atoms"": 16}",balanced,rulerunner_original_structured,StructuredRuleRunnerMonitor,module_scheduled_cilp,cpu,cpu,1201,0,32,1,2,1,success,0.142165624001791,0.142165624001791,0.004442675750055969,7.034049243770787,,[],
rq3.v1,0fa12163-ecac-4e16-84e9-78c19bb7291b,tree_shape::ijcnn_balanced_n16::rulerunner_original_structured::r0::l32::b64,tree_shape,ijcnn_balanced_n16,ijcnn,"{""n_atoms"": 16}",balanced,rulerunner_original_structured,StructuredRuleRunnerMonitor,module_scheduled_cilp,cpu,cpu,1201,0,32,64,2,1,success,0.4401673510001274,0.00687761485937699,0.00021492546435553095,145.39924384346597,,[],
rq3.v1,0fa12163-ecac-4e16-84e9-78c19bb7291b,tree_shape::ijcnn_balanced_n16::rulerunner_original_structured::r1::l32::b1,tree_shape,ijcnn_balanced_n16,ijcnn,"{""n_atoms"": 16}",balanced,rulerunner_original_structured,StructuredRuleRunnerMonitor,module_scheduled_cilp,cpu,cpu,2309,1,32,1,2,1,success,0.11364960799983237,0.11364960799983237,0.0035515502499947615,8.798974476018211,,[],
rq3.v1,0fa12163-ecac-4e16-84e9-78c19bb7291b,tree_shape::ijcnn_balanced_n16::rulerunner_original_structured::r1::l32::b64,tree_shape,ijcnn_balanced_n16,ijcnn,"{""n_atoms"": 16}",balanced,rulerunner_original_structured,StructuredRuleRunnerMonitor,module_scheduled_cilp,cpu,cpu,2309,1,32,64,2,1,success,0.39270336699701147,0.006135990109328304,0.0001917496909165095,162.97288329714536,,[],
rq3.v1,0fa12163-ecac-4e16-84e9-78c19bb7291b,tree_shape::ijcnn_balanced_n16::rulerunner_original_structured::r2::l32::b1,tree_shape,ijcnn_balanced_n16,ijcnn,"{""n_atoms"": 16}",balanced,rulerunner_original_structured,StructuredRuleRunnerMonitor,module_scheduled_cilp,cpu,cpu,3413,2,32,1,2,1,success,0.10539293799956795,0.10539293799956795,0.0032935293124864984,9.488301768417344,,[],
rq3.v1,0fa12163-ecac-4e16-84e9-78c19bb7291b,tree_shape::ijcnn_balanced_n16::rulerunner_original_structured::r2::l32::b64,tree_shape,ijcnn_balanced_n16,ijcnn,"{""n_atoms"": 16}",balanced,rulerunner_original_structured,StructuredRuleRunnerMonitor,module_scheduled_cilp,cpu,cpu,3413,2,32,64,2,1,success,0.4074690399975225,0.006366703749961289,0.00019895949218629028,157.0671479737188,,[],
rq3.v1,0fa12163-ecac-4e16-84e9-78c19bb7291b,tree_shape::ijcnn_balanced_n16::rulerunner_original_structured::r3::l32::b1,tree_shape,ijcnn_balanced_n16,ijcnn,"{""n_atoms"": 16}",balanced,rulerunner_original_structured,StructuredRuleRunnerMonitor,module_scheduled_cilp,cpu,cpu,4517,3,32,1,2,1,success,0.10734198999853106,0.10734198999853106,0.0033544371874540957,9.316018829292103,,[],
rq3.v1,0fa12163-ecac-4e16-84e9-78c19bb7291b,tree_shape::ijcnn_balanced_n16::rulerunner_original_structured::r3::l32::b64,tree_shape,ijcnn_balanced_n16,ijcnn,"{""n_atoms"": 16}",balanced,rulerunner_original_structured,StructuredRuleRunnerMonitor,module_scheduled_cilp,cpu,cpu,4517,3,32,64,2,1,success,0.45836779499950353,0.007161996796867243,0.00022381239990210133,139.625865294636,,[],
rq3.v1,0fa12163-ecac-4e16-84e9-78c19bb7291b,tree_shape::ijcnn_balanced_n16::rulerunner_original_structured::r4::l32::b1,tree_shape,ijcnn_balanced_n16,ijcnn,"{""n_atoms"": 16}",balanced,rulerunner_original_structured,StructuredRuleRunnerMonitor,module_scheduled_cilp,cpu,cpu,5623,4,32,1,2,1,success,0.10682114800147247,0.10682114800147247,0.0033381608750460146,9.361442174223924,,[],
rq3.v1,0fa12163-ecac-4e16-84e9-78c19bb7291b,tree_shape::ijcnn_balanced_n16::rulerunner_original_structured::r4::l32::b64,tree_shape,ijcnn_balanced_n16,ijcnn,"{""n_atoms"": 16}",balanced,rulerunner_original_structured,StructuredRuleRunnerMonitor,module_scheduled_cilp,cpu,cpu,5623,4,32,64,2,1,success,0.4462264649991994,0.00697228851561249,0.00021788401611289032,143.42493110558746,,[],
rq3.v1,0fa12163-ecac-4e16-84e9-78c19bb7291b,tree_shape::ijcnn_left_deep_n16::rulerunner_original_flat::r0::l32::b1,tree_shape,ijcnn_left_deep_n16,ijcnn,"{""n_atoms"": 16}",left_deep,rulerunner_original_flat,RuleRunnerMonitor,flat_cilp,cpu,cpu,1201,0,32,1,2,8,success,0.00784460687509636,0.00784460687509636,0.00024514396484676126,127.4761139623987,,[],
rq3.v1,0fa12163-ecac-4e16-84e9-78c19bb7291b,tree_shape::ijcnn_left_deep_n16::rulerunner_original_flat::r0::l32::b64,tree_shape,ijcnn_left_deep_n16,ijcnn,"{""n_atoms"": 16}",left_deep,rulerunner_original_flat,RuleRunnerMonitor,flat_cilp,cpu,cpu,1201,0,32,64,2,1,success,0.0813297250024334,0.001270776953163022,3.971177978634444e-05,786.9201573973735,,[],
rq3.v1,0fa12163-ecac-4e16-84e9-78c19bb7291b,tree_shape::ijcnn_left_deep_n16::rulerunner_original_flat::r1::l32::b1,tree_shape,ijcnn_left_deep_n16,ijcnn,"{""n_atoms"": 16}",left_deep,rulerunner_original_flat,RuleRunnerMonitor,flat_cilp,cpu,cpu,2309,1,32,1,2,8,success,0.01418534374988667,0.01418534374988667,0.00044329199218395843,70.49529554107487,,[],
rq3.v1,0fa12163-ecac-4e16-84e9-78c19bb7291b,tree_shape::ijcnn_left_deep_n16::rulerunner_original_flat::r1::l32::b64,tree_shape,ijcnn_left_deep_n16,ijcnn,"{""n_atoms"": 16}",left_deep,rulerunner_original_flat,RuleRunnerMonitor,flat_cilp,cpu,cpu,2309,1,32,64,2,1,success,0.0746020149999822,0.001165656484374722,3.642676513671006e-05,857.8856750721179,,[],
rq3.v1,0fa12163-ecac-4e16-84e9-78c19bb7291b,tree_shape::ijcnn_left_deep_n16::rulerunner_original_flat::r2::l32::b1,tree_shape,ijcnn_left_deep_n16,ijcnn,"{""n_atoms"": 16}",left_deep,rulerunner_original_flat,RuleRunnerMonitor,flat_cilp,cpu,cpu,3413,2,32,1,2,6,success,0.009550819833142063,0.009550819833142063,0.00029846311978568946,104.70305350436252,,[],
rq3.v1,0fa12163-ecac-4e16-84e9-78c19bb7291b,tree_shape::ijcnn_left_deep_n16::rulerunner_original_flat::r2::l32::b64,tree_shape,ijcnn_left_deep_n16,ijcnn,"{""n_atoms"": 16}",left_deep,rulerunner_original_flat,RuleRunnerMonitor,flat_cilp,cpu,cpu,3413,2,32,64,2,1,success,0.0921713620009541,0.0014401775312649079,4.500554785202837e-05,694.3588399978022,,[],
rq3.v1,0fa12163-ecac-4e16-84e9-78c19bb7291b,tree_shape::ijcnn_left_deep_n16::rulerunner_original_flat::r3::l32::b1,tree_shape,ijcnn_left_deep_n16,ijcnn,"{""n_atoms"": 16}",left_deep,rulerunner_original_flat,RuleRunnerMonitor,flat_cilp,cpu,cpu,4517,3,32,1,2,5,success,0.010178405400074553,0.010178405400074553,0.0003180751687523298,98.24721660159807,,[],
rq3.v1,0fa12163-ecac-4e16-84e9-78c19bb7291b,tree_shape::ijcnn_left_deep_n16::rulerunner_original_flat::r3::l32::b64,tree_shape,ijcnn_left_deep_n16,ijcnn,"{""n_atoms"": 16}",left_deep,rulerunner_original_flat,RuleRunnerMonitor,flat_cilp,cpu,cpu,4517,3,32,64,2,1,success,0.06439206199866021,0.0010061259687290658,3.1441436522783306e-05,993.9113302712939,,[],
rq3.v1,0fa12163-ecac-4e16-84e9-78c19bb7291b,tree_shape::ijcnn_left_deep_n16::rulerunner_original_flat::r4::l32::b1,tree_shape,ijcnn_left_deep_n16,ijcnn,"{""n_atoms"": 16}",left_deep,rulerunner_original_flat,RuleRunnerMonitor,flat_cilp,cpu,cpu,5623,4,32,1,2,12,success,0.008699293166804031,0.008699293166804031,0.00027185291146262597,114.95186802255827,,[],
rq3.v1,0fa12163-ecac-4e16-84e9-78c19bb7291b,tree_shape::ijcnn_left_deep_n16::rulerunner_original_flat::r4::l32::b64,tree_shape,ijcnn_left_deep_n16,ijcnn,"{""n_atoms"": 16}",left_deep,rulerunner_original_flat,RuleRunnerMonitor,flat_cilp,cpu,cpu,5623,4,32,64,2,1,success,0.065062277000834,0.0010165980781380313,3.176868994181348e-05,983.6729200113856,,[],
rq3.v1,0fa12163-ecac-4e16-84e9-78c19bb7291b,tree_shape::ijcnn_left_deep_n16::rulerunner_original_structured::r0::l32::b1,tree_shape,ijcnn_left_deep_n16,ijcnn,"{""n_atoms"": 16}",left_deep,rulerunner_original_structured,StructuredRuleRunnerMonitor,module_scheduled_cilp,cpu,cpu,1201,0,32,1,2,1,success,0.11030358800053364,0.11030358800053364,0.003446987125016676,9.065888228360823,,[],
rq3.v1,0fa12163-ecac-4e16-84e9-78c19bb7291b,tree_shape::ijcnn_left_deep_n16::rulerunner_original_structured::r0::l32::b64,tree_shape,ijcnn_left_deep_n16,ijcnn,"{""n_atoms"": 16}",left_deep,rulerunner_original_structured,StructuredRuleRunnerMonitor,module_scheduled_cilp,cpu,cpu,1201,0,32,64,2,1,success,0.44448720299988054,0.006945112546873133,0.00021703476708978542,143.98614756073687,,[],
rq3.v1,0fa12163-ecac-4e16-84e9-78c19bb7291b,tree_shape::ijcnn_left_deep_n16::rulerunner_original_structured::r1::l32::b1,tree_shape,ijcnn_left_deep_n16,ijcnn,"{""n_atoms"": 16}",left_deep,rulerunner_original_structured,StructuredRuleRunnerMonitor,module_scheduled_cilp,cpu,cpu,2309,1,32,1,2,1,success,0.11446267899736995,0.11446267899736995,0.003576958718667811,8.73647208644293,,[],
rq3.v1,0fa12163-ecac-4e16-84e9-78c19bb7291b,tree_shape::ijcnn_left_deep_n16::rulerunner_original_structured::r1::l32::b64,tree_shape,ijcnn_left_deep_n16,ijcnn,"{""n_atoms"": 16}",left_deep,rulerunner_original_structured,StructuredRuleRunnerMonitor,module_scheduled_cilp,cpu,cpu,2309,1,32,64,2,1,success,0.45131807099824073,0.007051844859347511,0.00022037015185460973,141.80686330250995,,[],
rq3.v1,0fa12163-ecac-4e16-84e9-78c19bb7291b,tree_shape::ijcnn_left_deep_n16::rulerunner_original_structured::r2::l32::b1,tree_shape,ijcnn_left_deep_n16,ijcnn,"{""n_atoms"": 16}",left_deep,rulerunner_original_structured,StructuredRuleRunnerMonitor,module_scheduled_cilp,cpu,cpu,3413,2,32,1,2,1,success,0.11939527299909969,0.11939527299909969,0.0037311022812218653,8.375540964737697,,[],
rq3.v1,0fa12163-ecac-4e16-84e9-78c19bb7291b,tree_shape::ijcnn_left_deep_n16::rulerunner_original_structured::r2::l32::b64,tree_shape,ijcnn_left_deep_n16,ijcnn,"{""n_atoms"": 16}",left_deep,rulerunner_original_structured,StructuredRuleRunnerMonitor,module_scheduled_cilp,cpu,cpu,3413,2,32,64,2,1,success,0.42995247399812797,0.0067180074062207495,0.00020993773144439842,148.85366144044715,,[],
rq3.v1,0fa12163-ecac-4e16-84e9-78c19bb7291b,tree_shape::ijcnn_left_deep_n16::rulerunner_original_structured::r3::l32::b1,tree_shape,ijcnn_left_deep_n16,ijcnn,"{""n_atoms"": 16}",left_deep,rulerunner_original_structured,StructuredRuleRunnerMonitor,module_scheduled_cilp,cpu,cpu,4517,3,32,1,2,1,success,0.10778381099953549,0.10778381099953549,0.003368244093735484,9.277831157819328,,[],
rq3.v1,0fa12163-ecac-4e16-84e9-78c19bb7291b,tree_shape::ijcnn_left_deep_n16::rulerunner_original_structured::r3::l32::b64,tree_shape,ijcnn_left_deep_n16,ijcnn,"{""n_atoms"": 16}",left_deep,rulerunner_original_structured,StructuredRuleRunnerMonitor,module_scheduled_cilp,cpu,cpu,4517,3,32,64,2,1,success,0.41067034600200714,0.0064167241562813615,0.00020052262988379255,155.84275958334524,,[],
rq3.v1,0fa12163-ecac-4e16-84e9-78c19bb7291b,tree_shape::ijcnn_left_deep_n16::rulerunner_original_structured::r4::l32::b1,tree_shape,ijcnn_left_deep_n16,ijcnn,"{""n_atoms"": 16}",left_deep,rulerunner_original_structured,StructuredRuleRunnerMonitor,module_scheduled_cilp,cpu,cpu,5623,4,32,1,2,1,success,0.10716279900225345,0.10716279900225345,0.0033488374688204203,9.331596499070276,,[],
rq3.v1,0fa12163-ecac-4e16-84e9-78c19bb7291b,tree_shape::ijcnn_left_deep_n16::rulerunner_original_structured::r4::l32::b64,tree_shape,ijcnn_left_deep_n16,ijcnn,"{""n_atoms"": 16}",left_deep,rulerunner_original_structured,StructuredRuleRunnerMonitor,module_scheduled_cilp,cpu,cpu,5623,4,32,64,2,1,success,0.3986289980020956,0.006228578093782744,0.00019464306543071075,160.55028691029534,,[],
rq3.v1,0fa12163-ecac-4e16-84e9-78c19bb7291b,tree_shape::ijcnn_balanced_n32::rulerunner_original_flat::r0::l32::b1,tree_shape,ijcnn_balanced_n32,ijcnn,"{""n_atoms"": 32}",balanced,rulerunner_original_flat,RuleRunnerMonitor,flat_cilp,cpu,cpu,1201,0,32,1,2,10,success,0.01167265080002835,0.01167265080002835,0.00036477033750088595,85.67034319210262,,[],
rq3.v1,0fa12163-ecac-4e16-84e9-78c19bb7291b,tree_shape::ijcnn_balanced_n32::rulerunner_original_flat::r0::l32::b64,tree_shape,ijcnn_balanced_n32,ijcnn,"{""n_atoms"": 32}",balanced,rulerunner_original_flat,RuleRunnerMonitor,flat_cilp,cpu,cpu,1201,0,32,64,2,1,success,0.132824784002878,0.002075387250044969,6.485585156390528e-05,481.8377871302487,,[],
rq3.v1,0fa12163-ecac-4e16-84e9-78c19bb7291b,tree_shape::ijcnn_balanced_n32::rulerunner_original_flat::r1::l32::b1,tree_shape,ijcnn_balanced_n32,ijcnn,"{""n_atoms"": 32}",balanced,rulerunner_original_flat,RuleRunnerMonitor,flat_cilp,cpu,cpu,2309,1,32,1,2,8,success,0.01210441837520193,0.01210441837520193,0.00037826307422506034,82.61446101769575,,[],
rq3.v1,0fa12163-ecac-4e16-84e9-78c19bb7291b,tree_shape::ijcnn_balanced_n32::rulerunner_original_flat::r1::l32::b64,tree_shape,ijcnn_balanced_n32,ijcnn,"{""n_atoms"": 32}",balanced,rulerunner_original_flat,RuleRunnerMonitor,flat_cilp,cpu,cpu,2309,1,32,64,2,1,success,0.1045932310007629,0.0016342692343869203,5.107091357459126e-05,611.8942821408126,,[],
rq3.v1,0fa12163-ecac-4e16-84e9-78c19bb7291b,tree_shape::ijcnn_balanced_n32::rulerunner_original_flat::r2::l32::b1,tree_shape,ijcnn_balanced_n32,ijcnn,"{""n_atoms"": 32}",balanced,rulerunner_original_flat,RuleRunnerMonitor,flat_cilp,cpu,cpu,3413,2,32,1,2,8,success,0.013071202499759238,0.013071202499759238,0.0004084750781174762,76.50405538575501,,[],
rq3.v1,0fa12163-ecac-4e16-84e9-78c19bb7291b,tree_shape::ijcnn_balanced_n32::rulerunner_original_flat::r2::l32::b64,tree_shape,ijcnn_balanced_n32,ijcnn,"{""n_atoms"": 32}",balanced,rulerunner_original_flat,RuleRunnerMonitor,flat_cilp,cpu,cpu,3413,2,32,64,2,1,success,0.12378065300072194,0.0019340727031362803,6.043977197300876e-05,517.043644935584,,[],
rq3.v1,0fa12163-ecac-4e16-84e9-78c19bb7291b,tree_shape::ijcnn_balanced_n32::rulerunner_original_flat::r3::l32::b1,tree_shape,ijcnn_balanced_n32,ijcnn,"{""n_atoms"": 32}",balanced,rulerunner_original_flat,RuleRunnerMonitor,flat_cilp,cpu,cpu,4517,3,32,1,2,12,success,0.009911666166469027,0.009911666166469027,0.0003097395677021571,100.89121074143723,,[],
rq3.v1,0fa12163-ecac-4e16-84e9-78c19bb7291b,tree_shape::ijcnn_balanced_n32::rulerunner_original_flat::r3::l32::b64,tree_shape,ijcnn_balanced_n32,ijcnn,"{""n_atoms"": 32}",balanced,rulerunner_original_flat,RuleRunnerMonitor,flat_cilp,cpu,cpu,4517,3,32,64,2,1,success,0.11353785200117272,0.0017740289375183238,5.543840429744762e-05,563.6886630490327,,[],
rq3.v1,0fa12163-ecac-4e16-84e9-78c19bb7291b,tree_shape::ijcnn_balanced_n32::rulerunner_original_flat::r4::l32::b1,tree_shape,ijcnn_balanced_n32,ijcnn,"{""n_atoms"": 32}",balanced,rulerunner_original_flat,RuleRunnerMonitor,flat_cilp,cpu,cpu,5623,4,32,1,2,8,success,0.01106557375032935,0.01106557375032935,0.00034579917969779217,90.37037053503317,,[],
rq3.v1,0fa12163-ecac-4e16-84e9-78c19bb7291b,tree_shape::ijcnn_balanced_n32::rulerunner_original_flat::r4::l32::b64,tree_shape,ijcnn_balanced_n32,ijcnn,"{""n_atoms"": 32}",balanced,rulerunner_original_flat,RuleRunnerMonitor,flat_cilp,cpu,cpu,5623,4,32,64,2,1,success,0.14481821600202238,0.0022627846250315997,7.071201953223749e-05,441.9333545657422,,[],
rq3.v1,0fa12163-ecac-4e16-84e9-78c19bb7291b,tree_shape::ijcnn_balanced_n32::rulerunner_original_structured::r0::l32::b1,tree_shape,ijcnn_balanced_n32,ijcnn,"{""n_atoms"": 32}",balanced,rulerunner_original_structured,StructuredRuleRunnerMonitor,module_scheduled_cilp,cpu,cpu,1201,0,32,1,2,1,success,0.3232113450030738,0.3232113450030738,0.010100354531346056,3.0939508017284783,,[],
rq3.v1,0fa12163-ecac-4e16-84e9-78c19bb7291b,tree_shape::ijcnn_balanced_n32::rulerunner_original_structured::r0::l32::b64,tree_shape,ijcnn_balanced_n32,ijcnn,"{""n_atoms"": 32}",balanced,rulerunner_original_structured,StructuredRuleRunnerMonitor,module_scheduled_cilp,cpu,cpu,1201,0,32,64,2,1,success,1.1266147030000866,0.017603354734376353,0.000550104835449261,56.80735377371964,,[],
rq3.v1,0fa12163-ecac-4e16-84e9-78c19bb7291b,tree_shape::ijcnn_balanced_n32::rulerunner_original_structured::r1::l32::b1,tree_shape,ijcnn_balanced_n32,ijcnn,"{""n_atoms"": 32}",balanced,rulerunner_original_structured,StructuredRuleRunnerMonitor,module_scheduled_cilp,cpu,cpu,2309,1,32,1,2,1,success,0.34220112900220556,0.34220112900220556,0.010693785281318924,2.922258038469402,,[],
rq3.v1,0fa12163-ecac-4e16-84e9-78c19bb7291b,tree_shape::ijcnn_balanced_n32::rulerunner_original_structured::r1::l32::b64,tree_shape,ijcnn_balanced_n32,ijcnn,"{""n_atoms"": 32}",balanced,rulerunner_original_structured,StructuredRuleRunnerMonitor,module_scheduled_cilp,cpu,cpu,2309,1,32,64,2,1,success,1.076358326998161,0.016818098859346264,0.0005255655893545708,59.45975275583979,,[],
rq3.v1,0fa12163-ecac-4e16-84e9-78c19bb7291b,tree_shape::ijcnn_balanced_n32::rulerunner_original_structured::r2::l32::b1,tree_shape,ijcnn_balanced_n32,ijcnn,"{""n_atoms"": 32}",balanced,rulerunner_original_structured,StructuredRuleRunnerMonitor,module_scheduled_cilp,cpu,cpu,3413,2,32,1,2,1,success,0.3899501810010406,0.3899501810010406,0.01218594315628252,2.5644301470328883,,[],
rq3.v1,0fa12163-ecac-4e16-84e9-78c19bb7291b,tree_shape::ijcnn_balanced_n32::rulerunner_original_structured::r2::l32::b64,tree_shape,ijcnn_balanced_n32,ijcnn,"{""n_atoms"": 32}",balanced,rulerunner_original_structured,StructuredRuleRunnerMonitor,module_scheduled_cilp,cpu,cpu,3413,2,32,64,2,1,success,1.0389165630003845,0.016233071296881008,0.0005072834780275315,61.60263709259616,,[],
rq3.v1,0fa12163-ecac-4e16-84e9-78c19bb7291b,tree_shape::ijcnn_balanced_n32::rulerunner_original_structured::r3::l32::b1,tree_shape,ijcnn_balanced_n32,ijcnn,"{""n_atoms"": 32}",balanced,rulerunner_original_structured,StructuredRuleRunnerMonitor,module_scheduled_cilp,cpu,cpu,4517,3,32,1,2,1,success,0.34222436100026243,0.34222436100026243,0.010694511281258201,2.922059660151526,,[],
rq3.v1,0fa12163-ecac-4e16-84e9-78c19bb7291b,tree_shape::ijcnn_balanced_n32::rulerunner_original_structured::r3::l32::b64,tree_shape,ijcnn_balanced_n32,ijcnn,"{""n_atoms"": 32}",balanced,rulerunner_original_structured,StructuredRuleRunnerMonitor,module_scheduled_cilp,cpu,cpu,4517,3,32,64,2,1,success,1.2733274199999869,0.019895740937499795,0.0006217419042968686,50.26201352045074,,[],
rq3.v1,0fa12163-ecac-4e16-84e9-78c19bb7291b,tree_shape::ijcnn_balanced_n32::rulerunner_original_structured::r4::l32::b1,tree_shape,ijcnn_balanced_n32,ijcnn,"{""n_atoms"": 32}",balanced,rulerunner_original_structured,StructuredRuleRunnerMonitor,module_scheduled_cilp,cpu,cpu,5623,4,32,1,2,1,success,0.3607826510015002,0.3607826510015002,0.011274457843796881,2.7717519044335694,,[],
rq3.v1,0fa12163-ecac-4e16-84e9-78c19bb7291b,tree_shape::ijcnn_balanced_n32::rulerunner_original_structured::r4::l32::b64,tree_shape,ijcnn_balanced_n32,ijcnn,"{""n_atoms"": 32}",balanced,rulerunner_original_structured,StructuredRuleRunnerMonitor,module_scheduled_cilp,cpu,cpu,5623,4,32,64,2,1,success,0.9938683790023788,0.015529193421912169,0.00048528729443475527,64.39484478240637,,[],
rq3.v1,0fa12163-ecac-4e16-84e9-78c19bb7291b,tree_shape::ijcnn_left_deep_n32::rulerunner_original_flat::r0::l32::b1,tree_shape,ijcnn_left_deep_n32,ijcnn,"{""n_atoms"": 32}",left_deep,rulerunner_original_flat,RuleRunnerMonitor,flat_cilp,cpu,cpu,1201,0,32,1,2,4,success,0.013521327499802283,0.013521327499802283,0.00042254148436882133,73.95723533910576,,[],
rq3.v1,0fa12163-ecac-4e16-84e9-78c19bb7291b,tree_shape::ijcnn_left_deep_n32::rulerunner_original_flat::r0::l32::b64,tree_shape,ijcnn_left_deep_n32,ijcnn,"{""n_atoms"": 32}",left_deep,rulerunner_original_flat,RuleRunnerMonitor,flat_cilp,cpu,cpu,1201,0,32,64,2,1,success,0.2856510050005454,0.004463296953133522,0.00013947802978542256,224.04962307021395,,[],
rq3.v1,0fa12163-ecac-4e16-84e9-78c19bb7291b,tree_shape::ijcnn_left_deep_n32::rulerunner_original_flat::r1::l32::b1,tree_shape,ijcnn_left_deep_n32,ijcnn,"{""n_atoms"": 32}",left_deep,rulerunner_original_flat,RuleRunnerMonitor,flat_cilp,cpu,cpu,2309,1,32,1,2,4,success,0.019576761250391428,0.019576761250391428,0.0006117737890747321,51.08097234316557,,[],
rq3.v1,0fa12163-ecac-4e16-84e9-78c19bb7291b,tree_shape::ijcnn_left_deep_n32::rulerunner_original_flat::r1::l32::b64,tree_shape,ijcnn_left_deep_n32,ijcnn,"{""n_atoms"": 32}",left_deep,rulerunner_original_flat,RuleRunnerMonitor,flat_cilp,cpu,cpu,2309,1,32,64,2,1,success,0.20268008600032772,0.0031668763437551206,9.896488574234752e-05,315.7685654420756,,[],
rq3.v1,0fa12163-ecac-4e16-84e9-78c19bb7291b,tree_shape::ijcnn_left_deep_n32::rulerunner_original_flat::r2::l32::b1,tree_shape,ijcnn_left_deep_n32,ijcnn,"{""n_atoms"": 32}",left_deep,rulerunner_original_flat,RuleRunnerMonitor,flat_cilp,cpu,cpu,3413,2,32,1,2,6,success,0.009161542666940173,0.009161542666940173,0.0002862982083418804,109.15192302804458,,[],
rq3.v1,0fa12163-ecac-4e16-84e9-78c19bb7291b,tree_shape::ijcnn_left_deep_n32::rulerunner_original_flat::r2::l32::b64,tree_shape,ijcnn_left_deep_n32,ijcnn,"{""n_atoms"": 32}",left_deep,rulerunner_original_flat,RuleRunnerMonitor,flat_cilp,cpu,cpu,3413,2,32,64,2,1,success,0.334333864000655,0.0052239666250102346,0.00016324895703156983,191.42541899337667,,[],
rq3.v1,0fa12163-ecac-4e16-84e9-78c19bb7291b,tree_shape::ijcnn_left_deep_n32::rulerunner_original_flat::r3::l32::b1,tree_shape,ijcnn_left_deep_n32,ijcnn,"{""n_atoms"": 32}",left_deep,rulerunner_original_flat,RuleRunnerMonitor,flat_cilp,cpu,cpu,4517,3,32,1,2,5,success,0.013149022799916565,0.013149022799916565,0.00041090696249739266,76.05127888335134,,[],
rq3.v1,0fa12163-ecac-4e16-84e9-78c19bb7291b,tree_shape::ijcnn_left_deep_n32::rulerunner_original_flat::r3::l32::b64,tree_shape,ijcnn_left_deep_n32,ijcnn,"{""n_atoms"": 32}",left_deep,rulerunner_original_flat,RuleRunnerMonitor,flat_cilp,cpu,cpu,4517,3,32,64,2,1,success,0.27386407400263124,0.004279126156291113,0.00013372269238409729,233.6925726131756,,[],
rq3.v1,0fa12163-ecac-4e16-84e9-78c19bb7291b,tree_shape::ijcnn_left_deep_n32::rulerunner_original_flat::r4::l32::b1,tree_shape,ijcnn_left_deep_n32,ijcnn,"{""n_atoms"": 32}",left_deep,rulerunner_original_flat,RuleRunnerMonitor,flat_cilp,cpu,cpu,5623,4,32,1,2,8,success,0.01227339587512688,0.01227339587512688,0.000383543621097715,81.4770427169703,,[],
rq3.v1,0fa12163-ecac-4e16-84e9-78c19bb7291b,tree_shape::ijcnn_left_deep_n32::rulerunner_original_flat::r4::l32::b64,tree_shape,ijcnn_left_deep_n32,ijcnn,"{""n_atoms"": 32}",left_deep,rulerunner_original_flat,RuleRunnerMonitor,flat_cilp,cpu,cpu,5623,4,32,64,2,1,success,0.48774354299894185,0.007620992859358466,0.00023815602685495207,131.21649874950543,,[],
rq3.v1,0fa12163-ecac-4e16-84e9-78c19bb7291b,tree_shape::ijcnn_left_deep_n32::rulerunner_original_structured::r0::l32::b1,tree_shape,ijcnn_left_deep_n32,ijcnn,"{""n_atoms"": 32}",left_deep,rulerunner_original_structured,StructuredRuleRunnerMonitor,module_scheduled_cilp,cpu,cpu,1201,0,32,1,2,1,success,0.3625160679985129,0.3625160679985129,0.011328627124953528,2.7584984177973104,,[],
rq3.v1,0fa12163-ecac-4e16-84e9-78c19bb7291b,tree_shape::ijcnn_left_deep_n32::rulerunner_original_structured::r0::l32::b64,tree_shape,ijcnn_left_deep_n32,ijcnn,"{""n_atoms"": 32}",left_deep,rulerunner_original_structured,StructuredRuleRunnerMonitor,module_scheduled_cilp,cpu,cpu,1201,0,32,64,2,1,success,1.0861305569997057,0.016970789953120402,0.0005303371860350126,58.924776204429484,,[],
rq3.v1,0fa12163-ecac-4e16-84e9-78c19bb7291b,tree_shape::ijcnn_left_deep_n32::rulerunner_original_structured::r1::l32::b1,tree_shape,ijcnn_left_deep_n32,ijcnn,"{""n_atoms"": 32}",left_deep,rulerunner_original_structured,StructuredRuleRunnerMonitor,module_scheduled_cilp,cpu,cpu,2309,1,32,1,2,1,success,0.33829393300038646,0.33829393300038646,0.010571685406262077,2.9560092642833697,,[],
rq3.v1,0fa12163-ecac-4e16-84e9-78c19bb7291b,tree_shape::ijcnn_left_deep_n32::rulerunner_original_structured::r1::l32::b64,tree_shape,ijcnn_left_deep_n32,ijcnn,"{""n_atoms"": 32}",left_deep,rulerunner_original_structured,StructuredRuleRunnerMonitor,module_scheduled_cilp,cpu,cpu,2309,1,32,64,2,1,success,1.1648152020025009,0.018200237531289076,0.0005687574228527836,54.944337857175896,,[],
rq3.v1,0fa12163-ecac-4e16-84e9-78c19bb7291b,tree_shape::ijcnn_left_deep_n32::rulerunner_original_structured::r2::l32::b1,tree_shape,ijcnn_left_deep_n32,ijcnn,"{""n_atoms"": 32}",left_deep,rulerunner_original_structured,StructuredRuleRunnerMonitor,module_scheduled_cilp,cpu,cpu,3413,2,32,1,2,1,success,0.37996713199754595,0.37996713199754595,0.011873972874923311,2.6318065848033894,,[],
rq3.v1,0fa12163-ecac-4e16-84e9-78c19bb7291b,tree_shape::ijcnn_left_deep_n32::rulerunner_original_structured::r2::l32::b64,tree_shape,ijcnn_left_deep_n32,ijcnn,"{""n_atoms"": 32}",left_deep,rulerunner_original_structured,StructuredRuleRunnerMonitor,module_scheduled_cilp,cpu,cpu,3413,2,32,64,2,1,success,1.3145349830010673,0.020539609109391677,0.0006418627846684899,48.68641826015827,,[],
rq3.v1,0fa12163-ecac-4e16-84e9-78c19bb7291b,tree_shape::ijcnn_left_deep_n32::rulerunner_original_structured::r3::l32::b1,tree_shape,ijcnn_left_deep_n32,ijcnn,"{""n_atoms"": 32}",left_deep,rulerunner_original_structured,StructuredRuleRunnerMonitor,module_scheduled_cilp,cpu,cpu,4517,3,32,1,2,1,success,0.37524234100055764,0.37524234100055764,0.011726323156267426,2.664944465844578,,[],
rq3.v1,0fa12163-ecac-4e16-84e9-78c19bb7291b,tree_shape::ijcnn_left_deep_n32::rulerunner_original_structured::r3::l32::b64,tree_shape,ijcnn_left_deep_n32,ijcnn,"{""n_atoms"": 32}",left_deep,rulerunner_original_structured,StructuredRuleRunnerMonitor,module_scheduled_cilp,cpu,cpu,4517,3,32,64,2,1,success,1.0149087659992801,0.015857949468738752,0.000495560920898086,63.05985537230584,,[],
rq3.v1,0fa12163-ecac-4e16-84e9-78c19bb7291b,tree_shape::ijcnn_left_deep_n32::rulerunner_original_structured::r4::l32::b1,tree_shape,ijcnn_left_deep_n32,ijcnn,"{""n_atoms"": 32}",left_deep,rulerunner_original_structured,StructuredRuleRunnerMonitor,module_scheduled_cilp,cpu,cpu,5623,4,32,1,2,1,success,0.3242884800019965,0.3242884800019965,0.01013401500006239,3.0836741409804116,,[],
rq3.v1,0fa12163-ecac-4e16-84e9-78c19bb7291b,tree_shape::ijcnn_left_deep_n32::rulerunner_original_structured::r4::l32::b64,tree_shape,ijcnn_left_deep_n32,ijcnn,"{""n_atoms"": 32}",left_deep,rulerunner_original_structured,StructuredRuleRunnerMonitor,module_scheduled_cilp,cpu,cpu,5623,4,32,64,2,1,success,1.2295515109981352,0.019211742359345862,0.0006003669487295582,52.05149961390846,,[],
rq3.v1,0fa12163-ecac-4e16-84e9-78c19bb7291b,guard_complexity::guard_read_once_n3::deepdfa_dense::r0::l32::b64,guard_complexity,guard_read_once_n3,guard_complexity,"{""guard_kind"": ""read_once"", ""n_atoms"": 3}",canonical,deepdfa_dense,DeepDFAMonitorDense,dense,cpu,cpu,1201,0,32,64,2,16,success,0.0031681191874213255,4.950186230345821e-05,1.546933196983069e-06,20201.260184309063,,[],
rq3.v1,0fa12163-ecac-4e16-84e9-78c19bb7291b,guard_complexity::guard_read_once_n3::deepdfa_dense::r1::l32::b64,guard_complexity,guard_read_once_n3,guard_complexity,"{""guard_kind"": ""read_once"", ""n_atoms"": 3}",canonical,deepdfa_dense,DeepDFAMonitorDense,dense,cpu,cpu,2309,1,32,64,2,28,success,0.0034242658927853753,5.350415457477149e-05,1.672004830461609e-06,18690.13739115363,,[],
rq3.v1,0fa12163-ecac-4e16-84e9-78c19bb7291b,guard_complexity::guard_read_once_n3::deepdfa_dense::r2::l32::b64,guard_complexity,guard_read_once_n3,guard_complexity,"{""guard_kind"": ""read_once"", ""n_atoms"": 3}",canonical,deepdfa_dense,DeepDFAMonitorDense,dense,cpu,cpu,3413,2,32,64,2,28,success,0.003569966499916128,5.57807265611895e-05,1.7431477050371719e-06,17927.339094499515,,[],
rq3.v1,0fa12163-ecac-4e16-84e9-78c19bb7291b,guard_complexity::guard_read_once_n3::deepdfa_dense::r3::l32::b64,guard_complexity,guard_read_once_n3,guard_complexity,"{""guard_kind"": ""read_once"", ""n_atoms"": 3}",canonical,deepdfa_dense,DeepDFAMonitorDense,dense,cpu,cpu,4517,3,32,64,2,15,success,0.0035858103331217234,5.602828645502693e-05,1.7508839517195915e-06,17848.12749543367,,[],
rq3.v1,0fa12163-ecac-4e16-84e9-78c19bb7291b,guard_complexity::guard_read_once_n3::deepdfa_dense::r4::l32::b64,guard_complexity,guard_read_once_n3,guard_complexity,"{""guard_kind"": ""read_once"", ""n_atoms"": 3}",canonical,deepdfa_dense,DeepDFAMonitorDense,dense,cpu,cpu,5623,4,32,64,2,17,success,0.0031296202942030504,4.890031709692266e-05,1.5281349092788332e-06,20449.765141971457,,[],
rq3.v1,0fa12163-ecac-4e16-84e9-78c19bb7291b,guard_complexity::guard_read_once_n3::deepdfa_factored::r0::l32::b64,guard_complexity,guard_read_once_n3,guard_complexity,"{""guard_kind"": ""read_once"", ""n_atoms"": 3}",canonical,deepdfa_factored,DeepDFAMonitorFactored,factored_cubes,cpu,cpu,1201,0,32,64,2,24,success,0.003923874750095517,6.131054297024245e-05,1.9159544678200766e-06,16310.408480403734,,[],
rq3.v1,0fa12163-ecac-4e16-84e9-78c19bb7291b,guard_complexity::guard_read_once_n3::deepdfa_factored::r1::l32::b64,guard_complexity,guard_read_once_n3,guard_complexity,"{""guard_kind"": ""read_once"", ""n_atoms"": 3}",canonical,deepdfa_factored,DeepDFAMonitorFactored,factored_cubes,cpu,cpu,2309,1,32,64,2,11,success,0.004601854090816976,7.190397016901525e-05,2.2469990677817266e-06,13907.437901543279,,[],
rq3.v1,0fa12163-ecac-4e16-84e9-78c19bb7291b,guard_complexity::guard_read_once_n3::deepdfa_factored::r2::l32::b64,guard_complexity,guard_read_once_n3,guard_complexity,"{""guard_kind"": ""read_once"", ""n_atoms"": 3}",canonical,deepdfa_factored,DeepDFAMonitorFactored,factored_cubes,cpu,cpu,3413,2,32,64,2,24,success,0.004067758124923178,6.355872070192466e-05,1.9862100219351455e-06,15733.482187122096,,[],
rq3.v1,0fa12163-ecac-4e16-84e9-78c19bb7291b,guard_complexity::guard_read_once_n3::deepdfa_factored::r3::l32::b64,guard_complexity,guard_read_once_n3,guard_complexity,"{""guard_kind"": ""read_once"", ""n_atoms"": 3}",canonical,deepdfa_factored,DeepDFAMonitorFactored,factored_cubes,cpu,cpu,4517,3,32,64,2,24,success,0.004037736374963667,6.30896308588073e-05,1.971550964337728e-06,15850.465225228058,,[],
rq3.v1,0fa12163-ecac-4e16-84e9-78c19bb7291b,guard_complexity::guard_read_once_n3::deepdfa_factored::r4::l32::b64,guard_complexity,guard_read_once_n3,guard_complexity,"{""guard_kind"": ""read_once"", ""n_atoms"": 3}",canonical,deepdfa_factored,DeepDFAMonitorFactored,factored_cubes,cpu,cpu,5623,4,32,64,2,26,success,0.004033627192256972,6.302542487901519e-05,1.9695445274692247e-06,15866.612591975685,,[],
rq3.v1,0fa12163-ecac-4e16-84e9-78c19bb7291b,guard_complexity::guard_threshold_n3::deepdfa_dense::r0::l32::b64,guard_complexity,guard_threshold_n3,guard_complexity,"{""guard_kind"": ""threshold"", ""n_atoms"": 3}",canonical,deepdfa_dense,DeepDFAMonitorDense,dense,cpu,cpu,1201,0,32,64,2,20,success,0.002633421000064118,4.114720312600184e-05,1.2858500976875576e-06,24302.988393592117,,[],
rq3.v1,0fa12163-ecac-4e16-84e9-78c19bb7291b,guard_complexity::guard_threshold_n3::deepdfa_dense::r1::l32::b64,guard_complexity,guard_threshold_n3,guard_complexity,"{""guard_kind"": ""threshold"", ""n_atoms"": 3}",canonical,deepdfa_dense,DeepDFAMonitorDense,dense,cpu,cpu,2309,1,32,64,2,28,success,0.0029878957144059575,4.6685870537593086e-05,1.458933454299784e-06,21419.756951833322,,[],
rq3.v1,0fa12163-ecac-4e16-84e9-78c19bb7291b,guard_complexity::guard_threshold_n3::deepdfa_dense::r2::l32::b64,guard_complexity,guard_threshold_n3,guard_complexity,"{""guard_kind"": ""threshold"", ""n_atoms"": 3}",canonical,deepdfa_dense,DeepDFAMonitorDense,dense,cpu,cpu,3413,2,32,64,2,19,success,0.002662150368498834,4.1596099507794284e-05,1.2998781096185714e-06,24040.715639999366,,[],
rq3.v1,0fa12163-ecac-4e16-84e9-78c19bb7291b,guard_complexity::guard_threshold_n3::deepdfa_dense::r3::l32::b64,guard_complexity,guard_threshold_n3,guard_complexity,"{""guard_kind"": ""threshold"", ""n_atoms"": 3}",canonical,deepdfa_dense,DeepDFAMonitorDense,dense,cpu,cpu,4517,3,32,64,2,38,success,0.0026793091315324234,4.1864205180194115e-05,1.308256411881066e-06,23886.7547035886,,[],
rq3.v1,0fa12163-ecac-4e16-84e9-78c19bb7291b,guard_complexity::guard_threshold_n3::deepdfa_dense::r4::l32::b64,guard_complexity,guard_threshold_n3,guard_complexity,"{""guard_kind"": ""threshold"", ""n_atoms"": 3}",canonical,deepdfa_dense,DeepDFAMonitorDense,dense,cpu,cpu,5623,4,32,64,2,36,success,0.002698212500035879,4.215957031306061e-05,1.3174865722831441e-06,23719.40682920599,,[],
rq3.v1,0fa12163-ecac-4e16-84e9-78c19bb7291b,guard_complexity::guard_threshold_n3::deepdfa_factored::r0::l32::b64,guard_complexity,guard_threshold_n3,guard_complexity,"{""guard_kind"": ""threshold"", ""n_atoms"": 3}",canonical,deepdfa_factored,DeepDFAMonitorFactored,factored_cubes,cpu,cpu,1201,0,32,64,2,15,success,0.003349911733433449,5.234237083489764e-05,1.6356990885905513e-06,19104.98099435116,,[],
rq3.v1,0fa12163-ecac-4e16-84e9-78c19bb7291b,guard_complexity::guard_threshold_n3::deepdfa_factored::r1::l32::b64,guard_complexity,guard_threshold_n3,guard_complexity,"{""guard_kind"": ""threshold"", ""n_atoms"": 3}",canonical,deepdfa_factored,DeepDFAMonitorFactored,factored_cubes,cpu,cpu,2309,1,32,64,2,24,success,0.0033613862500108858,5.252166015642009e-05,1.6413018798881278e-06,19039.763728370322,,[],
rq3.v1,0fa12163-ecac-4e16-84e9-78c19bb7291b,guard_complexity::guard_threshold_n3::deepdfa_factored::r2::l32::b64,guard_complexity,guard_threshold_n3,guard_complexity,"{""guard_kind"": ""threshold"", ""n_atoms"": 3}",canonical,deepdfa_factored,DeepDFAMonitorFactored,factored_cubes,cpu,cpu,3413,2,32,64,2,14,success,0.0036502329286512186,5.703488951017529e-05,1.7823402971929779e-06,17533.127680059682,,[],
rq3.v1,0fa12163-ecac-4e16-84e9-78c19bb7291b,guard_complexity::guard_threshold_n3::deepdfa_factored::r3::l32::b64,guard_complexity,guard_threshold_n3,guard_complexity,"{""guard_kind"": ""threshold"", ""n_atoms"": 3}",canonical,deepdfa_factored,DeepDFAMonitorFactored,factored_cubes,cpu,cpu,4517,3,32,64,2,16,success,0.003328723312506554,5.201130175791491e-05,1.6253531799348409e-06,19226.59049478267,,[],
rq3.v1,0fa12163-ecac-4e16-84e9-78c19bb7291b,guard_complexity::guard_threshold_n3::deepdfa_factored::r4::l32::b64,guard_complexity,guard_threshold_n3,guard_complexity,"{""guard_kind"": ""threshold"", ""n_atoms"": 3}",canonical,deepdfa_factored,DeepDFAMonitorFactored,factored_cubes,cpu,cpu,5623,4,32,64,2,16,success,0.0032569131874424784,5.0889268553788725e-05,1.5902896423058976e-06,19650.508415993918,,[],
rq3.v1,0fa12163-ecac-4e16-84e9-78c19bb7291b,guard_complexity::guard_parity_n3::deepdfa_dense::r0::l32::b64,guard_complexity,guard_parity_n3,guard_complexity,"{""guard_kind"": ""parity"", ""n_atoms"": 3}",canonical,deepdfa_dense,DeepDFAMonitorDense,dense,cpu,cpu,1201,0,32,64,2,20,success,0.0026553396000963403,4.148968125150532e-05,1.2965525391095412e-06,24102.378467024697,,[],
rq3.v1,0fa12163-ecac-4e16-84e9-78c19bb7291b,guard_complexity::guard_parity_n3::deepdfa_dense::r1::l32::b64,guard_complexity,guard_parity_n3,guard_complexity,"{""guard_kind"": ""parity"", ""n_atoms"": 3}",canonical,deepdfa_dense,DeepDFAMonitorDense,dense,cpu,cpu,2309,1,32,64,2,19,success,0.002680969421099259,4.189014720467592e-05,1.3090671001461225e-06,23871.96194642106,,[],
rq3.v1,0fa12163-ecac-4e16-84e9-78c19bb7291b,guard_complexity::guard_parity_n3::deepdfa_dense::r2::l32::b64,guard_complexity,guard_parity_n3,guard_complexity,"{""guard_kind"": ""parity"", ""n_atoms"": 3}",canonical,deepdfa_dense,DeepDFAMonitorDense,dense,cpu,cpu,3413,2,32,64,2,32,success,0.002705034906171022,4.226617040892222e-05,1.3208178252788194e-06,23659.58378355717,,[],
rq3.v1,0fa12163-ecac-4e16-84e9-78c19bb7291b,guard_complexity::guard_parity_n3::deepdfa_dense::r3::l32::b64,guard_complexity,guard_parity_n3,guard_complexity,"{""guard_kind"": ""parity"", ""n_atoms"": 3}",canonical,deepdfa_dense,DeepDFAMonitorDense,dense,cpu,cpu,4517,3,32,64,2,36,success,0.002657742055614815,4.1527219618981486e-05,1.2977256130931714e-06,24080.59121643951,,[],
rq3.v1,0fa12163-ecac-4e16-84e9-78c19bb7291b,guard_complexity::guard_parity_n3::deepdfa_dense::r4::l32::b64,guard_complexity,guard_parity_n3,guard_complexity,"{""guard_kind"": ""parity"", ""n_atoms"": 3}",canonical,deepdfa_dense,DeepDFAMonitorDense,dense,cpu,cpu,5623,4,32,64,2,36,success,0.0028102198611021675,4.390968532972137e-05,1.3721776665537927e-06,22774.018818192828,,[],
rq3.v1,0fa12163-ecac-4e16-84e9-78c19bb7291b,guard_complexity::guard_parity_n3::deepdfa_factored::r0::l32::b64,guard_complexity,guard_parity_n3,guard_complexity,"{""guard_kind"": ""parity"", ""n_atoms"": 3}",canonical,deepdfa_factored,DeepDFAMonitorFactored,factored_cubes,cpu,cpu,1201,0,32,64,2,16,success,0.003247692437525984,5.07451943363435e-05,1.5857873230107344e-06,19706.29954379353,,[],
rq3.v1,0fa12163-ecac-4e16-84e9-78c19bb7291b,guard_complexity::guard_parity_n3::deepdfa_factored::r1::l32::b64,guard_complexity,guard_parity_n3,guard_complexity,"{""guard_kind"": ""parity"", ""n_atoms"": 3}",canonical,deepdfa_factored,DeepDFAMonitorFactored,factored_cubes,cpu,cpu,2309,1,32,64,2,26,success,0.003642293115402796,5.6910829928168685e-05,1.7784634352552714e-06,17571.348041526948,,[],
rq3.v1,0fa12163-ecac-4e16-84e9-78c19bb7291b,guard_complexity::guard_parity_n3::deepdfa_factored::r2::l32::b64,guard_complexity,guard_parity_n3,guard_complexity,"{""guard_kind"": ""parity"", ""n_atoms"": 3}",canonical,deepdfa_factored,DeepDFAMonitorFactored,factored_cubes,cpu,cpu,3413,2,32,64,2,30,success,0.003343269066681387,5.223857916689667e-05,1.632455598965521e-06,19142.940255038466,,[],
rq3.v1,0fa12163-ecac-4e16-84e9-78c19bb7291b,guard_complexity::guard_parity_n3::deepdfa_factored::r3::l32::b64,guard_complexity,guard_parity_n3,guard_complexity,"{""guard_kind"": ""parity"", ""n_atoms"": 3}",canonical,deepdfa_factored,DeepDFAMonitorFactored,factored_cubes,cpu,cpu,4517,3,32,64,2,30,success,0.0035858540000238766,5.602896875037307e-05,1.7509052734491585e-06,17847.91014903949,,[],
rq3.v1,0fa12163-ecac-4e16-84e9-78c19bb7291b,guard_complexity::guard_parity_n3::deepdfa_factored::r4::l32::b64,guard_complexity,guard_parity_n3,guard_complexity,"{""guard_kind"": ""parity"", ""n_atoms"": 3}",canonical,deepdfa_factored,DeepDFAMonitorFactored,factored_cubes,cpu,cpu,5623,4,32,64,2,16,success,0.0033732493750449066,5.2707021485076666e-05,1.6470944214086458e-06,18972.804226532466,,[],
rq3.v1,0fa12163-ecac-4e16-84e9-78c19bb7291b,guard_complexity::guard_read_once_n4::deepdfa_dense::r0::l32::b64,guard_complexity,guard_read_once_n4,guard_complexity,"{""guard_kind"": ""read_once"", ""n_atoms"": 4}",canonical,deepdfa_dense,DeepDFAMonitorDense,dense,cpu,cpu,1201,0,32,64,2,13,success,0.0038957284615697483,6.087075721202732e-05,1.9022111628758537e-06,16428.249717951796,,[],
rq3.v1,0fa12163-ecac-4e16-84e9-78c19bb7291b,guard_complexity::guard_read_once_n4::deepdfa_dense::r1::l32::b64,guard_complexity,guard_read_once_n4,guard_complexity,"{""guard_kind"": ""read_once"", ""n_atoms"": 4}",canonical,deepdfa_dense,DeepDFAMonitorDense,dense,cpu,cpu,2309,1,32,64,2,22,success,0.0038803099545144837,6.062984303928881e-05,1.8946825949777752e-06,16493.527772321446,,[],
rq3.v1,0fa12163-ecac-4e16-84e9-78c19bb7291b,guard_complexity::guard_read_once_n4::deepdfa_dense::r2::l32::b64,guard_complexity,guard_read_once_n4,guard_complexity,"{""guard_kind"": ""read_once"", ""n_atoms"": 4}",canonical,deepdfa_dense,DeepDFAMonitorDense,dense,cpu,cpu,3413,2,32,64,2,22,success,0.003824751227346662,5.976173792729159e-05,1.8675543102278622e-06,16733.114442164286,,[],
rq3.v1,0fa12163-ecac-4e16-84e9-78c19bb7291b,guard_complexity::guard_read_once_n4::deepdfa_dense::r3::l32::b64,guard_complexity,guard_read_once_n4,guard_complexity,"{""guard_kind"": ""read_once"", ""n_atoms"": 4}",canonical,deepdfa_dense,DeepDFAMonitorDense,dense,cpu,cpu,4517,3,32,64,2,12,success,0.004168537833417456,6.513340364714774e-05,2.035418863973367e-06,15353.105227194603,,[],
rq3.v1,0fa12163-ecac-4e16-84e9-78c19bb7291b,guard_complexity::guard_read_once_n4::deepdfa_dense::r4::l32::b64,guard_complexity,guard_read_once_n4,guard_complexity,"{""guard_kind"": ""read_once"", ""n_atoms"": 4}",canonical,deepdfa_dense,DeepDFAMonitorDense,dense,cpu,cpu,5623,4,32,64,2,13,success,0.004343784538482746,6.787163341379291e-05,2.1209885441810284e-06,14733.69579752562,,[],
rq3.v1,0fa12163-ecac-4e16-84e9-78c19bb7291b,guard_complexity::guard_read_once_n4::deepdfa_factored::r0::l32::b64,guard_complexity,guard_read_once_n4,guard_complexity,"{""guard_kind"": ""read_once"", ""n_atoms"": 4}",canonical,deepdfa_factored,DeepDFAMonitorFactored,factored_cubes,cpu,cpu,1201,0,32,64,2,20,success,0.004796030850047828,7.493798203199731e-05,2.341811938499916e-06,13344.367874398007,,[],
rq3.v1,0fa12163-ecac-4e16-84e9-78c19bb7291b,guard_complexity::guard_read_once_n4::deepdfa_factored::r1::l32::b64,guard_complexity,guard_read_once_n4,guard_complexity,"{""guard_kind"": ""read_once"", ""n_atoms"": 4}",canonical,deepdfa_factored,DeepDFAMonitorFactored,factored_cubes,cpu,cpu,2309,1,32,64,2,20,success,0.004675723800028208,7.305818437544075e-05,2.2830682617325236e-06,13687.720390929398,,[],
rq3.v1,0fa12163-ecac-4e16-84e9-78c19bb7291b,guard_complexity::guard_read_once_n4::deepdfa_factored::r2::l32::b64,guard_complexity,guard_read_once_n4,guard_complexity,"{""guard_kind"": ""read_once"", ""n_atoms"": 4}",canonical,deepdfa_factored,DeepDFAMonitorFactored,factored_cubes,cpu,cpu,3413,2,32,64,2,16,success,0.004776708562530985,7.463607128954663e-05,2.3323772277983323e-06,13398.347243125294,,[],
rq3.v1,0fa12163-ecac-4e16-84e9-78c19bb7291b,guard_complexity::guard_read_once_n4::deepdfa_factored::r3::l32::b64,guard_complexity,guard_read_once_n4,guard_complexity,"{""guard_kind"": ""read_once"", ""n_atoms"": 4}",canonical,deepdfa_factored,DeepDFAMonitorFactored,factored_cubes,cpu,cpu,4517,3,32,64,2,11,success,0.004613704727406995,7.208913636573429e-05,2.2527855114291966e-06,13871.715634470052,,[],
rq3.v1,0fa12163-ecac-4e16-84e9-78c19bb7291b,guard_complexity::guard_read_once_n4::deepdfa_factored::r4::l32::b64,guard_complexity,guard_read_once_n4,guard_complexity,"{""guard_kind"": ""read_once"", ""n_atoms"": 4}",canonical,deepdfa_factored,DeepDFAMonitorFactored,factored_cubes,cpu,cpu,5623,4,32,64,2,22,success,0.004514908227396187,7.054544105306542e-05,2.2045450329082943e-06,14175.260443092047,,[],
rq3.v1,0fa12163-ecac-4e16-84e9-78c19bb7291b,guard_complexity::guard_threshold_n4::deepdfa_dense::r0::l32::b64,guard_complexity,guard_threshold_n4,guard_complexity,"{""guard_kind"": ""threshold"", ""n_atoms"": 4}",canonical,deepdfa_dense,DeepDFAMonitorDense,dense,cpu,cpu,1201,0,32,64,2,36,success,0.0028135226944464697,4.396129210072609e-05,1.3737903781476903e-06,22747.28408138585,,[],
rq3.v1,0fa12163-ecac-4e16-84e9-78c19bb7291b,guard_complexity::guard_threshold_n4::deepdfa_dense::r1::l32::b64,guard_complexity,guard_threshold_n4,guard_complexity,"{""guard_kind"": ""threshold"", ""n_atoms"": 4}",canonical,deepdfa_dense,DeepDFAMonitorDense,dense,cpu,cpu,2309,1,32,64,2,18,success,0.0028529217777557075,4.457690277743293e-05,1.393028211794779e-06,22433.142225983684,,[],
rq3.v1,0fa12163-ecac-4e16-84e9-78c19bb7291b,guard_complexity::guard_threshold_n4::deepdfa_dense::r2::l32::b64,guard_complexity,guard_threshold_n4,guard_complexity,"{""guard_kind"": ""threshold"", ""n_atoms"": 4}",canonical,deepdfa_dense,DeepDFAMonitorDense,dense,cpu,cpu,3413,2,32,64,2,36,success,0.002827487361072498,4.417949001675778e-05,1.3806090630236806e-06,22634.937606131007,,[],
rq3.v1,0fa12163-ecac-4e16-84e9-78c19bb7291b,guard_complexity::guard_threshold_n4::deepdfa_dense::r3::l32::b64,guard_complexity,guard_threshold_n4,guard_complexity,"{""guard_kind"": ""threshold"", ""n_atoms"": 4}",canonical,deepdfa_dense,DeepDFAMonitorDense,dense,cpu,cpu,4517,3,32,64,2,16,success,0.003579940187592001,5.593656543112502e-05,1.7480176697226568e-06,17877.39365641434,,[],
rq3.v1,0fa12163-ecac-4e16-84e9-78c19bb7291b,guard_complexity::guard_threshold_n4::deepdfa_dense::r4::l32::b64,guard_complexity,guard_threshold_n4,guard_complexity,"{""guard_kind"": ""threshold"", ""n_atoms"": 4}",canonical,deepdfa_dense,DeepDFAMonitorDense,dense,cpu,cpu,5623,4,32,64,2,18,success,0.002787563777827826,4.355568402855978e-05,1.361115125892493e-06,22959.115952450495,,[],
rq3.v1,0fa12163-ecac-4e16-84e9-78c19bb7291b,guard_complexity::guard_threshold_n4::deepdfa_factored::r0::l32::b64,guard_complexity,guard_threshold_n4,guard_complexity,"{""guard_kind"": ""threshold"", ""n_atoms"": 4}",canonical,deepdfa_factored,DeepDFAMonitorFactored,factored_cubes,cpu,cpu,1201,0,32,64,2,28,success,0.003552792107127191,5.551237667386236e-05,1.7347617710581988e-06,18014.000839399177,,[],
rq3.v1,0fa12163-ecac-4e16-84e9-78c19bb7291b,guard_complexity::guard_threshold_n4::deepdfa_factored::r1::l32::b64,guard_complexity,guard_threshold_n4,guard_complexity,"{""guard_kind"": ""threshold"", ""n_atoms"": 4}",canonical,deepdfa_factored,DeepDFAMonitorFactored,factored_cubes,cpu,cpu,2309,1,32,64,2,20,success,0.003980001200034167,6.218751875053385e-05,1.943359960954183e-06,16080.397161551255,,[],
rq3.v1,0fa12163-ecac-4e16-84e9-78c19bb7291b,guard_complexity::guard_threshold_n4::deepdfa_factored::r2::l32::b64,guard_complexity,guard_threshold_n4,guard_complexity,"{""guard_kind"": ""threshold"", ""n_atoms"": 4}",canonical,deepdfa_factored,DeepDFAMonitorFactored,factored_cubes,cpu,cpu,3413,2,32,64,2,26,success,0.003654163884605693,5.7096310696963956e-05,1.7842597092801236e-06,17514.266469990576,,[],
rq3.v1,0fa12163-ecac-4e16-84e9-78c19bb7291b,guard_complexity::guard_threshold_n4::deepdfa_factored::r3::l32::b64,guard_complexity,guard_threshold_n4,guard_complexity,"{""guard_kind"": ""threshold"", ""n_atoms"": 4}",canonical,deepdfa_factored,DeepDFAMonitorFactored,factored_cubes,cpu,cpu,4517,3,32,64,2,26,success,0.0036122364231582303,5.644119411184735e-05,1.7637873159952296e-06,17717.555692006415,,[],
rq3.v1,0fa12163-ecac-4e16-84e9-78c19bb7291b,guard_complexity::guard_threshold_n4::deepdfa_factored::r4::l32::b64,guard_complexity,guard_threshold_n4,guard_complexity,"{""guard_kind"": ""threshold"", ""n_atoms"": 4}",canonical,deepdfa_factored,DeepDFAMonitorFactored,factored_cubes,cpu,cpu,5623,4,32,64,2,14,success,0.0035903736427696587,5.609958816827592e-05,1.7531121302586224e-06,17825.44280005064,,[],
rq3.v1,0fa12163-ecac-4e16-84e9-78c19bb7291b,guard_complexity::guard_parity_n4::deepdfa_dense::r0::l32::b64,guard_complexity,guard_parity_n4,guard_complexity,"{""guard_kind"": ""parity"", ""n_atoms"": 4}",canonical,deepdfa_dense,DeepDFAMonitorDense,dense,cpu,cpu,1201,0,32,64,2,34,success,0.0028289562647200108,4.420244163625017e-05,1.3813263011328178e-06,22623.184669959628,,[],
rq3.v1,0fa12163-ecac-4e16-84e9-78c19bb7291b,guard_complexity::guard_parity_n4::deepdfa_dense::r1::l32::b64,guard_complexity,guard_parity_n4,guard_complexity,"{""guard_kind"": ""parity"", ""n_atoms"": 4}",canonical,deepdfa_dense,DeepDFAMonitorDense,dense,cpu,cpu,2309,1,32,64,2,18,success,0.003016229055598766,4.712857899373072e-05,1.472768093554085e-06,21218.54767004592,,[],
rq3.v1,0fa12163-ecac-4e16-84e9-78c19bb7291b,guard_complexity::guard_parity_n4::deepdfa_dense::r2::l32::b64,guard_complexity,guard_parity_n4,guard_complexity,"{""guard_kind"": ""parity"", ""n_atoms"": 4}",canonical,deepdfa_dense,DeepDFAMonitorDense,dense,cpu,cpu,3413,2,32,64,2,17,success,0.00299418888243963,4.678420128811922e-05,1.4620062902537256e-06,21374.73703658052,,[],
rq3.v1,0fa12163-ecac-4e16-84e9-78c19bb7291b,guard_complexity::guard_parity_n4::deepdfa_dense::r3::l32::b64,guard_complexity,guard_parity_n4,guard_complexity,"{""guard_kind"": ""parity"", ""n_atoms"": 4}",canonical,deepdfa_dense,DeepDFAMonitorDense,dense,cpu,cpu,4517,3,32,64,2,30,success,0.0030339073333986257,4.740480208435353e-05,1.4814000651360477e-06,21094.90929253475,,[],
rq3.v1,0fa12163-ecac-4e16-84e9-78c19bb7291b,guard_complexity::guard_parity_n4::deepdfa_dense::r4::l32::b64,guard_complexity,guard_parity_n4,guard_complexity,"{""guard_kind"": ""parity"", ""n_atoms"": 4}",canonical,deepdfa_dense,DeepDFAMonitorDense,dense,cpu,cpu,5623,4,32,64,2,18,success,0.002887910000127805,4.512359375199695e-05,1.4101123047499047e-06,22161.355442921584,,[],
rq3.v1,0fa12163-ecac-4e16-84e9-78c19bb7291b,guard_complexity::guard_parity_n4::deepdfa_factored::r0::l32::b64,guard_complexity,guard_parity_n4,guard_complexity,"{""guard_kind"": ""parity"", ""n_atoms"": 4}",canonical,deepdfa_factored,DeepDFAMonitorFactored,factored_cubes,cpu,cpu,1201,0,32,64,2,24,success,0.003754539791619512,5.8664684244054875e-05,1.8332713826267148e-06,17046.030552893342,,[],
rq3.v1,0fa12163-ecac-4e16-84e9-78c19bb7291b,guard_complexity::guard_parity_n4::deepdfa_factored::r1::l32::b64,guard_complexity,guard_parity_n4,guard_complexity,"{""guard_kind"": ""parity"", ""n_atoms"": 4}",canonical,deepdfa_factored,DeepDFAMonitorFactored,factored_cubes,cpu,cpu,2309,1,32,64,2,22,success,0.004038378181741626,6.30996590897129e-05,1.971864346553528e-06,15847.946160505158,,[],
rq3.v1,0fa12163-ecac-4e16-84e9-78c19bb7291b,guard_complexity::guard_parity_n4::deepdfa_factored::r2::l32::b64,guard_complexity,guard_parity_n4,guard_complexity,"{""guard_kind"": ""parity"", ""n_atoms"": 4}",canonical,deepdfa_factored,DeepDFAMonitorFactored,factored_cubes,cpu,cpu,3413,2,32,64,2,13,success,0.003969543000074247,6.202410937616011e-05,1.9382534180050034e-06,16122.762745939,,[],
rq3.v1,0fa12163-ecac-4e16-84e9-78c19bb7291b,guard_complexity::guard_parity_n4::deepdfa_factored::r3::l32::b64,guard_complexity,guard_parity_n4,guard_complexity,"{""guard_kind"": ""parity"", ""n_atoms"": 4}",canonical,deepdfa_factored,DeepDFAMonitorFactored,factored_cubes,cpu,cpu,4517,3,32,64,2,26,success,0.003806446115329611,5.9475720552025173e-05,1.8586162672507867e-06,16813.583605519674,,[],
rq3.v1,0fa12163-ecac-4e16-84e9-78c19bb7291b,guard_complexity::guard_parity_n4::deepdfa_factored::r4::l32::b64,guard_complexity,guard_parity_n4,guard_complexity,"{""guard_kind"": ""parity"", ""n_atoms"": 4}",canonical,deepdfa_factored,DeepDFAMonitorFactored,factored_cubes,cpu,cpu,5623,4,32,64,2,26,success,0.003871963730769214,6.049943329326897e-05,1.8906072904146554e-06,16529.080448614015,,[],
rq3.v1,0fa12163-ecac-4e16-84e9-78c19bb7291b,guard_complexity::guard_read_once_n5::deepdfa_dense::r0::l32::b64,guard_complexity,guard_read_once_n5,guard_complexity,"{""guard_kind"": ""read_once"", ""n_atoms"": 5}",canonical,deepdfa_dense,DeepDFAMonitorDense,dense,cpu,cpu,1201,0,32,64,2,20,success,0.004791755949918297,7.487118671747339e-05,2.3397245849210433e-06,13356.272871345054,,[],
rq3.v1,0fa12163-ecac-4e16-84e9-78c19bb7291b,guard_complexity::guard_read_once_n5::deepdfa_dense::r1::l32::b64,guard_complexity,guard_read_once_n5,guard_complexity,"{""guard_kind"": ""read_once"", ""n_atoms"": 5}",canonical,deepdfa_dense,DeepDFAMonitorDense,dense,cpu,cpu,2309,1,32,64,2,11,success,0.0047782792726965536,7.466061363588365e-05,2.333144176121364e-06,13393.942954674249,,[],
rq3.v1,0fa12163-ecac-4e16-84e9-78c19bb7291b,guard_complexity::guard_read_once_n5::deepdfa_dense::r2::l32::b64,guard_complexity,guard_read_once_n5,guard_complexity,"{""guard_kind"": ""read_once"", ""n_atoms"": 5}",canonical,deepdfa_dense,DeepDFAMonitorDense,dense,cpu,cpu,3413,2,32,64,2,18,success,0.004863019777783645,7.598468402786946e-05,2.3745213758709206e-06,13160.546928552374,,[],
rq3.v1,0fa12163-ecac-4e16-84e9-78c19bb7291b,guard_complexity::guard_read_once_n5::deepdfa_dense::r3::l32::b64,guard_complexity,guard_read_once_n5,guard_complexity,"{""guard_kind"": ""read_once"", ""n_atoms"": 5}",canonical,deepdfa_dense,DeepDFAMonitorDense,dense,cpu,cpu,4517,3,32,64,2,20,success,0.004671289500038256,7.298889843809775e-05,2.2809030761905547e-06,13700.713689330509,,[],
rq3.v1,0fa12163-ecac-4e16-84e9-78c19bb7291b,guard_complexity::guard_read_once_n5::deepdfa_dense::r4::l32::b64,guard_complexity,guard_read_once_n5,guard_complexity,"{""guard_kind"": ""read_once"", ""n_atoms"": 5}",canonical,deepdfa_dense,DeepDFAMonitorDense,dense,cpu,cpu,5623,4,32,64,2,18,success,0.004986932500186312,7.792082031541112e-05,2.4350256348565976e-06,12833.540457507488,,[],
rq3.v1,0fa12163-ecac-4e16-84e9-78c19bb7291b,guard_complexity::guard_read_once_n5::deepdfa_factored::r0::l32::b64,guard_complexity,guard_read_once_n5,guard_complexity,"{""guard_kind"": ""read_once"", ""n_atoms"": 5}",canonical,deepdfa_factored,DeepDFAMonitorFactored,factored_cubes,cpu,cpu,1201,0,32,64,2,18,success,0.005594720833364085,8.741751302131383e-05,2.7317972819160573e-06,11439.355404176089,,[],
rq3.v1,0fa12163-ecac-4e16-84e9-78c19bb7291b,guard_complexity::guard_read_once_n5::deepdfa_factored::r1::l32::b64,guard_complexity,guard_read_once_n5,guard_complexity,"{""guard_kind"": ""read_once"", ""n_atoms"": 5}",canonical,deepdfa_factored,DeepDFAMonitorFactored,factored_cubes,cpu,cpu,2309,1,32,64,2,9,success,0.0056026013335213065,8.754064583627041e-05,2.7356451823834504e-06,11423.265049589952,,[],
rq3.v1,0fa12163-ecac-4e16-84e9-78c19bb7291b,guard_complexity::guard_read_once_n5::deepdfa_factored::r2::l32::b64,guard_complexity,guard_read_once_n5,guard_complexity,"{""guard_kind"": ""read_once"", ""n_atoms"": 5}",canonical,deepdfa_factored,DeepDFAMonitorFactored,factored_cubes,cpu,cpu,3413,2,32,64,2,9,success,0.005745172777500961,8.976832464845252e-05,2.805260145264141e-06,11139.78682253639,,[],
rq3.v1,0fa12163-ecac-4e16-84e9-78c19bb7291b,guard_complexity::guard_read_once_n5::deepdfa_factored::r3::l32::b64,guard_complexity,guard_read_once_n5,guard_complexity,"{""guard_kind"": ""read_once"", ""n_atoms"": 5}",canonical,deepdfa_factored,DeepDFAMonitorFactored,factored_cubes,cpu,cpu,4517,3,32,64,2,9,success,0.005576243111136137,8.712879861150213e-05,2.7227749566094417e-06,11477.26143291487,,[],
rq3.v1,0fa12163-ecac-4e16-84e9-78c19bb7291b,guard_complexity::guard_read_once_n5::deepdfa_factored::r4::l32::b64,guard_complexity,guard_read_once_n5,guard_complexity,"{""guard_kind"": ""read_once"", ""n_atoms"": 5}",canonical,deepdfa_factored,DeepDFAMonitorFactored,factored_cubes,cpu,cpu,5623,4,32,64,2,16,success,0.005838386000050377,9.122478125078715e-05,2.8507744140870983e-06,10961.933657597796,,[],
rq3.v1,0fa12163-ecac-4e16-84e9-78c19bb7291b,guard_complexity::guard_threshold_n5::deepdfa_dense::r0::l32::b64,guard_complexity,guard_threshold_n5,guard_complexity,"{""guard_kind"": ""threshold"", ""n_atoms"": 5}",canonical,deepdfa_dense,DeepDFAMonitorDense,dense,cpu,cpu,1201,0,32,64,2,17,success,0.0030128116471614167,4.7075181986897136e-05,1.4710994370905355e-06,21242.61570095128,,[],
rq3.v1,0fa12163-ecac-4e16-84e9-78c19bb7291b,guard_complexity::guard_threshold_n5::deepdfa_dense::r1::l32::b64,guard_complexity,guard_threshold_n5,guard_complexity,"{""guard_kind"": ""threshold"", ""n_atoms"": 5}",canonical,deepdfa_dense,DeepDFAMonitorDense,dense,cpu,cpu,2309,1,32,64,2,17,success,0.0030646202353904408,4.788469117797564e-05,1.4963965993117386e-06,20883.501081446793,,[],
rq3.v1,0fa12163-ecac-4e16-84e9-78c19bb7291b,guard_complexity::guard_threshold_n5::deepdfa_dense::r2::l32::b64,guard_complexity,guard_threshold_n5,guard_complexity,"{""guard_kind"": ""threshold"", ""n_atoms"": 5}",canonical,deepdfa_dense,DeepDFAMonitorDense,dense,cpu,cpu,3413,2,32,64,2,17,success,0.002987912352931316,4.668613051455181e-05,1.458941578579744e-06,21419.63767351217,,[],
rq3.v1,0fa12163-ecac-4e16-84e9-78c19bb7291b,guard_complexity::guard_threshold_n5::deepdfa_dense::r3::l32::b64,guard_complexity,guard_threshold_n5,guard_complexity,"{""guard_kind"": ""threshold"", ""n_atoms"": 5}",canonical,deepdfa_dense,DeepDFAMonitorDense,dense,cpu,cpu,4517,3,32,64,2,17,success,0.0029985740586519517,4.6852719666436746e-05,1.4641474895761483e-06,21343.478182683953,,[],
rq3.v1,0fa12163-ecac-4e16-84e9-78c19bb7291b,guard_complexity::guard_threshold_n5::deepdfa_dense::r4::l32::b64,guard_complexity,guard_threshold_n5,guard_complexity,"{""guard_kind"": ""threshold"", ""n_atoms"": 5}",canonical,deepdfa_dense,DeepDFAMonitorDense,dense,cpu,cpu,5623,4,32,64,2,17,success,0.0030007278236392747,4.688637224436367e-05,1.4651991326363646e-06,21328.158953910377,,[],
rq3.v1,0fa12163-ecac-4e16-84e9-78c19bb7291b,guard_complexity::guard_threshold_n5::deepdfa_factored::r0::l32::b64,guard_complexity,guard_threshold_n5,guard_complexity,"{""guard_kind"": ""threshold"", ""n_atoms"": 5}",canonical,deepdfa_factored,DeepDFAMonitorFactored,factored_cubes,cpu,cpu,1201,0,32,64,2,12,success,0.004172086416474485,6.518885025741383e-05,2.0371515705441823e-06,15340.046588508001,,[],
rq3.v1,0fa12163-ecac-4e16-84e9-78c19bb7291b,guard_complexity::guard_threshold_n5::deepdfa_factored::r1::l32::b64,guard_complexity,guard_threshold_n5,guard_complexity,"{""guard_kind"": ""threshold"", ""n_atoms"": 5}",canonical,deepdfa_factored,DeepDFAMonitorFactored,factored_cubes,cpu,cpu,2309,1,32,64,2,20,success,0.004083604749939696,6.380632421780774e-05,1.993947631806492e-06,15672.42765131594,,[],
rq3.v1,0fa12163-ecac-4e16-84e9-78c19bb7291b,guard_complexity::guard_threshold_n5::deepdfa_factored::r2::l32::b64,guard_complexity,guard_threshold_n5,guard_complexity,"{""guard_kind"": ""threshold"", ""n_atoms"": 5}",canonical,deepdfa_factored,DeepDFAMonitorFactored,factored_cubes,cpu,cpu,3413,2,32,64,2,12,success,0.004174350416481805,6.52242252575282e-05,2.0382570392977564e-06,15331.726763355915,,[],
rq3.v1,0fa12163-ecac-4e16-84e9-78c19bb7291b,guard_complexity::guard_threshold_n5::deepdfa_factored::r3::l32::b64,guard_complexity,guard_threshold_n5,guard_complexity,"{""guard_kind"": ""threshold"", ""n_atoms"": 5}",canonical,deepdfa_factored,DeepDFAMonitorFactored,factored_cubes,cpu,cpu,4517,3,32,64,2,24,success,0.004003238374934881,6.255059960835752e-05,1.9547062377611724e-06,15987.056978849296,,[],
rq3.v1,0fa12163-ecac-4e16-84e9-78c19bb7291b,guard_complexity::guard_threshold_n5::deepdfa_factored::r4::l32::b64,guard_complexity,guard_threshold_n5,guard_complexity,"{""guard_kind"": ""threshold"", ""n_atoms"": 5}",canonical,deepdfa_factored,DeepDFAMonitorFactored,factored_cubes,cpu,cpu,5623,4,32,64,2,13,success,0.003987736538524937,6.230838341445214e-05,1.9471369817016293e-06,16049.204700888688,,[],
rq3.v1,0fa12163-ecac-4e16-84e9-78c19bb7291b,guard_complexity::guard_parity_n5::deepdfa_dense::r0::l32::b64,guard_complexity,guard_parity_n5,guard_complexity,"{""guard_kind"": ""parity"", ""n_atoms"": 5}",canonical,deepdfa_dense,DeepDFAMonitorDense,dense,cpu,cpu,1201,0,32,64,2,30,success,0.0030143452332898352,4.7099144270153676e-05,1.4718482584423024e-06,21231.808252484356,,[],
rq3.v1,0fa12163-ecac-4e16-84e9-78c19bb7291b,guard_complexity::guard_parity_n5::deepdfa_dense::r1::l32::b64,guard_complexity,guard_parity_n5,guard_complexity,"{""guard_kind"": ""parity"", ""n_atoms"": 5}",canonical,deepdfa_dense,DeepDFAMonitorDense,dense,cpu,cpu,2309,1,32,64,2,30,success,0.0029726665000149905,4.6447914062734226e-05,1.4514973144604446e-06,21529.492124218195,,[],
rq3.v1,0fa12163-ecac-4e16-84e9-78c19bb7291b,guard_complexity::guard_parity_n5::deepdfa_dense::r2::l32::b64,guard_complexity,guard_parity_n5,guard_complexity,"{""guard_kind"": ""parity"", ""n_atoms"": 5}",canonical,deepdfa_dense,DeepDFAMonitorDense,dense,cpu,cpu,3413,2,32,64,2,34,success,0.0029770023529101094,4.651566176422046e-05,1.4536144301318894e-06,21498.135511192348,,[],
rq3.v1,0fa12163-ecac-4e16-84e9-78c19bb7291b,guard_complexity::guard_parity_n5::deepdfa_dense::r3::l32::b64,guard_complexity,guard_parity_n5,guard_complexity,"{""guard_kind"": ""parity"", ""n_atoms"": 5}",canonical,deepdfa_dense,DeepDFAMonitorDense,dense,cpu,cpu,4517,3,32,64,2,30,success,0.003016279866642435,4.712937291628805e-05,1.4727929036340015e-06,21218.190230882472,,[],
rq3.v1,0fa12163-ecac-4e16-84e9-78c19bb7291b,guard_complexity::guard_parity_n5::deepdfa_dense::r4::l32::b64,guard_complexity,guard_parity_n5,guard_complexity,"{""guard_kind"": ""parity"", ""n_atoms"": 5}",canonical,deepdfa_dense,DeepDFAMonitorDense,dense,cpu,cpu,5623,4,32,64,2,28,success,0.0031445263571835574,4.9133224330993084e-05,1.5354132603435339e-06,20352.826699574103,,[],
rq3.v1,0fa12163-ecac-4e16-84e9-78c19bb7291b,guard_complexity::guard_parity_n5::deepdfa_factored::r0::l32::b64,guard_complexity,guard_parity_n5,guard_complexity,"{""guard_kind"": ""parity"", ""n_atoms"": 5}",canonical,deepdfa_factored,DeepDFAMonitorFactored,factored_cubes,cpu,cpu,1201,0,32,64,2,22,success,0.004397149772723258,6.870546519880091e-05,2.1470457874625284e-06,14554.882891870044,,[],
rq3.v1,0fa12163-ecac-4e16-84e9-78c19bb7291b,guard_complexity::guard_parity_n5::deepdfa_factored::r1::l32::b64,guard_complexity,guard_parity_n5,guard_complexity,"{""guard_kind"": ""parity"", ""n_atoms"": 5}",canonical,deepdfa_factored,DeepDFAMonitorFactored,factored_cubes,cpu,cpu,2309,1,32,64,2,22,success,0.004446354954449238,6.947429616326934e-05,2.171071755102167e-06,14393.812607326481,,[],
rq3.v1,0fa12163-ecac-4e16-84e9-78c19bb7291b,guard_complexity::guard_parity_n5::deepdfa_factored::r2::l32::b64,guard_complexity,guard_parity_n5,guard_complexity,"{""guard_kind"": ""parity"", ""n_atoms"": 5}",canonical,deepdfa_factored,DeepDFAMonitorFactored,factored_cubes,cpu,cpu,3413,2,32,64,2,22,success,0.005040381681861949,7.875596377909295e-05,2.4611238680966547e-06,12697.451113733512,,[],
rq3.v1,0fa12163-ecac-4e16-84e9-78c19bb7291b,guard_complexity::guard_parity_n5::deepdfa_factored::r3::l32::b64,guard_complexity,guard_parity_n5,guard_complexity,"{""guard_kind"": ""parity"", ""n_atoms"": 5}",canonical,deepdfa_factored,DeepDFAMonitorFactored,factored_cubes,cpu,cpu,4517,3,32,64,2,20,success,0.004461707199880038,6.97141749981256e-05,2.178567968691425e-06,14344.285075838407,,[],
rq3.v1,0fa12163-ecac-4e16-84e9-78c19bb7291b,guard_complexity::guard_parity_n5::deepdfa_factored::r4::l32::b64,guard_complexity,guard_parity_n5,guard_complexity,"{""guard_kind"": ""parity"", ""n_atoms"": 5}",canonical,deepdfa_factored,DeepDFAMonitorFactored,factored_cubes,cpu,cpu,5623,4,32,64,2,11,success,0.004894874000125459,7.64824062519603e-05,2.3900751953737593e-06,13074.902438420198,,[],
rq3.v1,0fa12163-ecac-4e16-84e9-78c19bb7291b,scan_phase::boundedresp_k2::deepdfa_dense::r0::l32::b1,scan_phase,boundedresp_k2,bounded_response,"{""deadline"": 2}",canonical,deepdfa_dense,DeepDFAMonitorDense,dense,cpu,cpu,1201,0,32,1,2,93,success,0.0005802364731382739,0.0005802364731382739,1.813238978557106e-05,1723.4352652658804,,[],
rq3.v1,0fa12163-ecac-4e16-84e9-78c19bb7291b,scan_phase::boundedresp_k2::deepdfa_dense::r0::l32::b32,scan_phase,boundedresp_k2,bounded_response,"{""deadline"": 2}",canonical,deepdfa_dense,DeepDFAMonitorDense,dense,cpu,cpu,1201,0,32,32,2,42,success,0.0025607737857388287,8.00241808043384e-05,2.500755650135575e-06,12496.2228909913,,[],
rq3.v1,0fa12163-ecac-4e16-84e9-78c19bb7291b,scan_phase::boundedresp_k2::deepdfa_dense::r0::l128::b1,scan_phase,boundedresp_k2,bounded_response,"{""deadline"": 2}",canonical,deepdfa_dense,DeepDFAMonitorDense,dense,cpu,cpu,1201,0,128,1,2,40,success,0.002283723199980159,0.002283723199980159,1.784158749984499e-05,437.8814385249001,,[],
rq3.v1,0fa12163-ecac-4e16-84e9-78c19bb7291b,scan_phase::boundedresp_k2::deepdfa_dense::r0::l128::b32,scan_phase,boundedresp_k2,bounded_response,"{""deadline"": 2}",canonical,deepdfa_dense,DeepDFAMonitorDense,dense,cpu,cpu,1201,0,128,32,2,14,success,0.006756411714117608,0.00021113786606617526,1.6495145786419942e-06,4736.241862397994,,[],
rq3.v1,0fa12163-ecac-4e16-84e9-78c19bb7291b,scan_phase::boundedresp_k2::deepdfa_dense::r1::l32::b1,scan_phase,boundedresp_k2,bounded_response,"{""deadline"": 2}",canonical,deepdfa_dense,DeepDFAMonitorDense,dense,cpu,cpu,2309,1,32,1,2,85,success,0.000641461588212919,0.000641461588212919,2.0045674631653718e-05,1558.9397999433634,,[],
rq3.v1,0fa12163-ecac-4e16-84e9-78c19bb7291b,scan_phase::boundedresp_k2::deepdfa_dense::r1::l32::b32,scan_phase,boundedresp_k2,bounded_response,"{""deadline"": 2}",canonical,deepdfa_dense,DeepDFAMonitorDense,dense,cpu,cpu,2309,1,32,32,2,38,success,0.002494295157846768,7.79467236827115e-05,2.4358351150847343e-06,12829.275596888225,,[],
rq3.v1,0fa12163-ecac-4e16-84e9-78c19bb7291b,scan_phase::boundedresp_k2::deepdfa_dense::r1::l128::b1,scan_phase,boundedresp_k2,bounded_response,"{""deadline"": 2}",canonical,deepdfa_dense,DeepDFAMonitorDense,dense,cpu,cpu,2309,1,128,1,2,21,success,0.002680393809506703,0.002680393809506703,2.0940576636771118e-05,373.0795066207226,,[],
rq3.v1,0fa12163-ecac-4e16-84e9-78c19bb7291b,scan_phase::boundedresp_k2::deepdfa_dense::r1::l128::b32,scan_phase,boundedresp_k2,bounded_response,"{""deadline"": 2}",canonical,deepdfa_dense,DeepDFAMonitorDense,dense,cpu,cpu,2309,1,128,32,2,10,success,0.0073545929000829345,0.0002298310281275917,1.7955549072468102e-06,4351.022610597406,,[],
rq3.v1,0fa12163-ecac-4e16-84e9-78c19bb7291b,scan_phase::boundedresp_k2::deepdfa_dense::r2::l32::b1,scan_phase,boundedresp_k2,bounded_response,"{""deadline"": 2}",canonical,deepdfa_dense,DeepDFAMonitorDense,dense,cpu,cpu,3413,2,32,1,2,160,success,0.0006267977749985221,0.0006267977749985221,1.9587430468703815e-05,1595.410896285262,,[],
rq3.v1,0fa12163-ecac-4e16-84e9-78c19bb7291b,scan_phase::boundedresp_k2::deepdfa_dense::r2::l32::b32,scan_phase,boundedresp_k2,bounded_response,"{""deadline"": 2}",canonical,deepdfa_dense,DeepDFAMonitorDense,dense,cpu,cpu,3413,2,32,32,2,40,success,0.0022925601249880858,7.164250390587768e-05,2.2388282470586775e-06,13958.1944443731,,[],
rq3.v1,0fa12163-ecac-4e16-84e9-78c19bb7291b,scan_phase::boundedresp_k2::deepdfa_dense::r2::l128::b1,scan_phase,boundedresp_k2,bounded_response,"{""deadline"": 2}",canonical,deepdfa_dense,DeepDFAMonitorDense,dense,cpu,cpu,3413,2,128,1,2,40,success,0.0023479156749999673,0.0023479156749999673,1.8343091210937244e-05,425.90967411979733,,[],
rq3.v1,0fa12163-ecac-4e16-84e9-78c19bb7291b,scan_phase::boundedresp_k2::deepdfa_dense::r2::l128::b32,scan_phase,boundedresp_k2,bounded_response,"{""deadline"": 2}",canonical,deepdfa_dense,DeepDFAMonitorDense,dense,cpu,cpu,3413,2,128,32,2,14,success,0.006803177000100342,0.0002125992812531357,1.6609318847901226e-06,4703.684763681442,,[],
rq3.v1,0fa12163-ecac-4e16-84e9-78c19bb7291b,scan_phase::boundedresp_k2::deepdfa_dense::r3::l32::b1,scan_phase,boundedresp_k2,bounded_response,"{""deadline"": 2}",canonical,deepdfa_dense,DeepDFAMonitorDense,dense,cpu,cpu,4517,3,32,1,2,144,success,0.0006213254722398334,0.0006213254722398334,1.9416421007494795e-05,1609.4624229633982,,[],
rq3.v1,0fa12163-ecac-4e16-84e9-78c19bb7291b,scan_phase::boundedresp_k2::deepdfa_dense::r3::l32::b32,scan_phase,boundedresp_k2,bounded_response,"{""deadline"": 2}",canonical,deepdfa_dense,DeepDFAMonitorDense,dense,cpu,cpu,4517,3,32,32,2,18,success,0.0028663621111869966,8.957381597459364e-05,2.7991817492060513e-06,11163.976761731754,,[],
rq3.v1,0fa12163-ecac-4e16-84e9-78c19bb7291b,scan_phase::boundedresp_k2::deepdfa_dense::r3::l128::b1,scan_phase,boundedresp_k2,bounded_response,"{""deadline"": 2}",canonical,deepdfa_dense,DeepDFAMonitorDense,dense,cpu,cpu,4517,3,128,1,2,40,success,0.0024378752250413527,0.0024378752250413527,1.9045900195635568e-05,410.19326572919147,,[],
rq3.v1,0fa12163-ecac-4e16-84e9-78c19bb7291b,scan_phase::boundedresp_k2::deepdfa_dense::r3::l128::b32,scan_phase,boundedresp_k2,bounded_response,"{""deadline"": 2}",canonical,deepdfa_dense,DeepDFAMonitorDense,dense,cpu,cpu,4517,3,128,32,2,12,success,0.006536219333308206,0.00020425685416588143,1.5957566731709487e-06,4895.796540506191,,[],
rq3.v1,0fa12163-ecac-4e16-84e9-78c19bb7291b,scan_phase::boundedresp_k2::deepdfa_dense::r4::l32::b1,scan_phase,boundedresp_k2,bounded_response,"{""deadline"": 2}",canonical,deepdfa_dense,DeepDFAMonitorDense,dense,cpu,cpu,5623,4,32,1,2,83,success,0.0006145981927816083,0.0006145981927816083,1.920619352442526e-05,1627.0793044055379,,[],
rq3.v1,0fa12163-ecac-4e16-84e9-78c19bb7291b,scan_phase::boundedresp_k2::deepdfa_dense::r4::l32::b32,scan_phase,boundedresp_k2,bounded_response,"{""deadline"": 2}",canonical,deepdfa_dense,DeepDFAMonitorDense,dense,cpu,cpu,5623,4,32,32,2,22,success,0.0024437869545760227,7.636834233050071e-05,2.386510697828147e-06,13094.431141012348,,[],
rq3.v1,0fa12163-ecac-4e16-84e9-78c19bb7291b,scan_phase::boundedresp_k2::deepdfa_dense::r4::l128::b1,scan_phase,boundedresp_k2,bounded_response,"{""deadline"": 2}",canonical,deepdfa_dense,DeepDFAMonitorDense,dense,cpu,cpu,5623,4,128,1,2,42,success,0.0021576727142798647,0.0021576727142798647,1.6856818080311443e-05,463.46231909122304,,[],
rq3.v1,0fa12163-ecac-4e16-84e9-78c19bb7291b,scan_phase::boundedresp_k2::deepdfa_dense::r4::l128::b32,scan_phase,boundedresp_k2,bounded_response,"{""deadline"": 2}",canonical,deepdfa_dense,DeepDFAMonitorDense,dense,cpu,cpu,5623,4,128,32,2,14,success,0.006273287856986697,0.00019604024553083427,1.5315644182096427e-06,5100.993407206862,,[],
rq3.v1,0fa12163-ecac-4e16-84e9-78c19bb7291b,scan_phase::boundedresp_k2::deepdfa_scan::r0::l32::b1,scan_phase,boundedresp_k2,bounded_response,"{""deadline"": 2}",canonical,deepdfa_scan,DeepDFAMonitorScan,dense_prefix_scan,cpu,cpu,1201,0,32,1,2,562,success,0.00015980994305785727,0.00015980994305785727,4.99406072055804e-06,6257.432928550397,2048,[],
rq3.v1,0fa12163-ecac-4e16-84e9-78c19bb7291b,scan_phase::boundedresp_k2::deepdfa_scan::r0::l32::b32,scan_phase,boundedresp_k2,bounded_response,"{""deadline"": 2}",canonical,deepdfa_scan,DeepDFAMonitorScan,dense_prefix_scan,cpu,cpu,1201,0,32,32,2,18,success,0.0034950110000661677,0.00010921909375206774,3.413096679752117e-06,9155.908235880852,65536,[],
rq3.v1,0fa12163-ecac-4e16-84e9-78c19bb7291b,scan_phase::boundedresp_k2::deepdfa_scan::r0::l128::b1,scan_phase,boundedresp_k2,bounded_response,"{""deadline"": 2}",canonical,deepdfa_scan,DeepDFAMonitorScan,dense_prefix_scan,cpu,cpu,1201,0,128,1,2,90,success,0.0005809930888871248,0.0005809930888871248,4.5390085069306624e-06,1721.190869783788,8192,[],
rq3.v1,0fa12163-ecac-4e16-84e9-78c19bb7291b,scan_phase::boundedresp_k2::deepdfa_scan::r0::l128::b32,scan_phase,boundedresp_k2,bounded_response,"{""deadline"": 2}",canonical,deepdfa_scan,DeepDFAMonitorScan,dense_prefix_scan,cpu,cpu,1201,0,128,32,2,12,success,0.0074885874167496995,0.0002340183567734281,1.8282684122924071e-06,4273.169053008009,262144,[],
rq3.v1,0fa12163-ecac-4e16-84e9-78c19bb7291b,scan_phase::boundedresp_k2::deepdfa_scan::r1::l32::b1,scan_phase,boundedresp_k2,bounded_response,"{""deadline"": 2}",canonical,deepdfa_scan,DeepDFAMonitorScan,dense_prefix_scan,cpu,cpu,2309,1,32,1,2,438,success,0.0001776450114103686,0.0001776450114103686,5.5514066065740185e-06,5629.203950399437,2048,[],
rq3.v1,0fa12163-ecac-4e16-84e9-78c19bb7291b,scan_phase::boundedresp_k2::deepdfa_scan::r1::l32::b32,scan_phase,boundedresp_k2,bounded_response,"{""deadline"": 2}",canonical,deepdfa_scan,DeepDFAMonitorScan,dense_prefix_scan,cpu,cpu,2309,1,32,32,2,32,success,0.002741383312582002,8.566822851818756e-05,2.6771321411933613e-06,11672.938933103977,65536,[],
rq3.v1,0fa12163-ecac-4e16-84e9-78c19bb7291b,scan_phase::boundedresp_k2::deepdfa_scan::r1::l128::b1,scan_phase,boundedresp_k2,bounded_response,"{""deadline"": 2}",canonical,deepdfa_scan,DeepDFAMonitorScan,dense_prefix_scan,cpu,cpu,2309,1,128,1,2,228,success,0.00044763717982788335,0.00044763717982788335,3.4971654674053387e-06,2233.9520599796924,8192,[],
rq3.v1,0fa12163-ecac-4e16-84e9-78c19bb7291b,scan_phase::boundedresp_k2::deepdfa_scan::r1::l128::b32,scan_phase,boundedresp_k2,bounded_response,"{""deadline"": 2}",canonical,deepdfa_scan,DeepDFAMonitorScan,dense_prefix_scan,cpu,cpu,2309,1,128,32,2,12,success,0.007839630416735114,0.0002449884505229723,1.913972269710721e-06,4081.825073244549,262144,[],
rq3.v1,0fa12163-ecac-4e16-84e9-78c19bb7291b,scan_phase::boundedresp_k2::deepdfa_scan::r2::l32::b1,scan_phase,boundedresp_k2,bounded_response,"{""deadline"": 2}",canonical,deepdfa_scan,DeepDFAMonitorScan,dense_prefix_scan,cpu,cpu,3413,2,32,1,2,560,success,0.00013260514106800008,0.00013260514106800008,4.143910658375002e-06,7541.18574850125,2048,[],
rq3.v1,0fa12163-ecac-4e16-84e9-78c19bb7291b,scan_phase::boundedresp_k2::deepdfa_scan::r2::l32::b32,scan_phase,boundedresp_k2,bounded_response,"{""deadline"": 2}",canonical,deepdfa_scan,DeepDFAMonitorScan,dense_prefix_scan,cpu,cpu,3413,2,32,32,2,30,success,0.002784996466652956,8.703113958290487e-05,2.7197231119657773e-06,11490.140250862869,65536,[],
rq3.v1,0fa12163-ecac-4e16-84e9-78c19bb7291b,scan_phase::boundedresp_k2::deepdfa_scan::r2::l128::b1,scan_phase,boundedresp_k2,bounded_response,"{""deadline"": 2}",canonical,deepdfa_scan,DeepDFAMonitorScan,dense_prefix_scan,cpu,cpu,3413,2,128,1,2,128,success,0.00050358125778871,0.00050358125778871,3.934228576474297e-06,1985.7768424327953,8192,[],
rq3.v1,0fa12163-ecac-4e16-84e9-78c19bb7291b,scan_phase::boundedresp_k2::deepdfa_scan::r2::l128::b32,scan_phase,boundedresp_k2,bounded_response,"{""deadline"": 2}",canonical,deepdfa_scan,DeepDFAMonitorScan,dense_prefix_scan,cpu,cpu,3413,2,128,32,2,16,success,0.006149647812662806,0.0001921764941457127,1.5013788605133804e-06,5203.550020231802,262144,[],
rq3.v1,0fa12163-ecac-4e16-84e9-78c19bb7291b,scan_phase::boundedresp_k2::deepdfa_scan::r3::l32::b1,scan_phase,boundedresp_k2,bounded_response,"{""deadline"": 2}",canonical,deepdfa_scan,DeepDFAMonitorScan,dense_prefix_scan,cpu,cpu,4517,3,32,1,2,508,success,0.0001606546023634389,0.0001606546023634389,5.0204563238574655e-06,6224.533784209694,2048,[],
rq3.v1,0fa12163-ecac-4e16-84e9-78c19bb7291b,scan_phase::boundedresp_k2::deepdfa_scan::r3::l32::b32,scan_phase,boundedresp_k2,bounded_response,"{""deadline"": 2}",canonical,deepdfa_scan,DeepDFAMonitorScan,dense_prefix_scan,cpu,cpu,4517,3,32,32,2,15,success,0.0041428883332021845,0.00012946526041256827,4.045789387892758e-06,7724.079778724345,65536,[],
rq3.v1,0fa12163-ecac-4e16-84e9-78c19bb7291b,scan_phase::boundedresp_k2::deepdfa_scan::r3::l128::b1,scan_phase,boundedresp_k2,bounded_response,"{""deadline"": 2}",canonical,deepdfa_scan,DeepDFAMonitorScan,dense_prefix_scan,cpu,cpu,4517,3,128,1,2,242,success,0.0003401266694258204,0.0003401266694258204,2.657239604889222e-06,2940.081122389299,8192,[],
rq3.v1,0fa12163-ecac-4e16-84e9-78c19bb7291b,scan_phase::boundedresp_k2::deepdfa_scan::r3::l128::b32,scan_phase,boundedresp_k2,bounded_response,"{""deadline"": 2}",canonical,deepdfa_scan,DeepDFAMonitorScan,dense_prefix_scan,cpu,cpu,4517,3,128,32,2,8,success,0.007243631750043278,0.00022636349218885243,1.7684647827254096e-06,4417.67349642102,262144,[],
rq3.v1,0fa12163-ecac-4e16-84e9-78c19bb7291b,scan_phase::boundedresp_k2::deepdfa_scan::r4::l32::b1,scan_phase,boundedresp_k2,bounded_response,"{""deadline"": 2}",canonical,deepdfa_scan,DeepDFAMonitorScan,dense_prefix_scan,cpu,cpu,5623,4,32,1,2,510,success,0.00017420197451143644,0.00017420197451143644,5.443811703482389e-06,5740.4630619404925,2048,[],
rq3.v1,0fa12163-ecac-4e16-84e9-78c19bb7291b,scan_phase::boundedresp_k2::deepdfa_scan::r4::l32::b32,scan_phase,boundedresp_k2,bounded_response,"{""deadline"": 2}",canonical,deepdfa_scan,DeepDFAMonitorScan,dense_prefix_scan,cpu,cpu,5623,4,32,32,2,22,success,0.003313484863610938,0.00010354640198784182,3.235825062120057e-06,9657.506014718094,65536,[],
rq3.v1,0fa12163-ecac-4e16-84e9-78c19bb7291b,scan_phase::boundedresp_k2::deepdfa_scan::r4::l128::b1,scan_phase,boundedresp_k2,bounded_response,"{""deadline"": 2}",canonical,deepdfa_scan,DeepDFAMonitorScan,dense_prefix_scan,cpu,cpu,5623,4,128,1,2,250,success,0.00045896813599392774,0.00045896813599392774,3.5856885624525604e-06,2178.8004908759726,8192,[],
rq3.v1,0fa12163-ecac-4e16-84e9-78c19bb7291b,scan_phase::boundedresp_k2::deepdfa_scan::r4::l128::b32,scan_phase,boundedresp_k2,bounded_response,"{""deadline"": 2}",canonical,deepdfa_scan,DeepDFAMonitorScan,dense_prefix_scan,cpu,cpu,5623,4,128,32,2,14,success,0.005714781928483197,0.0001785869352650999,1.395210431758593e-06,5599.513752310993,262144,[],
rq3.v1,0fa12163-ecac-4e16-84e9-78c19bb7291b,scan_phase::boundedresp_k6::deepdfa_dense::r0::l32::b1,scan_phase,boundedresp_k6,bounded_response,"{""deadline"": 6}",canonical,deepdfa_dense,DeepDFAMonitorDense,dense,cpu,cpu,1201,0,32,1,2,150,success,0.0005933932733266071,0.0005933932733266071,1.8543539791456472e-05,1685.2230130515723,,[],
rq3.v1,0fa12163-ecac-4e16-84e9-78c19bb7291b,scan_phase::boundedresp_k6::deepdfa_dense::r0::l32::b32,scan_phase,boundedresp_k6,bounded_response,"{""deadline"": 6}",canonical,deepdfa_dense,DeepDFAMonitorDense,dense,cpu,cpu,1201,0,32,32,2,32,success,0.00310338056249293,9.698064257790406e-05,3.030645080559502e-06,10311.33609159895,,[],
rq3.v1,0fa12163-ecac-4e16-84e9-78c19bb7291b,scan_phase::boundedresp_k6::deepdfa_dense::r0::l128::b1,scan_phase,boundedresp_k6,bounded_response,"{""deadline"": 6}",canonical,deepdfa_dense,DeepDFAMonitorDense,dense,cpu,cpu,1201,0,128,1,2,42,success,0.0023394412142979924,0.0023394412142979924,1.8276884486703065e-05,427.452501857404,,[],
rq3.v1,0fa12163-ecac-4e16-84e9-78c19bb7291b,scan_phase::boundedresp_k6::deepdfa_dense::r0::l128::b32,scan_phase,boundedresp_k6,bounded_response,"{""deadline"": 6}",canonical,deepdfa_dense,DeepDFAMonitorDense,dense,cpu,cpu,1201,0,128,32,2,8,success,0.011011550875082321,0.00034411096484632253,2.6883669128618948e-06,2906.0393366035073,,[],
rq3.v1,0fa12163-ecac-4e16-84e9-78c19bb7291b,scan_phase::boundedresp_k6::deepdfa_dense::r1::l32::b1,scan_phase,boundedresp_k6,bounded_response,"{""deadline"": 6}",canonical,deepdfa_dense,DeepDFAMonitorDense,dense,cpu,cpu,2309,1,32,1,2,84,success,0.0006666486785997265,0.0006666486785997265,2.0832771206241452e-05,1500.0404742426956,,[],
rq3.v1,0fa12163-ecac-4e16-84e9-78c19bb7291b,scan_phase::boundedresp_k6::deepdfa_dense::r1::l32::b32,scan_phase,boundedresp_k6,bounded_response,"{""deadline"": 6}",canonical,deepdfa_dense,DeepDFAMonitorDense,dense,cpu,cpu,2309,1,32,32,2,26,success,0.0033249486153251314,0.00010390464422891036,3.2470201321534487e-06,9624.208883261454,,[],
rq3.v1,0fa12163-ecac-4e16-84e9-78c19bb7291b,scan_phase::boundedresp_k6::deepdfa_dense::r1::l128::b1,scan_phase,boundedresp_k6,bounded_response,"{""deadline"": 6}",canonical,deepdfa_dense,DeepDFAMonitorDense,dense,cpu,cpu,2309,1,128,1,2,20,success,0.002514177950070007,0.002514177950070007,1.964201523492193e-05,397.744320354156,,[],
rq3.v1,0fa12163-ecac-4e16-84e9-78c19bb7291b,scan_phase::boundedresp_k6::deepdfa_dense::r1::l128::b32,scan_phase,boundedresp_k6,bounded_response,"{""deadline"": 6}",canonical,deepdfa_dense,DeepDFAMonitorDense,dense,cpu,cpu,2309,1,128,32,2,6,success,0.011668850666562017,0.00036465158333006303,2.8488404947661175e-06,2742.3437761268506,,[],
rq3.v1,0fa12163-ecac-4e16-84e9-78c19bb7291b,scan_phase::boundedresp_k6::deepdfa_dense::r2::l32::b1,scan_phase,boundedresp_k6,bounded_response,"{""deadline"": 6}",canonical,deepdfa_dense,DeepDFAMonitorDense,dense,cpu,cpu,3413,2,32,1,2,79,success,0.0007281568860786206,0.0007281568860786206,2.2754902689956894e-05,1373.330417000311,,[],
rq3.v1,0fa12163-ecac-4e16-84e9-78c19bb7291b,scan_phase::boundedresp_k6::deepdfa_dense::r2::l32::b32,scan_phase,boundedresp_k6,bounded_response,"{""deadline"": 6}",canonical,deepdfa_dense,DeepDFAMonitorDense,dense,cpu,cpu,3413,2,32,32,2,15,success,0.003443735933251446,0.00010761674791410769,3.3630233723158653e-06,9292.233963417399,,[],
rq3.v1,0fa12163-ecac-4e16-84e9-78c19bb7291b,scan_phase::boundedresp_k6::deepdfa_dense::r2::l128::b1,scan_phase,boundedresp_k6,bounded_response,"{""deadline"": 6}",canonical,deepdfa_dense,DeepDFAMonitorDense,dense,cpu,cpu,3413,2,128,1,2,38,success,0.0026388300789939854,0.0026388300789939854,2.061585999214051e-05,378.955813775336,,[],
rq3.v1,0fa12163-ecac-4e16-84e9-78c19bb7291b,scan_phase::boundedresp_k6::deepdfa_dense::r2::l128::b32,scan_phase,boundedresp_k6,bounded_response,"{""deadline"": 6}",canonical,deepdfa_dense,DeepDFAMonitorDense,dense,cpu,cpu,3413,2,128,32,2,8,success,0.011870481250298326,0.0003709525390718227,2.8980667114986147e-06,2695.762650667241,,[],
rq3.v1,0fa12163-ecac-4e16-84e9-78c19bb7291b,scan_phase::boundedresp_k6::deepdfa_dense::r3::l32::b1,scan_phase,boundedresp_k6,bounded_response,"{""deadline"": 6}",canonical,deepdfa_dense,DeepDFAMonitorDense,dense,cpu,cpu,4517,3,32,1,2,73,success,0.0006965236438415173,0.0006965236438415173,2.1766363870047416e-05,1435.7014422148372,,[],
rq3.v1,0fa12163-ecac-4e16-84e9-78c19bb7291b,scan_phase::boundedresp_k6::deepdfa_dense::r3::l32::b32,scan_phase,boundedresp_k6,bounded_response,"{""deadline"": 6}",canonical,deepdfa_dense,DeepDFAMonitorDense,dense,cpu,cpu,4517,3,32,32,2,30,success,0.0033832331999292366,0.00010572603749778864,3.303938671805895e-06,9458.40801061816,,[],
rq3.v1,0fa12163-ecac-4e16-84e9-78c19bb7291b,scan_phase::boundedresp_k6::deepdfa_dense::r3::l128::b1,scan_phase,boundedresp_k6,bounded_response,"{""deadline"": 6}",canonical,deepdfa_dense,DeepDFAMonitorDense,dense,cpu,cpu,4517,3,128,1,2,19,success,0.0028631568420678377,0.0028631568420678377,2.2368412828654982e-05,349.2648342931074,,[],
rq3.v1,0fa12163-ecac-4e16-84e9-78c19bb7291b,scan_phase::boundedresp_k6::deepdfa_dense::r3::l128::b32,scan_phase,boundedresp_k6,bounded_response,"{""deadline"": 6}",canonical,deepdfa_dense,DeepDFAMonitorDense,dense,cpu,cpu,4517,3,128,32,2,8,success,0.010983889374983846,0.0003432465429682452,2.6816136169394156e-06,2913.3578195790105,,[],
rq3.v1,0fa12163-ecac-4e16-84e9-78c19bb7291b,scan_phase::boundedresp_k6::deepdfa_dense::r4::l32::b1,scan_phase,boundedresp_k6,bounded_response,"{""deadline"": 6}",canonical,deepdfa_dense,DeepDFAMonitorDense,dense,cpu,cpu,5623,4,32,1,2,77,success,0.000651988818165816,0.000651988818165816,2.037465056768175e-05,1533.768635500857,,[],
rq3.v1,0fa12163-ecac-4e16-84e9-78c19bb7291b,scan_phase::boundedresp_k6::deepdfa_dense::r4::l32::b32,scan_phase,boundedresp_k6,bounded_response,"{""deadline"": 6}",canonical,deepdfa_dense,DeepDFAMonitorDense,dense,cpu,cpu,5623,4,32,32,2,30,success,0.00319029046659125,9.969657708097657e-05,3.1155180337805177e-06,10030.434637568047,,[],
rq3.v1,0fa12163-ecac-4e16-84e9-78c19bb7291b,scan_phase::boundedresp_k6::deepdfa_dense::r4::l128::b1,scan_phase,boundedresp_k6,bounded_response,"{""deadline"": 6}",canonical,deepdfa_dense,DeepDFAMonitorDense,dense,cpu,cpu,5623,4,128,1,2,42,success,0.002213527166618622,0.002213527166618622,1.7293180989207984e-05,451.7676652361115,,[],
rq3.v1,0fa12163-ecac-4e16-84e9-78c19bb7291b,scan_phase::boundedresp_k6::deepdfa_dense::r4::l128::b32,scan_phase,boundedresp_k6,bounded_response,"{""deadline"": 6}",canonical,deepdfa_dense,DeepDFAMonitorDense,dense,cpu,cpu,5623,4,128,32,2,8,success,0.011319099624870432,0.000353721863277201,2.763452056853133e-06,2827.079985203885,,[],
rq3.v1,0fa12163-ecac-4e16-84e9-78c19bb7291b,scan_phase::boundedresp_k6::deepdfa_scan::r0::l32::b1,scan_phase,boundedresp_k6,bounded_response,"{""deadline"": 6}",canonical,deepdfa_scan,DeepDFAMonitorScan,dense_prefix_scan,cpu,cpu,1201,0,32,1,2,392,success,0.0002394500586758243,0.0002394500586758243,7.48281433361951e-06,4176.236186911252,8192,[],
rq3.v1,0fa12163-ecac-4e16-84e9-78c19bb7291b,scan_phase::boundedresp_k6::deepdfa_scan::r0::l32::b32,scan_phase,boundedresp_k6,bounded_response,"{""deadline"": 6}",canonical,deepdfa_scan,DeepDFAMonitorScan,dense_prefix_scan,cpu,cpu,1201,0,32,32,2,15,success,0.004145095133329353,0.0001295342229165423,4.047944466141947e-06,7719.967569066986,262144,[],
rq3.v1,0fa12163-ecac-4e16-84e9-78c19bb7291b,scan_phase::boundedresp_k6::deepdfa_scan::r0::l128::b1,scan_phase,boundedresp_k6,bounded_response,"{""deadline"": 6}",canonical,deepdfa_scan,DeepDFAMonitorScan,dense_prefix_scan,cpu,cpu,1201,0,128,1,2,202,success,0.0005147626386250261,0.0005147626386250261,4.0215831142580165e-06,1942.6429289256175,32768,[],
rq3.v1,0fa12163-ecac-4e16-84e9-78c19bb7291b,scan_phase::boundedresp_k6::deepdfa_scan::r0::l128::b32,scan_phase,boundedresp_k6,bounded_response,"{""deadline"": 6}",canonical,deepdfa_scan,DeepDFAMonitorScan,dense_prefix_scan,cpu,cpu,1201,0,128,32,2,6,success,0.014946576833002231,0.0004670805260313197,3.6490666096196853e-06,2140.958452061317,1048576,[],
rq3.v1,0fa12163-ecac-4e16-84e9-78c19bb7291b,scan_phase::boundedresp_k6::deepdfa_scan::r1::l32::b1,scan_phase,boundedresp_k6,bounded_response,"{""deadline"": 6}",canonical,deepdfa_scan,DeepDFAMonitorScan,dense_prefix_scan,cpu,cpu,2309,1,32,1,2,320,success,0.0003179165031269804,0.0003179165031269804,9.934890722718138e-06,3145.479992904255,8192,[],
rq3.v1,0fa12163-ecac-4e16-84e9-78c19bb7291b,scan_phase::boundedresp_k6::deepdfa_scan::r1::l32::b32,scan_phase,boundedresp_k6,bounded_response,"{""deadline"": 6}",canonical,deepdfa_scan,DeepDFAMonitorScan,dense_prefix_scan,cpu,cpu,2309,1,32,32,2,20,success,0.004070338200108381,0.0001271980687533869,3.974939648543341e-06,7861.754583230439,262144,[],
rq3.v1,0fa12163-ecac-4e16-84e9-78c19bb7291b,scan_phase::boundedresp_k6::deepdfa_scan::r1::l128::b1,scan_phase,boundedresp_k6,bounded_response,"{""deadline"": 6}",canonical,deepdfa_scan,DeepDFAMonitorScan,dense_prefix_scan,cpu,cpu,2309,1,128,1,2,104,success,0.0007851599326876077,0.0007851599326876077,6.134061974121935e-06,1273.625866996286,32768,[],
rq3.v1,0fa12163-ecac-4e16-84e9-78c19bb7291b,scan_phase::boundedresp_k6::deepdfa_scan::r1::l128::b32,scan_phase,boundedresp_k6,bounded_response,"{""deadline"": 6}",canonical,deepdfa_scan,DeepDFAMonitorScan,dense_prefix_scan,cpu,cpu,2309,1,128,32,2,6,success,0.012121000167098828,0.00037878125522183836,2.9592285564206122e-06,2640.046164413116,1048576,[],
rq3.v1,0fa12163-ecac-4e16-84e9-78c19bb7291b,scan_phase::boundedresp_k6::deepdfa_scan::r2::l32::b1,scan_phase,boundedresp_k6,bounded_response,"{""deadline"": 6}",canonical,deepdfa_scan,DeepDFAMonitorScan,dense_prefix_scan,cpu,cpu,3413,2,32,1,2,212,success,0.0003730223537752194,0.0003730223537752194,1.1656948555475606e-05,2680.804487665082,8192,[],
rq3.v1,0fa12163-ecac-4e16-84e9-78c19bb7291b,scan_phase::boundedresp_k6::deepdfa_scan::r2::l32::b32,scan_phase,boundedresp_k6,bounded_response,"{""deadline"": 6}",canonical,deepdfa_scan,DeepDFAMonitorScan,dense_prefix_scan,cpu,cpu,3413,2,32,32,2,16,success,0.005014230312553991,0.00015669469726731222,4.896709289603507e-06,6381.8368932680405,262144,[],
rq3.v1,0fa12163-ecac-4e16-84e9-78c19bb7291b,scan_phase::boundedresp_k6::deepdfa_scan::r2::l128::b1,scan_phase,boundedresp_k6,bounded_response,"{""deadline"": 6}",canonical,deepdfa_scan,DeepDFAMonitorScan,dense_prefix_scan,cpu,cpu,3413,2,128,1,2,98,success,0.0006675624285797275,0.0006675624285797275,5.215331473279121e-06,1497.987240126066,32768,[],
rq3.v1,0fa12163-ecac-4e16-84e9-78c19bb7291b,scan_phase::boundedresp_k6::deepdfa_scan::r2::l128::b32,scan_phase,boundedresp_k6,bounded_response,"{""deadline"": 6}",canonical,deepdfa_scan,DeepDFAMonitorScan,dense_prefix_scan,cpu,cpu,3413,2,128,32,2,4,success,0.014337608499772614,0.0004480502656178942,3.5003927001397983e-06,2231.8924387220854,1048576,[],
rq3.v1,0fa12163-ecac-4e16-84e9-78c19bb7291b,scan_phase::boundedresp_k6::deepdfa_scan::r3::l32::b1,scan_phase,boundedresp_k6,bounded_response,"{""deadline"": 6}",canonical,deepdfa_scan,DeepDFAMonitorScan,dense_prefix_scan,cpu,cpu,4517,3,32,1,2,234,success,0.0003092520213628717,0.0003092520213628717,9.66412566758974e-06,3233.6086134312277,8192,[],
rq3.v1,0fa12163-ecac-4e16-84e9-78c19bb7291b,scan_phase::boundedresp_k6::deepdfa_scan::r3::l32::b32,scan_phase,boundedresp_k6,bounded_response,"{""deadline"": 6}",canonical,deepdfa_scan,DeepDFAMonitorScan,dense_prefix_scan,cpu,cpu,4517,3,32,32,2,15,success,0.003418173599978521,0.00010681792499932878,3.3380601562290243e-06,9361.724635694653,262144,[],
rq3.v1,0fa12163-ecac-4e16-84e9-78c19bb7291b,scan_phase::boundedresp_k6::deepdfa_scan::r3::l128::b1,scan_phase,boundedresp_k6,bounded_response,"{""deadline"": 6}",canonical,deepdfa_scan,DeepDFAMonitorScan,dense_prefix_scan,cpu,cpu,4517,3,128,1,2,81,success,0.0007024539135957718,0.0007024539135957718,5.487921199966967e-06,1423.5809362654525,32768,[],
rq3.v1,0fa12163-ecac-4e16-84e9-78c19bb7291b,scan_phase::boundedresp_k6::deepdfa_scan::r3::l128::b32,scan_phase,boundedresp_k6,bounded_response,"{""deadline"": 6}",canonical,deepdfa_scan,DeepDFAMonitorScan,dense_prefix_scan,cpu,cpu,4517,3,128,32,2,6,success,0.011523244499888582,0.0003601013906215182,2.813292114230611e-06,2776.9956630104834,1048576,[],
rq3.v1,0fa12163-ecac-4e16-84e9-78c19bb7291b,scan_phase::boundedresp_k6::deepdfa_scan::r4::l32::b1,scan_phase,boundedresp_k6,bounded_response,"{""deadline"": 6}",canonical,deepdfa_scan,DeepDFAMonitorScan,dense_prefix_scan,cpu,cpu,5623,4,32,1,2,140,success,0.00035750507143218004,0.00035750507143218004,1.1172033482255626e-05,2797.1631171383356,8192,[],
rq3.v1,0fa12163-ecac-4e16-84e9-78c19bb7291b,scan_phase::boundedresp_k6::deepdfa_scan::r4::l32::b32,scan_phase,boundedresp_k6,bounded_response,"{""deadline"": 6}",canonical,deepdfa_scan,DeepDFAMonitorScan,dense_prefix_scan,cpu,cpu,5623,4,32,32,2,20,success,0.004680352899958962,0.00014626102812371756,4.570657128866174e-06,6837.091280078598,262144,[],
rq3.v1,0fa12163-ecac-4e16-84e9-78c19bb7291b,scan_phase::boundedresp_k6::deepdfa_scan::r4::l128::b1,scan_phase,boundedresp_k6,bounded_response,"{""deadline"": 6}",canonical,deepdfa_scan,DeepDFAMonitorScan,dense_prefix_scan,cpu,cpu,5623,4,128,1,2,92,success,0.0005827493478136603,0.0005827493478136603,4.552729279794221e-06,1716.0036364721245,32768,[],
rq3.v1,0fa12163-ecac-4e16-84e9-78c19bb7291b,scan_phase::boundedresp_k6::deepdfa_scan::r4::l128::b32,scan_phase,boundedresp_k6,bounded_response,"{""deadline"": 6}",canonical,deepdfa_scan,DeepDFAMonitorScan,dense_prefix_scan,cpu,cpu,5623,4,128,32,2,6,success,0.013903478167170155,0.00043448369272406734,3.394403849406776e-06,2301.582353368281,1048576,[],
rq3.v1,0fa12163-ecac-4e16-84e9-78c19bb7291b,scan_phase::boundedresp_k10::deepdfa_dense::r0::l32::b1,scan_phase,boundedresp_k10,bounded_response,"{""deadline"": 10}",canonical,deepdfa_dense,DeepDFAMonitorDense,dense,cpu,cpu,1201,0,32,1,2,134,success,0.000659337388038802,0.000659337388038802,2.0604293376212563e-05,1516.6741916069682,,[],
rq3.v1,0fa12163-ecac-4e16-84e9-78c19bb7291b,scan_phase::boundedresp_k10::deepdfa_dense::r0::l32::b32,scan_phase,boundedresp_k10,bounded_response,"{""deadline"": 10}",canonical,deepdfa_dense,DeepDFAMonitorDense,dense,cpu,cpu,1201,0,32,32,2,14,success,0.005825740428658069,0.00018205438839556467,5.689199637361396e-06,5492.8640216418025,,[],
rq3.v1,0fa12163-ecac-4e16-84e9-78c19bb7291b,scan_phase::boundedresp_k10::deepdfa_dense::r0::l128::b1,scan_phase,boundedresp_k10,bounded_response,"{""deadline"": 10}",canonical,deepdfa_dense,DeepDFAMonitorDense,dense,cpu,cpu,1201,0,128,1,2,24,success,0.0038299941666082304,0.0038299941666082304,2.99218294266268e-05,261.0970034154336,,[],
rq3.v1,0fa12163-ecac-4e16-84e9-78c19bb7291b,scan_phase::boundedresp_k10::deepdfa_dense::r0::l128::b32,scan_phase,boundedresp_k10,bounded_response,"{""deadline"": 10}",canonical,deepdfa_dense,DeepDFAMonitorDense,dense,cpu,cpu,1201,0,128,32,2,4,success,0.023752028249873547,0.0007422508828085483,5.798835021941784e-06,1347.2533656223807,,[],
rq3.v1,0fa12163-ecac-4e16-84e9-78c19bb7291b,scan_phase::boundedresp_k10::deepdfa_dense::r1::l32::b1,scan_phase,boundedresp_k10,bounded_response,"{""deadline"": 10}",canonical,deepdfa_dense,DeepDFAMonitorDense,dense,cpu,cpu,2309,1,32,1,2,74,success,0.000683727945953079,0.000683727945953079,2.1366498311033718e-05,1462.570026454097,,[],
rq3.v1,0fa12163-ecac-4e16-84e9-78c19bb7291b,scan_phase::boundedresp_k10::deepdfa_dense::r1::l32::b32,scan_phase,boundedresp_k10,bounded_response,"{""deadline"": 10}",canonical,deepdfa_dense,DeepDFAMonitorDense,dense,cpu,cpu,2309,1,32,32,2,22,success,0.004575963681914304,0.000142998865059822,4.468714533119438e-06,6993.062494458686,,[],
rq3.v1,0fa12163-ecac-4e16-84e9-78c19bb7291b,scan_phase::boundedresp_k10::deepdfa_dense::r1::l128::b1,scan_phase,boundedresp_k10,bounded_response,"{""deadline"": 10}",canonical,deepdfa_dense,DeepDFAMonitorDense,dense,cpu,cpu,2309,1,128,1,2,22,success,0.003859207136305155,0.003859207136305155,3.0150055752384024e-05,259.1205822026465,,[],
rq3.v1,0fa12163-ecac-4e16-84e9-78c19bb7291b,scan_phase::boundedresp_k10::deepdfa_dense::r1::l128::b32,scan_phase,boundedresp_k10,bounded_response,"{""deadline"": 10}",canonical,deepdfa_dense,DeepDFAMonitorDense,dense,cpu,cpu,2309,1,128,32,2,3,success,0.017025410666974494,0.0005320440833429529,4.15659440111682e-06,1879.5435027052167,,[],
rq3.v1,0fa12163-ecac-4e16-84e9-78c19bb7291b,scan_phase::boundedresp_k10::deepdfa_dense::r2::l32::b1,scan_phase,boundedresp_k10,bounded_response,"{""deadline"": 10}",canonical,deepdfa_dense,DeepDFAMonitorDense,dense,cpu,cpu,3413,2,32,1,2,128,success,0.0006792021171975193,0.0006792021171975193,2.122506616242248e-05,1472.3157874214771,,[],
rq3.v1,0fa12163-ecac-4e16-84e9-78c19bb7291b,scan_phase::boundedresp_k10::deepdfa_dense::r2::l32::b32,scan_phase,boundedresp_k10,bounded_response,"{""deadline"": 10}",canonical,deepdfa_dense,DeepDFAMonitorDense,dense,cpu,cpu,3413,2,32,32,2,14,success,0.004042727857137963,0.00012633524553556135,3.947976422986292e-06,7915.4474727997895,,[],
rq3.v1,0fa12163-ecac-4e16-84e9-78c19bb7291b,scan_phase::boundedresp_k10::deepdfa_dense::r2::l128::b1,scan_phase,boundedresp_k10,bounded_response,"{""deadline"": 10}",canonical,deepdfa_dense,DeepDFAMonitorDense,dense,cpu,cpu,3413,2,128,1,2,36,success,0.004792648611126222,0.004792648611126222,3.744256727442361e-05,208.65289344987272,,[],
rq3.v1,0fa12163-ecac-4e16-84e9-78c19bb7291b,scan_phase::boundedresp_k10::deepdfa_dense::r2::l128::b32,scan_phase,boundedresp_k10,bounded_response,"{""deadline"": 10}",canonical,deepdfa_dense,DeepDFAMonitorDense,dense,cpu,cpu,3413,2,128,32,2,4,success,0.016977638249954907,0.0005305511953110909,4.144931213367897e-06,1884.8322439715662,,[],
rq3.v1,0fa12163-ecac-4e16-84e9-78c19bb7291b,scan_phase::boundedresp_k10::deepdfa_dense::r3::l32::b1,scan_phase,boundedresp_k10,bounded_response,"{""deadline"": 10}",canonical,deepdfa_dense,DeepDFAMonitorDense,dense,cpu,cpu,4517,3,32,1,2,106,success,0.0006837045188629692,0.0006837045188629692,2.136576621446779e-05,1462.6201413192998,,[],
rq3.v1,0fa12163-ecac-4e16-84e9-78c19bb7291b,scan_phase::boundedresp_k10::deepdfa_dense::r3::l32::b32,scan_phase,boundedresp_k10,bounded_response,"{""deadline"": 10}",canonical,deepdfa_dense,DeepDFAMonitorDense,dense,cpu,cpu,4517,3,32,32,2,10,success,0.00531089769974642,0.00016596555311707562,5.186423534908613e-06,6025.346713330198,,[],
rq3.v1,0fa12163-ecac-4e16-84e9-78c19bb7291b,scan_phase::boundedresp_k10::deepdfa_dense::r3::l128::b1,scan_phase,boundedresp_k10,bounded_response,"{""deadline"": 10}",canonical,deepdfa_dense,DeepDFAMonitorDense,dense,cpu,cpu,4517,3,128,1,2,30,success,0.003629670499988909,0.003629670499988909,2.835680078116335e-05,275.5071018162821,,[],
rq3.v1,0fa12163-ecac-4e16-84e9-78c19bb7291b,scan_phase::boundedresp_k10::deepdfa_dense::r3::l128::b32,scan_phase,boundedresp_k10,bounded_response,"{""deadline"": 10}",canonical,deepdfa_dense,DeepDFAMonitorDense,dense,cpu,cpu,4517,3,128,32,2,4,success,0.01896854074948351,0.0005927668984213597,4.630991393916872e-06,1687.003782875144,,[],
rq3.v1,0fa12163-ecac-4e16-84e9-78c19bb7291b,scan_phase::boundedresp_k10::deepdfa_dense::r4::l32::b1,scan_phase,boundedresp_k10,bounded_response,"{""deadline"": 10}",canonical,deepdfa_dense,DeepDFAMonitorDense,dense,cpu,cpu,5623,4,32,1,2,81,success,0.0006479483333496768,0.0006479483333496768,2.02483854171774e-05,1543.3329303130288,,[],
rq3.v1,0fa12163-ecac-4e16-84e9-78c19bb7291b,scan_phase::boundedresp_k10::deepdfa_dense::r4::l32::b32,scan_phase,boundedresp_k10,bounded_response,"{""deadline"": 10}",canonical,deepdfa_dense,DeepDFAMonitorDense,dense,cpu,cpu,5623,4,32,32,2,26,success,0.004687034346156556,0.00014646982331739238,4.577181978668512e-06,6827.344891603049,,[],
rq3.v1,0fa12163-ecac-4e16-84e9-78c19bb7291b,scan_phase::boundedresp_k10::deepdfa_dense::r4::l128::b1,scan_phase,boundedresp_k10,bounded_response,"{""deadline"": 10}",canonical,deepdfa_dense,DeepDFAMonitorDense,dense,cpu,cpu,5623,4,128,1,2,22,success,0.0038897254089533817,0.0038897254089533817,3.0388479757448295e-05,257.08755628307256,,[],
rq3.v1,0fa12163-ecac-4e16-84e9-78c19bb7291b,scan_phase::boundedresp_k10::deepdfa_dense::r4::l128::b32,scan_phase,boundedresp_k10,bounded_response,"{""deadline"": 10}",canonical,deepdfa_dense,DeepDFAMonitorDense,dense,cpu,cpu,5623,4,128,32,2,4,success,0.020138365250204515,0.0006293239140688911,4.916593078663212e-06,1589.0068335946496,,[],
rq3.v1,0fa12163-ecac-4e16-84e9-78c19bb7291b,scan_phase::boundedresp_k10::deepdfa_scan::r0::l32::b1,scan_phase,boundedresp_k10,bounded_response,"{""deadline"": 10}",canonical,deepdfa_scan,DeepDFAMonitorScan,dense_prefix_scan,cpu,cpu,1201,0,32,1,2,354,success,0.0003051525819208078,0.0003051525819208078,9.536018185025244e-06,3277.0491198384047,18432,[],
rq3.v1,0fa12163-ecac-4e16-84e9-78c19bb7291b,scan_phase::boundedresp_k10::deepdfa_scan::r0::l32::b32,scan_phase,boundedresp_k10,bounded_response,"{""deadline"": 10}",canonical,deepdfa_scan,DeepDFAMonitorScan,dense_prefix_scan,cpu,cpu,1201,0,32,32,2,14,success,0.005092193999839115,0.00015913106249497235,4.972845702967886e-06,6284.128216837579,589824,[],
rq3.v1,0fa12163-ecac-4e16-84e9-78c19bb7291b,scan_phase::boundedresp_k10::deepdfa_scan::r0::l128::b1,scan_phase,boundedresp_k10,bounded_response,"{""deadline"": 10}",canonical,deepdfa_scan,DeepDFAMonitorScan,dense_prefix_scan,cpu,cpu,1201,0,128,1,2,64,success,0.0008159066875350618,0.0008159066875350618,6.37427099636767e-06,1225.6303512122238,73728,[],
rq3.v1,0fa12163-ecac-4e16-84e9-78c19bb7291b,scan_phase::boundedresp_k10::deepdfa_scan::r0::l128::b32,scan_phase,boundedresp_k10,bounded_response,"{""deadline"": 10}",canonical,deepdfa_scan,DeepDFAMonitorScan,dense_prefix_scan,cpu,cpu,1201,0,128,32,2,4,success,0.02025846949982224,0.000633077171869445,4.945915405230039e-06,1579.5862565175908,2359296,[],
rq3.v1,0fa12163-ecac-4e16-84e9-78c19bb7291b,scan_phase::boundedresp_k10::deepdfa_scan::r1::l32::b1,scan_phase,boundedresp_k10,bounded_response,"{""deadline"": 10}",canonical,deepdfa_scan,DeepDFAMonitorScan,dense_prefix_scan,cpu,cpu,2309,1,32,1,2,144,success,0.0004315102777733652,0.0004315102777733652,1.3484696180417663e-05,2317.441904651951,18432,[],
rq3.v1,0fa12163-ecac-4e16-84e9-78c19bb7291b,scan_phase::boundedresp_k10::deepdfa_scan::r1::l32::b32,scan_phase,boundedresp_k10,bounded_response,"{""deadline"": 10}",canonical,deepdfa_scan,DeepDFAMonitorScan,dense_prefix_scan,cpu,cpu,2309,1,32,32,2,14,success,0.004988334785853762,0.00015588546205793006,4.871420689310314e-06,6414.966391339179,589824,[],
rq3.v1,0fa12163-ecac-4e16-84e9-78c19bb7291b,scan_phase::boundedresp_k10::deepdfa_scan::r1::l128::b1,scan_phase,boundedresp_k10,bounded_response,"{""deadline"": 10}",canonical,deepdfa_scan,DeepDFAMonitorScan,dense_prefix_scan,cpu,cpu,2309,1,128,1,2,96,success,0.0008864301041739964,0.0008864301041739964,6.925235188859347e-06,1128.1205312085285,73728,[],
rq3.v1,0fa12163-ecac-4e16-84e9-78c19bb7291b,scan_phase::boundedresp_k10::deepdfa_scan::r1::l128::b32,scan_phase,boundedresp_k10,bounded_response,"{""deadline"": 10}",canonical,deepdfa_scan,DeepDFAMonitorScan,dense_prefix_scan,cpu,cpu,2309,1,128,32,2,4,success,0.0168153650001841,0.0005254801562557532,4.105313720748072e-06,1903.021433055402,2359296,[],
rq3.v1,0fa12163-ecac-4e16-84e9-78c19bb7291b,scan_phase::boundedresp_k10::deepdfa_scan::r2::l32::b1,scan_phase,boundedresp_k10,bounded_response,"{""deadline"": 10}",canonical,deepdfa_scan,DeepDFAMonitorScan,dense_prefix_scan,cpu,cpu,3413,2,32,1,2,202,success,0.0003246069702954898,0.0003246069702954898,1.0143967821734056e-05,3080.648573534018,18432,[],
rq3.v1,0fa12163-ecac-4e16-84e9-78c19bb7291b,scan_phase::boundedresp_k10::deepdfa_scan::r2::l32::b32,scan_phase,boundedresp_k10,bounded_response,"{""deadline"": 10}",canonical,deepdfa_scan,DeepDFAMonitorScan,dense_prefix_scan,cpu,cpu,3413,2,32,32,2,18,success,0.005089729833343881,0.0001590540572919963,4.970439290374884e-06,6287.170645161032,589824,[],
rq3.v1,0fa12163-ecac-4e16-84e9-78c19bb7291b,scan_phase::boundedresp_k10::deepdfa_scan::r2::l128::b1,scan_phase,boundedresp_k10,bounded_response,"{""deadline"": 10}",canonical,deepdfa_scan,DeepDFAMonitorScan,dense_prefix_scan,cpu,cpu,3413,2,128,1,2,53,success,0.0010691833395987556,0.0010691833395987556,8.352994840615278e-06,935.2932869074458,73728,[],
rq3.v1,0fa12163-ecac-4e16-84e9-78c19bb7291b,scan_phase::boundedresp_k10::deepdfa_scan::r2::l128::b32,scan_phase,boundedresp_k10,bounded_response,"{""deadline"": 10}",canonical,deepdfa_scan,DeepDFAMonitorScan,dense_prefix_scan,cpu,cpu,3413,2,128,32,2,4,success,0.01797551950039633,0.0005617349843873853,4.388554565526448e-06,1780.1988976894077,2359296,[],
rq3.v1,0fa12163-ecac-4e16-84e9-78c19bb7291b,scan_phase::boundedresp_k10::deepdfa_scan::r3::l32::b1,scan_phase,boundedresp_k10,bounded_response,"{""deadline"": 10}",canonical,deepdfa_scan,DeepDFAMonitorScan,dense_prefix_scan,cpu,cpu,4517,3,32,1,2,142,success,0.00035929085212225965,0.00035929085212225965,1.1227839128820614e-05,2783.2603977896983,18432,[],
rq3.v1,0fa12163-ecac-4e16-84e9-78c19bb7291b,scan_phase::boundedresp_k10::deepdfa_scan::r3::l32::b32,scan_phase,boundedresp_k10,bounded_response,"{""deadline"": 10}",canonical,deepdfa_scan,DeepDFAMonitorScan,dense_prefix_scan,cpu,cpu,4517,3,32,32,2,20,success,0.004804547599997022,0.00015014211249990693,4.691941015622092e-06,6660.356533884655,589824,[],
rq3.v1,0fa12163-ecac-4e16-84e9-78c19bb7291b,scan_phase::boundedresp_k10::deepdfa_scan::r3::l128::b1,scan_phase,boundedresp_k10,bounded_response,"{""deadline"": 10}",canonical,deepdfa_scan,DeepDFAMonitorScan,dense_prefix_scan,cpu,cpu,4517,3,128,1,2,57,success,0.0008854579649331546,0.0008854579649331546,6.9176403510402705e-06,1129.3590882944877,73728,[],
rq3.v1,0fa12163-ecac-4e16-84e9-78c19bb7291b,scan_phase::boundedresp_k10::deepdfa_scan::r3::l128::b32,scan_phase,boundedresp_k10,bounded_response,"{""deadline"": 10}",canonical,deepdfa_scan,DeepDFAMonitorScan,dense_prefix_scan,cpu,cpu,4517,3,128,32,2,4,success,0.01722874774986849,0.0005383983671833903,4.206237243620237e-06,1857.360759155828,2359296,[],
rq3.v1,0fa12163-ecac-4e16-84e9-78c19bb7291b,scan_phase::boundedresp_k10::deepdfa_scan::r4::l32::b1,scan_phase,boundedresp_k10,bounded_response,"{""deadline"": 10}",canonical,deepdfa_scan,DeepDFAMonitorScan,dense_prefix_scan,cpu,cpu,5623,4,32,1,2,290,success,0.0003325724275782704,0.0003325724275782704,1.039288836182095e-05,3006.8638199558845,18432,[],
rq3.v1,0fa12163-ecac-4e16-84e9-78c19bb7291b,scan_phase::boundedresp_k10::deepdfa_scan::r4::l32::b32,scan_phase,boundedresp_k10,bounded_response,"{""deadline"": 10}",canonical,deepdfa_scan,DeepDFAMonitorScan,dense_prefix_scan,cpu,cpu,5623,4,32,32,2,10,success,0.00509594070026651,0.00015924814688332843,4.9765045901040136e-06,6279.507922516926,589824,[],
rq3.v1,0fa12163-ecac-4e16-84e9-78c19bb7291b,scan_phase::boundedresp_k10::deepdfa_scan::r4::l128::b1,scan_phase,boundedresp_k10,bounded_response,"{""deadline"": 10}",canonical,deepdfa_scan,DeepDFAMonitorScan,dense_prefix_scan,cpu,cpu,5623,4,128,1,2,67,success,0.0008674263134259911,0.0008674263134259911,6.776768073640556e-06,1152.8356755173766,73728,[],
rq3.v1,0fa12163-ecac-4e16-84e9-78c19bb7291b,scan_phase::boundedresp_k10::deepdfa_scan::r4::l128::b32,scan_phase,boundedresp_k10,bounded_response,"{""deadline"": 10}",canonical,deepdfa_scan,DeepDFAMonitorScan,dense_prefix_scan,cpu,cpu,5623,4,128,32,2,4,success,0.018569161999948847,0.0005802863124984015,4.533486816393761e-06,1723.2872436617308,2359296,[],
rq3.v1,0fa12163-ecac-4e16-84e9-78c19bb7291b,linear_state::boundedresp_k2::symbolic_guarded::r0::l32::b32,linear_state,boundedresp_k2,bounded_response,"{""deadline"": 2}",canonical,symbolic_guarded,SymbolicDFAMonitor,guarded_edges,cpu,cpu,1201,0,32,32,2,110,success,0.0008549257908849871,2.6716430965155848e-05,8.348884676611203e-07,37430.149307900516,,[],
rq3.v1,0fa12163-ecac-4e16-84e9-78c19bb7291b,linear_state::boundedresp_k2::symbolic_guarded::r1::l32::b32,linear_state,boundedresp_k2,bounded_response,"{""deadline"": 2}",canonical,symbolic_guarded,SymbolicDFAMonitor,guarded_edges,cpu,cpu,2309,1,32,32,2,114,success,0.0008500236228045603,2.656323821264251e-05,8.301011941450784e-07,37646.0125830615,,[],
rq3.v1,0fa12163-ecac-4e16-84e9-78c19bb7291b,linear_state::boundedresp_k2::symbolic_guarded::r2::l32::b32,linear_state,boundedresp_k2,bounded_response,"{""deadline"": 2}",canonical,symbolic_guarded,SymbolicDFAMonitor,guarded_edges,cpu,cpu,3413,2,32,32,2,61,success,0.0008412714426517372,2.6289732582866787e-05,8.215541432145871e-07,38037.66344324504,,[],
rq3.v1,0fa12163-ecac-4e16-84e9-78c19bb7291b,linear_state::boundedresp_k2::symbolic_guarded::r3::l32::b32,linear_state,boundedresp_k2,bounded_response,"{""deadline"": 2}",canonical,symbolic_guarded,SymbolicDFAMonitor,guarded_edges,cpu,cpu,4517,3,32,32,2,58,success,0.000883618534473875,2.7613079202308592e-05,8.629087250721435e-07,36214.722475296956,,[],
rq3.v1,0fa12163-ecac-4e16-84e9-78c19bb7291b,linear_state::boundedresp_k2::symbolic_guarded::r4::l32::b32,linear_state,boundedresp_k2,bounded_response,"{""deadline"": 2}",canonical,symbolic_guarded,SymbolicDFAMonitor,guarded_edges,cpu,cpu,5623,4,32,32,2,58,success,0.0008834161552182069,2.7606754850568966e-05,8.627110890802802e-07,36223.01880147968,,[],
rq3.v1,0fa12163-ecac-4e16-84e9-78c19bb7291b,linear_state::boundedresp_k2::deepdfa_dense::r0::l32::b32,linear_state,boundedresp_k2,bounded_response,"{""deadline"": 2}",canonical,deepdfa_dense,DeepDFAMonitorDense,dense,cpu,cpu,1201,0,32,32,2,40,success,0.002293284825009323,7.166515078154135e-05,2.239535961923167e-06,13953.783520923926,,[],
rq3.v1,0fa12163-ecac-4e16-84e9-78c19bb7291b,linear_state::boundedresp_k2::deepdfa_dense::r1::l32::b32,linear_state,boundedresp_k2,bounded_response,"{""deadline"": 2}",canonical,deepdfa_dense,DeepDFAMonitorDense,dense,cpu,cpu,2309,1,32,32,2,42,success,0.002276479333366816,7.1139979167713e-05,2.2231243489910313e-06,14056.793545616494,,[],
rq3.v1,0fa12163-ecac-4e16-84e9-78c19bb7291b,linear_state::boundedresp_k2::deepdfa_dense::r2::l32::b32,linear_state,boundedresp_k2,bounded_response,"{""deadline"": 2}",canonical,deepdfa_dense,DeepDFAMonitorDense,dense,cpu,cpu,3413,2,32,32,2,42,success,0.0023836953333513868,7.449047916723084e-05,2.3278274739759636e-06,13424.534399288852,,[],
rq3.v1,0fa12163-ecac-4e16-84e9-78c19bb7291b,linear_state::boundedresp_k2::deepdfa_dense::r3::l32::b32,linear_state,boundedresp_k2,bounded_response,"{""deadline"": 2}",canonical,deepdfa_dense,DeepDFAMonitorDense,dense,cpu,cpu,4517,3,32,32,2,20,success,0.002611493699987477,8.160917812460866e-05,2.5502868163940207e-06,12253.523720985217,,[],
rq3.v1,0fa12163-ecac-4e16-84e9-78c19bb7291b,linear_state::boundedresp_k2::deepdfa_dense::r4::l32::b32,linear_state,boundedresp_k2,bounded_response,"{""deadline"": 2}",canonical,deepdfa_dense,DeepDFAMonitorDense,dense,cpu,cpu,5623,4,32,32,2,40,success,0.0025363599250340487,7.926124765731402e-05,2.476913989291063e-06,12616.505916277014,,[],
rq3.v1,0fa12163-ecac-4e16-84e9-78c19bb7291b,linear_state::boundedresp_k2::deepdfa_factored::r0::l32::b32,linear_state,boundedresp_k2,bounded_response,"{""deadline"": 2}",canonical,deepdfa_factored,DeepDFAMonitorFactored,factored_cubes,cpu,cpu,1201,0,32,32,2,19,success,0.0029285787369237944,9.151808552886857e-05,2.859940172777143e-06,10926.802000076354,,[],
rq3.v1,0fa12163-ecac-4e16-84e9-78c19bb7291b,linear_state::boundedresp_k2::deepdfa_factored::r1::l32::b32,linear_state,boundedresp_k2,bounded_response,"{""deadline"": 2}",canonical,deepdfa_factored,DeepDFAMonitorFactored,factored_cubes,cpu,cpu,2309,1,32,32,2,30,success,0.003223674699984258,0.00010073983437450807,3.148119824203377e-06,9926.559897670897,,[],
rq3.v1,0fa12163-ecac-4e16-84e9-78c19bb7291b,linear_state::boundedresp_k2::deepdfa_factored::r2::l32::b32,linear_state,boundedresp_k2,bounded_response,"{""deadline"": 2}",canonical,deepdfa_factored,DeepDFAMonitorFactored,factored_cubes,cpu,cpu,3413,2,32,32,2,18,success,0.0030836376667543342,9.636367708607294e-05,3.0113649089397795e-06,10377.354105186238,,[],
rq3.v1,0fa12163-ecac-4e16-84e9-78c19bb7291b,linear_state::boundedresp_k2::deepdfa_factored::r3::l32::b32,linear_state,boundedresp_k2,bounded_response,"{""deadline"": 2}",canonical,deepdfa_factored,DeepDFAMonitorFactored,factored_cubes,cpu,cpu,4517,3,32,32,2,16,success,0.003413289062336844,0.00010666528319802637,3.333290099938324e-06,9375.12159550056,,[],
rq3.v1,0fa12163-ecac-4e16-84e9-78c19bb7291b,linear_state::boundedresp_k2::deepdfa_factored::r4::l32::b32,linear_state,boundedresp_k2,bounded_response,"{""deadline"": 2}",canonical,deepdfa_factored,DeepDFAMonitorFactored,factored_cubes,cpu,cpu,5623,4,32,32,2,32,success,0.003136964312488999,9.803013476528122e-05,3.063441711415038e-06,10200.944866538777,,[],
rq3.v1,0fa12163-ecac-4e16-84e9-78c19bb7291b,linear_state::boundedresp_k6::symbolic_guarded::r0::l32::b32,linear_state,boundedresp_k6,bounded_response,"{""deadline"": 6}",canonical,symbolic_guarded,SymbolicDFAMonitor,guarded_edges,cpu,cpu,1201,0,32,32,2,53,success,0.0009955181132064131,3.110994103770041e-05,9.721856574281378e-07,32144.066065189756,,[],
rq3.v1,0fa12163-ecac-4e16-84e9-78c19bb7291b,linear_state::boundedresp_k6::symbolic_guarded::r1::l32::b32,linear_state,boundedresp_k6,bounded_response,"{""deadline"": 6}",canonical,symbolic_guarded,SymbolicDFAMonitor,guarded_edges,cpu,cpu,2309,1,32,32,2,48,success,0.0010625745416443049,3.320545442638453e-05,1.0376704508245165e-06,30115.534248054617,,[],
rq3.v1,0fa12163-ecac-4e16-84e9-78c19bb7291b,linear_state::boundedresp_k6::symbolic_guarded::r2::l32::b32,linear_state,boundedresp_k6,bounded_response,"{""deadline"": 6}",canonical,symbolic_guarded,SymbolicDFAMonitor,guarded_edges,cpu,cpu,3413,2,32,32,2,49,success,0.001060839877547031,3.315124617334472e-05,1.0359764429170224e-06,30164.778565822082,,[],
rq3.v1,0fa12163-ecac-4e16-84e9-78c19bb7291b,linear_state::boundedresp_k6::symbolic_guarded::r3::l32::b32,linear_state,boundedresp_k6,bounded_response,"{""deadline"": 6}",canonical,symbolic_guarded,SymbolicDFAMonitor,guarded_edges,cpu,cpu,4517,3,32,32,2,46,success,0.0010990486738908498,3.434527105908906e-05,1.073289720596533e-06,29116.089905930796,,[],
rq3.v1,0fa12163-ecac-4e16-84e9-78c19bb7291b,linear_state::boundedresp_k6::symbolic_guarded::r4::l32::b32,linear_state,boundedresp_k6,bounded_response,"{""deadline"": 6}",canonical,symbolic_guarded,SymbolicDFAMonitor,guarded_edges,cpu,cpu,5623,4,32,32,2,46,success,0.0011193992825650164,3.498122758015676e-05,1.0931633618798988e-06,28586.76121953061,,[],
rq3.v1,0fa12163-ecac-4e16-84e9-78c19bb7291b,linear_state::boundedresp_k6::deepdfa_dense::r0::l32::b32,linear_state,boundedresp_k6,bounded_response,"{""deadline"": 6}",canonical,deepdfa_dense,DeepDFAMonitorDense,dense,cpu,cpu,1201,0,32,32,2,32,success,0.0030453934374463643,9.516854492019888e-05,2.974017028756215e-06,10507.673526358149,,[],
rq3.v1,0fa12163-ecac-4e16-84e9-78c19bb7291b,linear_state::boundedresp_k6::deepdfa_dense::r1::l32::b32,linear_state,boundedresp_k6,bounded_response,"{""deadline"": 6}",canonical,deepdfa_dense,DeepDFAMonitorDense,dense,cpu,cpu,2309,1,32,32,2,15,success,0.003363386666751467,0.00010510583333598334,3.2845572917494794e-06,9514.219794094402,,[],
rq3.v1,0fa12163-ecac-4e16-84e9-78c19bb7291b,linear_state::boundedresp_k6::deepdfa_dense::r2::l32::b32,linear_state,boundedresp_k6,bounded_response,"{""deadline"": 6}",canonical,deepdfa_dense,DeepDFAMonitorDense,dense,cpu,cpu,3413,2,32,32,2,30,success,0.0031606763333305327,9.877113541657915e-05,3.0865979817680984e-06,10124.415354570743,,[],
rq3.v1,0fa12163-ecac-4e16-84e9-78c19bb7291b,linear_state::boundedresp_k6::deepdfa_dense::r3::l32::b32,linear_state,boundedresp_k6,bounded_response,"{""deadline"": 6}",canonical,deepdfa_dense,DeepDFAMonitorDense,dense,cpu,cpu,4517,3,32,32,2,17,success,0.0030557692942452643,9.549279044516451e-05,2.984149701411391e-06,10471.994747857294,,[],
rq3.v1,0fa12163-ecac-4e16-84e9-78c19bb7291b,linear_state::boundedresp_k6::deepdfa_dense::r4::l32::b32,linear_state,boundedresp_k6,bounded_response,"{""deadline"": 6}",canonical,deepdfa_dense,DeepDFAMonitorDense,dense,cpu,cpu,5623,4,32,32,2,16,success,0.003387579625041326,0.00010586186328254144,3.30818322757942e-06,9446.272425141779,,[],
rq3.v1,0fa12163-ecac-4e16-84e9-78c19bb7291b,linear_state::boundedresp_k6::deepdfa_factored::r0::l32::b32,linear_state,boundedresp_k6,bounded_response,"{""deadline"": 6}",canonical,deepdfa_factored,DeepDFAMonitorFactored,factored_cubes,cpu,cpu,1201,0,32,32,2,26,success,0.003704330499973506,0.00011576032812417207,3.617510253880377e-06,8638.538057073705,,[],
rq3.v1,0fa12163-ecac-4e16-84e9-78c19bb7291b,linear_state::boundedresp_k6::deepdfa_factored::r1::l32::b32,linear_state,boundedresp_k6,bounded_response,"{""deadline"": 6}",canonical,deepdfa_factored,DeepDFAMonitorFactored,factored_cubes,cpu,cpu,2309,1,32,32,2,26,success,0.003720480961559448,0.00011626503004873275,3.6332821890228984e-06,8601.03850298622,,[],
rq3.v1,0fa12163-ecac-4e16-84e9-78c19bb7291b,linear_state::boundedresp_k6::deepdfa_factored::r2::l32::b32,linear_state,boundedresp_k6,bounded_response,"{""deadline"": 6}",canonical,deepdfa_factored,DeepDFAMonitorFactored,factored_cubes,cpu,cpu,3413,2,32,32,2,14,success,0.003672551428670496,0.000114767232145953,3.586476004561031e-06,8713.288464849178,,[],
rq3.v1,0fa12163-ecac-4e16-84e9-78c19bb7291b,linear_state::boundedresp_k6::deepdfa_factored::r3::l32::b32,linear_state,boundedresp_k6,bounded_response,"{""deadline"": 6}",canonical,deepdfa_factored,DeepDFAMonitorFactored,factored_cubes,cpu,cpu,4517,3,32,32,2,26,success,0.0037309834616070683,0.00011659323317522089,3.6435385367256527e-06,8576.827083070599,,[],
rq3.v1,0fa12163-ecac-4e16-84e9-78c19bb7291b,linear_state::boundedresp_k6::deepdfa_factored::r4::l32::b32,linear_state,boundedresp_k6,bounded_response,"{""deadline"": 6}",canonical,deepdfa_factored,DeepDFAMonitorFactored,factored_cubes,cpu,cpu,5623,4,32,32,2,12,success,0.00418516766664349,0.00013078648958260905,4.087077799456533e-06,7646.049704303495,,[],
rq3.v1,0fa12163-ecac-4e16-84e9-78c19bb7291b,linear_state::boundedresp_k10::symbolic_guarded::r0::l32::b32,linear_state,boundedresp_k10,bounded_response,"{""deadline"": 10}",canonical,symbolic_guarded,SymbolicDFAMonitor,guarded_edges,cpu,cpu,1201,0,32,32,2,47,success,0.0011017941063247681,3.4431065822649004e-05,1.0759708069577814e-06,29043.538911949476,,[],
rq3.v1,0fa12163-ecac-4e16-84e9-78c19bb7291b,linear_state::boundedresp_k10::symbolic_guarded::r1::l32::b32,linear_state,boundedresp_k10,bounded_response,"{""deadline"": 10}",canonical,symbolic_guarded,SymbolicDFAMonitor,guarded_edges,cpu,cpu,2309,1,32,32,2,45,success,0.0011540518889281278,3.6064121529003995e-05,1.1270037977813748e-06,27728.389257887953,,[],
rq3.v1,0fa12163-ecac-4e16-84e9-78c19bb7291b,linear_state::boundedresp_k10::symbolic_guarded::r2::l32::b32,linear_state,boundedresp_k10,bounded_response,"{""deadline"": 10}",canonical,symbolic_guarded,SymbolicDFAMonitor,guarded_edges,cpu,cpu,3413,2,32,32,2,45,success,0.0011515101556142326,3.598469236294477e-05,1.124521636342024e-06,27789.59425063058,,[],
rq3.v1,0fa12163-ecac-4e16-84e9-78c19bb7291b,linear_state::boundedresp_k10::symbolic_guarded::r3::l32::b32,linear_state,boundedresp_k10,bounded_response,"{""deadline"": 10}",canonical,symbolic_guarded,SymbolicDFAMonitor,guarded_edges,cpu,cpu,4517,3,32,32,2,49,success,0.0010392576734783669,3.2476802296198964e-05,1.0149000717562176e-06,30791.208779721474,,[],
rq3.v1,0fa12163-ecac-4e16-84e9-78c19bb7291b,linear_state::boundedresp_k10::symbolic_guarded::r4::l32::b32,linear_state,boundedresp_k10,bounded_response,"{""deadline"": 10}",canonical,symbolic_guarded,SymbolicDFAMonitor,guarded_edges,cpu,cpu,5623,4,32,32,2,68,success,0.001079891941170739,3.374662316158559e-05,1.0545819737995497e-06,29632.59450321295,,[],
rq3.v1,0fa12163-ecac-4e16-84e9-78c19bb7291b,linear_state::boundedresp_k10::deepdfa_dense::r0::l32::b32,linear_state,boundedresp_k10,bounded_response,"{""deadline"": 10}",canonical,deepdfa_dense,DeepDFAMonitorDense,dense,cpu,cpu,1201,0,32,32,2,14,success,0.004091606357178534,0.0001278626986618292,3.9957093331821625e-06,7820.8892074521,,[],
rq3.v1,0fa12163-ecac-4e16-84e9-78c19bb7291b,linear_state::boundedresp_k10::deepdfa_dense::r1::l32::b32,linear_state,boundedresp_k10,bounded_response,"{""deadline"": 10}",canonical,deepdfa_dense,DeepDFAMonitorDense,dense,cpu,cpu,2309,1,32,32,2,13,success,0.0048771968462320864,0.0001524124014447527,4.762887545148522e-06,6561.145881311276,,[],
rq3.v1,0fa12163-ecac-4e16-84e9-78c19bb7291b,linear_state::boundedresp_k10::deepdfa_dense::r2::l32::b32,linear_state,boundedresp_k10,bounded_response,"{""deadline"": 10}",canonical,deepdfa_dense,DeepDFAMonitorDense,dense,cpu,cpu,3413,2,32,32,2,12,success,0.004379110250132119,0.00013684719531662873,4.276474853644648e-06,7307.420496899924,,[],
rq3.v1,0fa12163-ecac-4e16-84e9-78c19bb7291b,linear_state::boundedresp_k10::deepdfa_dense::r3::l32::b32,linear_state,boundedresp_k10,bounded_response,"{""deadline"": 10}",canonical,deepdfa_dense,DeepDFAMonitorDense,dense,cpu,cpu,4517,3,32,32,2,14,success,0.004293314785692408,0.00013416608705288776,4.192690220402742e-06,7453.448348730658,,[],
rq3.v1,0fa12163-ecac-4e16-84e9-78c19bb7291b,linear_state::boundedresp_k10::deepdfa_dense::r4::l32::b32,linear_state,boundedresp_k10,bounded_response,"{""deadline"": 10}",canonical,deepdfa_dense,DeepDFAMonitorDense,dense,cpu,cpu,5623,4,32,32,2,10,success,0.005301974599933601,0.00016568670624792504,5.177709570247657e-06,6035.487231568546,,[],
rq3.v1,0fa12163-ecac-4e16-84e9-78c19bb7291b,linear_state::boundedresp_k10::deepdfa_factored::r0::l32::b32,linear_state,boundedresp_k10,bounded_response,"{""deadline"": 10}",canonical,deepdfa_factored,DeepDFAMonitorFactored,factored_cubes,cpu,cpu,1201,0,32,32,2,13,success,0.004007640922981619,0.0001252387788431756,3.913711838849237e-06,7984.747290231912,,[],
rq3.v1,0fa12163-ecac-4e16-84e9-78c19bb7291b,linear_state::boundedresp_k10::deepdfa_factored::r1::l32::b32,linear_state,boundedresp_k10,bounded_response,"{""deadline"": 10}",canonical,deepdfa_factored,DeepDFAMonitorFactored,factored_cubes,cpu,cpu,2309,1,32,32,2,18,success,0.003986876777869636,0.00012458989930842613,3.893434353388317e-06,8026.332837178632,,[],
rq3.v1,0fa12163-ecac-4e16-84e9-78c19bb7291b,linear_state::boundedresp_k10::deepdfa_factored::r2::l32::b32,linear_state,boundedresp_k10,bounded_response,"{""deadline"": 10}",canonical,deepdfa_factored,DeepDFAMonitorFactored,factored_cubes,cpu,cpu,3413,2,32,32,2,16,success,0.004186095750128516,0.00013081549219151611,4.0879841309848786e-06,7644.354527489626,,[],
rq3.v1,0fa12163-ecac-4e16-84e9-78c19bb7291b,linear_state::boundedresp_k10::deepdfa_factored::r3::l32::b32,linear_state,boundedresp_k10,bounded_response,"{""deadline"": 10}",canonical,deepdfa_factored,DeepDFAMonitorFactored,factored_cubes,cpu,cpu,4517,3,32,32,2,22,success,0.004393165227322077,0.0001372864133538149,4.290200417306716e-06,7284.041993454934,,[],
rq3.v1,0fa12163-ecac-4e16-84e9-78c19bb7291b,linear_state::boundedresp_k10::deepdfa_factored::r4::l32::b32,linear_state,boundedresp_k10,bounded_response,"{""deadline"": 10}",canonical,deepdfa_factored,DeepDFAMonitorFactored,factored_cubes,cpu,cpu,5623,4,32,32,2,24,success,0.0039745589582101575,0.00012420496744406742,3.881405232627107e-06,8051.207778387164,,[],
rq3.v1,0fa12163-ecac-4e16-84e9-78c19bb7291b,linear_state::boundedresp_k14::symbolic_guarded::r0::l32::b32,linear_state,boundedresp_k14,bounded_response,"{""deadline"": 14}",canonical,symbolic_guarded,SymbolicDFAMonitor,guarded_edges,cpu,cpu,1201,0,32,32,2,48,success,0.0010455876250337799,3.267461328230562e-05,1.0210816650720507e-06,30604.79985975941,,[],
rq3.v1,0fa12163-ecac-4e16-84e9-78c19bb7291b,linear_state::boundedresp_k14::symbolic_guarded::r1::l32::b32,linear_state,boundedresp_k14,bounded_response,"{""deadline"": 14}",canonical,symbolic_guarded,SymbolicDFAMonitor,guarded_edges,cpu,cpu,2309,1,32,32,2,92,success,0.0010486615760980742,3.277067425306482e-05,1.0240835704082756e-06,30515.087735995447,,[],
rq3.v1,0fa12163-ecac-4e16-84e9-78c19bb7291b,linear_state::boundedresp_k14::symbolic_guarded::r2::l32::b32,linear_state,boundedresp_k14,bounded_response,"{""deadline"": 14}",canonical,symbolic_guarded,SymbolicDFAMonitor,guarded_edges,cpu,cpu,3413,2,32,32,2,50,success,0.0010548764000122902,3.296488750038407e-05,1.0301527343870021e-06,30335.307529514525,,[],
rq3.v1,0fa12163-ecac-4e16-84e9-78c19bb7291b,linear_state::boundedresp_k14::symbolic_guarded::r3::l32::b32,linear_state,boundedresp_k14,bounded_response,"{""deadline"": 14}",canonical,symbolic_guarded,SymbolicDFAMonitor,guarded_edges,cpu,cpu,4517,3,32,32,2,49,success,0.0010438637755400197,3.2620742985625616e-05,1.0193982183008005e-06,30655.341003135694,,[],
rq3.v1,0fa12163-ecac-4e16-84e9-78c19bb7291b,linear_state::boundedresp_k14::symbolic_guarded::r4::l32::b32,linear_state,boundedresp_k14,bounded_response,"{""deadline"": 14}",canonical,symbolic_guarded,SymbolicDFAMonitor,guarded_edges,cpu,cpu,5623,4,32,32,2,86,success,0.00110823876744943,3.463246148279469e-05,1.082264421337334e-06,28874.644110895704,,[],
rq3.v1,0fa12163-ecac-4e16-84e9-78c19bb7291b,linear_state::boundedresp_k14::deepdfa_dense::r0::l32::b32,linear_state,boundedresp_k14,bounded_response,"{""deadline"": 14}",canonical,deepdfa_dense,DeepDFAMonitorDense,dense,cpu,cpu,1201,0,32,32,2,18,success,0.00439777466676282,0.00013743045833633814,4.294701823010567e-06,7276.407370720301,,[],
rq3.v1,0fa12163-ecac-4e16-84e9-78c19bb7291b,linear_state::boundedresp_k14::deepdfa_dense::r1::l32::b32,linear_state,boundedresp_k14,bounded_response,"{""deadline"": 14}",canonical,deepdfa_dense,DeepDFAMonitorDense,dense,cpu,cpu,2309,1,32,32,2,13,success,0.004371073769177131,0.00013659605528678535,4.268626727712042e-06,7320.855627203039,,[],
rq3.v1,0fa12163-ecac-4e16-84e9-78c19bb7291b,linear_state::boundedresp_k14::deepdfa_dense::r2::l32::b32,linear_state,boundedresp_k14,bounded_response,"{""deadline"": 14}",canonical,deepdfa_dense,DeepDFAMonitorDense,dense,cpu,cpu,3413,2,32,32,2,12,success,0.004736926583063905,0.00014802895572074704,4.625904866273345e-06,6755.435077759214,,[],
rq3.v1,0fa12163-ecac-4e16-84e9-78c19bb7291b,linear_state::boundedresp_k14::deepdfa_dense::r3::l32::b32,linear_state,boundedresp_k14,bounded_response,"{""deadline"": 14}",canonical,deepdfa_dense,DeepDFAMonitorDense,dense,cpu,cpu,4517,3,32,32,2,11,success,0.006941310636400224,0.000216915957387507,6.778623668359594e-06,4610.080383406563,,[],
rq3.v1,0fa12163-ecac-4e16-84e9-78c19bb7291b,linear_state::boundedresp_k14::deepdfa_dense::r4::l32::b32,linear_state,boundedresp_k14,bounded_response,"{""deadline"": 14}",canonical,deepdfa_dense,DeepDFAMonitorDense,dense,cpu,cpu,5623,4,32,32,2,13,success,0.004917615999987062,0.0001536754999995957,4.802359374987365e-06,6507.218131729723,,[],
rq3.v1,0fa12163-ecac-4e16-84e9-78c19bb7291b,linear_state::boundedresp_k14::deepdfa_factored::r0::l32::b32,linear_state,boundedresp_k14,bounded_response,"{""deadline"": 14}",canonical,deepdfa_factored,DeepDFAMonitorFactored,factored_cubes,cpu,cpu,1201,0,32,32,2,18,success,0.00405802249992525,0.00012681320312266407,3.962912597583252e-06,7885.614237128909,,[],
rq3.v1,0fa12163-ecac-4e16-84e9-78c19bb7291b,linear_state::boundedresp_k14::deepdfa_factored::r1::l32::b32,linear_state,boundedresp_k14,bounded_response,"{""deadline"": 14}",canonical,deepdfa_factored,DeepDFAMonitorFactored,factored_cubes,cpu,cpu,2309,1,32,32,2,24,success,0.004079475541705809,0.00012748361067830652,3.983862833697079e-06,7844.145570393441,,[],
rq3.v1,0fa12163-ecac-4e16-84e9-78c19bb7291b,linear_state::boundedresp_k14::deepdfa_factored::r2::l32::b32,linear_state,boundedresp_k14,bounded_response,"{""deadline"": 14}",canonical,deepdfa_factored,DeepDFAMonitorFactored,factored_cubes,cpu,cpu,3413,2,32,32,2,22,success,0.0043247242726713675,0.00013514763352098024,4.223363547530632e-06,7399.315651685167,,[],
rq3.v1,0fa12163-ecac-4e16-84e9-78c19bb7291b,linear_state::boundedresp_k14::deepdfa_factored::r3::l32::b32,linear_state,boundedresp_k14,bounded_response,"{""deadline"": 14}",canonical,deepdfa_factored,DeepDFAMonitorFactored,factored_cubes,cpu,cpu,4517,3,32,32,2,20,success,0.004261811300057161,0.0001331816031267863,4.161925097712072e-06,7508.544547613077,,[],
rq3.v1,0fa12163-ecac-4e16-84e9-78c19bb7291b,linear_state::boundedresp_k14::deepdfa_factored::r4::l32::b32,linear_state,boundedresp_k14,bounded_response,"{""deadline"": 14}",canonical,deepdfa_factored,DeepDFAMonitorFactored,factored_cubes,cpu,cpu,5623,4,32,32,2,22,success,0.004230089409082377,0.00013219029403382427,4.1309466885570085e-06,7564.85192282063,,[],
rq3.v1,0fa12163-ecac-4e16-84e9-78c19bb7291b,exponential_state::kthlast_k2::symbolic_guarded::r0::l16::b8,exponential_state,kthlast_k2,kth_from_last,"{""temporal_depth"": 2}",canonical,symbolic_guarded,SymbolicDFAMonitor,guarded_edges,cpu,cpu,1201,0,16,8,2,474,success,0.00012537894092580276,1.5672367615725345e-05,9.79522975982834e-07,63806.56863846275,,[],
rq3.v1,0fa12163-ecac-4e16-84e9-78c19bb7291b,exponential_state::kthlast_k2::symbolic_guarded::r1::l16::b8,exponential_state,kthlast_k2,kth_from_last,"{""temporal_depth"": 2}",canonical,symbolic_guarded,SymbolicDFAMonitor,guarded_edges,cpu,cpu,2309,1,16,8,2,484,success,0.00011514589049293437,1.4393236311616796e-05,8.995772694760497e-07,69477.07786836648,,[],
rq3.v1,0fa12163-ecac-4e16-84e9-78c19bb7291b,exponential_state::kthlast_k2::symbolic_guarded::r2::l16::b8,exponential_state,kthlast_k2,kth_from_last,"{""temporal_depth"": 2}",canonical,symbolic_guarded,SymbolicDFAMonitor,guarded_edges,cpu,cpu,3413,2,16,8,2,550,success,0.00011134975818012291,1.3918719772515364e-05,8.699199857822103e-07,71845.68813395126,,[],
rq3.v1,0fa12163-ecac-4e16-84e9-78c19bb7291b,exponential_state::kthlast_k2::symbolic_guarded::r3::l16::b8,exponential_state,kthlast_k2,kth_from_last,"{""temporal_depth"": 2}",canonical,symbolic_guarded,SymbolicDFAMonitor,guarded_edges,cpu,cpu,4517,3,16,8,2,538,success,0.00010101257435239369,1.2626571794049211e-05,7.891607371280757e-07,79198.06074925982,,[],
rq3.v1,0fa12163-ecac-4e16-84e9-78c19bb7291b,exponential_state::kthlast_k2::symbolic_guarded::r4::l16::b8,exponential_state,kthlast_k2,kth_from_last,"{""temporal_depth"": 2}",canonical,symbolic_guarded,SymbolicDFAMonitor,guarded_edges,cpu,cpu,5623,4,16,8,2,870,success,0.00011385395861917908,1.4231744827397385e-05,8.894840517123366e-07,70265.45319129882,,[],
rq3.v1,0fa12163-ecac-4e16-84e9-78c19bb7291b,exponential_state::kthlast_k2::deepdfa_dense::r0::l16::b8,exponential_state,kthlast_k2,kth_from_last,"{""temporal_depth"": 2}",canonical,deepdfa_dense,DeepDFAMonitorDense,dense,cpu,cpu,1201,0,16,8,2,100,success,0.0005250183699899935,6.562729624874919e-05,4.1017060155468245e-06,15237.562068832895,,[],
rq3.v1,0fa12163-ecac-4e16-84e9-78c19bb7291b,exponential_state::kthlast_k2::deepdfa_dense::r1::l16::b8,exponential_state,kthlast_k2,kth_from_last,"{""temporal_depth"": 2}",canonical,deepdfa_dense,DeepDFAMonitorDense,dense,cpu,cpu,2309,1,16,8,2,108,success,0.0005023571296381609,6.279464120477012e-05,3.924665075298132e-06,15924.925770959517,,[],
rq3.v1,0fa12163-ecac-4e16-84e9-78c19bb7291b,exponential_state::kthlast_k2::deepdfa_dense::r2::l16::b8,exponential_state,kthlast_k2,kth_from_last,"{""temporal_depth"": 2}",canonical,deepdfa_dense,DeepDFAMonitorDense,dense,cpu,cpu,3413,2,16,8,2,111,success,0.0005274683243368525,6.593354054210657e-05,4.12084628388166e-06,15166.787522374574,,[],
rq3.v1,0fa12163-ecac-4e16-84e9-78c19bb7291b,exponential_state::kthlast_k2::deepdfa_dense::r3::l16::b8,exponential_state,kthlast_k2,kth_from_last,"{""temporal_depth"": 2}",canonical,deepdfa_dense,DeepDFAMonitorDense,dense,cpu,cpu,4517,3,16,8,2,117,success,0.0004668373247766748,5.835466559708435e-05,3.647166599817772e-06,17136.590361164956,,[],
rq3.v1,0fa12163-ecac-4e16-84e9-78c19bb7291b,exponential_state::kthlast_k2::deepdfa_dense::r4::l16::b8,exponential_state,kthlast_k2,kth_from_last,"{""temporal_depth"": 2}",canonical,deepdfa_dense,DeepDFAMonitorDense,dense,cpu,cpu,5623,4,16,8,2,107,success,0.0004895373831884435,6.119217289855544e-05,3.824510806159715e-06,16341.959316558392,,[],
rq3.v1,0fa12163-ecac-4e16-84e9-78c19bb7291b,exponential_state::kthlast_k2::deepdfa_factored::r0::l16::b8,exponential_state,kthlast_k2,kth_from_last,"{""temporal_depth"": 2}",canonical,deepdfa_factored,DeepDFAMonitorFactored,factored_cubes,cpu,cpu,1201,0,16,8,2,124,success,0.0007570750967715867,9.463438709644834e-05,5.914649193528021e-06,10566.983426234186,,[],
rq3.v1,0fa12163-ecac-4e16-84e9-78c19bb7291b,exponential_state::kthlast_k2::deepdfa_factored::r1::l16::b8,exponential_state,kthlast_k2,kth_from_last,"{""temporal_depth"": 2}",canonical,deepdfa_factored,DeepDFAMonitorFactored,factored_cubes,cpu,cpu,2309,1,16,8,2,108,success,0.000757653731482235,9.470671643527937e-05,5.919169777204961e-06,10558.913217980475,,[],
rq3.v1,0fa12163-ecac-4e16-84e9-78c19bb7291b,exponential_state::kthlast_k2::deepdfa_factored::r2::l16::b8,exponential_state,kthlast_k2,kth_from_last,"{""temporal_depth"": 2}",canonical,deepdfa_factored,DeepDFAMonitorFactored,factored_cubes,cpu,cpu,3413,2,16,8,2,70,success,0.0007553312429081416,9.44164053635177e-05,5.901025335219856e-06,10591.37970938256,,[],
rq3.v1,0fa12163-ecac-4e16-84e9-78c19bb7291b,exponential_state::kthlast_k2::deepdfa_factored::r3::l16::b8,exponential_state,kthlast_k2,kth_from_last,"{""temporal_depth"": 2}",canonical,deepdfa_factored,DeepDFAMonitorFactored,factored_cubes,cpu,cpu,4517,3,16,8,2,69,success,0.000727891318830729,9.098641485384113e-05,5.68665092836507e-06,10990.651753961087,,[],
rq3.v1,0fa12163-ecac-4e16-84e9-78c19bb7291b,exponential_state::kthlast_k2::deepdfa_factored::r4::l16::b8,exponential_state,kthlast_k2,kth_from_last,"{""temporal_depth"": 2}",canonical,deepdfa_factored,DeepDFAMonitorFactored,factored_cubes,cpu,cpu,5623,4,16,8,2,122,success,0.0007882736393438507,9.853420491798134e-05,6.1583878073738334e-06,10148.76002533727,,[],
rq3.v1,0fa12163-ecac-4e16-84e9-78c19bb7291b,exponential_state::kthlast_k4::symbolic_guarded::r0::l16::b8,exponential_state,kthlast_k4,kth_from_last,"{""temporal_depth"": 4}",canonical,symbolic_guarded,SymbolicDFAMonitor,guarded_edges,cpu,cpu,1201,0,16,8,2,456,success,0.00011232066667058429,1.4040083333823037e-05,8.775052083639398e-07,71224.64847419859,,[],
rq3.v1,0fa12163-ecac-4e16-84e9-78c19bb7291b,exponential_state::kthlast_k4::symbolic_guarded::r1::l16::b8,exponential_state,kthlast_k4,kth_from_last,"{""temporal_depth"": 4}",canonical,symbolic_guarded,SymbolicDFAMonitor,guarded_edges,cpu,cpu,2309,1,16,8,2,432,success,0.00011577780324606229,1.4472225405757786e-05,9.045140878598616e-07,69097.87347577859,,[],
rq3.v1,0fa12163-ecac-4e16-84e9-78c19bb7291b,exponential_state::kthlast_k4::symbolic_guarded::r2::l16::b8,exponential_state,kthlast_k4,kth_from_last,"{""temporal_depth"": 4}",canonical,symbolic_guarded,SymbolicDFAMonitor,guarded_edges,cpu,cpu,3413,2,16,8,2,470,success,0.00011179729362025837,1.3974661702532296e-05,8.734163564082685e-07,71558.08285640244,,[],
rq3.v1,0fa12163-ecac-4e16-84e9-78c19bb7291b,exponential_state::kthlast_k4::symbolic_guarded::r3::l16::b8,exponential_state,kthlast_k4,kth_from_last,"{""temporal_depth"": 4}",canonical,symbolic_guarded,SymbolicDFAMonitor,guarded_edges,cpu,cpu,4517,3,16,8,2,467,success,0.000113461079223072,1.4182634902884e-05,8.8641468143025e-07,70508.75996227279,,[],
rq3.v1,0fa12163-ecac-4e16-84e9-78c19bb7291b,exponential_state::kthlast_k4::symbolic_guarded::r4::l16::b8,exponential_state,kthlast_k4,kth_from_last,"{""temporal_depth"": 4}",canonical,symbolic_guarded,SymbolicDFAMonitor,guarded_edges,cpu,cpu,5623,4,16,8,2,473,success,0.00010583013952870944,1.322876744108868e-05,8.267979650680425e-07,75592.83239752105,,[],
rq3.v1,0fa12163-ecac-4e16-84e9-78c19bb7291b,exponential_state::kthlast_k4::deepdfa_dense::r0::l16::b8,exponential_state,kthlast_k4,kth_from_last,"{""temporal_depth"": 4}",canonical,deepdfa_dense,DeepDFAMonitorDense,dense,cpu,cpu,1201,0,16,8,2,184,success,0.0005741417336811655,7.176771671014569e-05,4.485482294384106e-06,13933.84164691743,,[],
rq3.v1,0fa12163-ecac-4e16-84e9-78c19bb7291b,exponential_state::kthlast_k4::deepdfa_dense::r1::l16::b8,exponential_state,kthlast_k4,kth_from_last,"{""temporal_depth"": 4}",canonical,deepdfa_dense,DeepDFAMonitorDense,dense,cpu,cpu,2309,1,16,8,2,99,success,0.0005371698888748969,6.714623610936211e-05,4.196639756835132e-06,14892.867537225537,,[],
rq3.v1,0fa12163-ecac-4e16-84e9-78c19bb7291b,exponential_state::kthlast_k4::deepdfa_dense::r2::l16::b8,exponential_state,kthlast_k4,kth_from_last,"{""temporal_depth"": 4}",canonical,deepdfa_dense,DeepDFAMonitorDense,dense,cpu,cpu,3413,2,16,8,2,172,success,0.0005685785813829022,7.107232267286278e-05,4.442020167053924e-06,14070.1747514694,,[],
rq3.v1,0fa12163-ecac-4e16-84e9-78c19bb7291b,exponential_state::kthlast_k4::deepdfa_dense::r3::l16::b8,exponential_state,kthlast_k4,kth_from_last,"{""temporal_depth"": 4}",canonical,deepdfa_dense,DeepDFAMonitorDense,dense,cpu,cpu,4517,3,16,8,2,92,success,0.0005770151630476112,7.21268953809514e-05,4.507930961309462e-06,13864.453678732698,,[],
rq3.v1,0fa12163-ecac-4e16-84e9-78c19bb7291b,exponential_state::kthlast_k4::deepdfa_dense::r4::l16::b8,exponential_state,kthlast_k4,kth_from_last,"{""temporal_depth"": 4}",canonical,deepdfa_dense,DeepDFAMonitorDense,dense,cpu,cpu,5623,4,16,8,2,95,success,0.0005636083999936665,7.045104999920831e-05,4.4031906249505195e-06,14194.252605337144,,[],
rq3.v1,0fa12163-ecac-4e16-84e9-78c19bb7291b,exponential_state::kthlast_k4::deepdfa_factored::r0::l16::b8,exponential_state,kthlast_k4,kth_from_last,"{""temporal_depth"": 4}",canonical,deepdfa_factored,DeepDFAMonitorFactored,factored_cubes,cpu,cpu,1201,0,16,8,2,62,success,0.0009195249032575614,0.00011494061290719518,7.183788306699699e-06,8700.145011471406,,[],
rq3.v1,0fa12163-ecac-4e16-84e9-78c19bb7291b,exponential_state::kthlast_k4::deepdfa_factored::r1::l16::b8,exponential_state,kthlast_k4,kth_from_last,"{""temporal_depth"": 4}",canonical,deepdfa_factored,DeepDFAMonitorFactored,factored_cubes,cpu,cpu,2309,1,16,8,2,62,success,0.0008234150644702529,0.00010292688305878161,6.432930191173851e-06,9715.634732948236,,[],
rq3.v1,0fa12163-ecac-4e16-84e9-78c19bb7291b,exponential_state::kthlast_k4::deepdfa_factored::r2::l16::b8,exponential_state,kthlast_k4,kth_from_last,"{""temporal_depth"": 4}",canonical,deepdfa_factored,DeepDFAMonitorFactored,factored_cubes,cpu,cpu,3413,2,16,8,2,57,success,0.0009074005789252146,0.00011342507236565182,7.089067022853239e-06,8816.392876314594,,[],
rq3.v1,0fa12163-ecac-4e16-84e9-78c19bb7291b,exponential_state::kthlast_k4::deepdfa_factored::r3::l16::b8,exponential_state,kthlast_k4,kth_from_last,"{""temporal_depth"": 4}",canonical,deepdfa_factored,DeepDFAMonitorFactored,factored_cubes,cpu,cpu,4517,3,16,8,2,60,success,0.0008729131166546722,0.00010911413958183402,6.819633723864626e-06,9164.71507572137,,[],
rq3.v1,0fa12163-ecac-4e16-84e9-78c19bb7291b,exponential_state::kthlast_k4::deepdfa_factored::r4::l16::b8,exponential_state,kthlast_k4,kth_from_last,"{""temporal_depth"": 4}",canonical,deepdfa_factored,DeepDFAMonitorFactored,factored_cubes,cpu,cpu,5623,4,16,8,2,92,success,0.0008402908695880678,0.00010503635869850848,6.56477241865678e-06,9520.512824234072,,[],
rq3.v1,0fa12163-ecac-4e16-84e9-78c19bb7291b,exponential_state::kthlast_k6::symbolic_guarded::r0::l16::b8,exponential_state,kthlast_k6,kth_from_last,"{""temporal_depth"": 6}",canonical,symbolic_guarded,SymbolicDFAMonitor,guarded_edges,cpu,cpu,1201,0,16,8,2,752,success,0.00012815869680746393,1.601983710093299e-05,1.001239818808312e-06,62422.60727743357,,[],
rq3.v1,0fa12163-ecac-4e16-84e9-78c19bb7291b,exponential_state::kthlast_k6::symbolic_guarded::r1::l16::b8,exponential_state,kthlast_k6,kth_from_last,"{""temporal_depth"": 6}",canonical,symbolic_guarded,SymbolicDFAMonitor,guarded_edges,cpu,cpu,2309,1,16,8,2,425,success,0.00011791494823067777,1.4739368528834721e-05,9.212105330521701e-07,67845.51170178651,,[],
rq3.v1,0fa12163-ecac-4e16-84e9-78c19bb7291b,exponential_state::kthlast_k6::symbolic_guarded::r2::l16::b8,exponential_state,kthlast_k6,kth_from_last,"{""temporal_depth"": 6}",canonical,symbolic_guarded,SymbolicDFAMonitor,guarded_edges,cpu,cpu,3413,2,16,8,2,904,success,0.00011155810066519034,1.3944762583148793e-05,8.715476614467995e-07,71711.51133174727,,[],
rq3.v1,0fa12163-ecac-4e16-84e9-78c19bb7291b,exponential_state::kthlast_k6::symbolic_guarded::r3::l16::b8,exponential_state,kthlast_k6,kth_from_last,"{""temporal_depth"": 6}",canonical,symbolic_guarded,SymbolicDFAMonitor,guarded_edges,cpu,cpu,4517,3,16,8,2,429,success,0.00011801566900097926,1.4751958625122408e-05,9.219974140701505e-07,67787.60877874291,,[],
rq3.v1,0fa12163-ecac-4e16-84e9-78c19bb7291b,exponential_state::kthlast_k6::symbolic_guarded::r4::l16::b8,exponential_state,kthlast_k6,kth_from_last,"{""temporal_depth"": 6}",canonical,symbolic_guarded,SymbolicDFAMonitor,guarded_edges,cpu,cpu,5623,4,16,8,2,694,success,0.0001228391095089323,1.5354888688616537e-05,9.596805430385336e-07,65125.838440063555,,[],
rq3.v1,0fa12163-ecac-4e16-84e9-78c19bb7291b,exponential_state::kthlast_k6::deepdfa_dense::r0::l16::b8,exponential_state,kthlast_k6,kth_from_last,"{""temporal_depth"": 6}",canonical,deepdfa_dense,DeepDFAMonitorDense,dense,cpu,cpu,1201,0,16,8,2,84,success,0.0014123597857178538,0.00017654497321473173,1.1034060825920733e-05,5664.2790887265855,,[],
rq3.v1,0fa12163-ecac-4e16-84e9-78c19bb7291b,exponential_state::kthlast_k6::deepdfa_dense::r1::l16::b8,exponential_state,kthlast_k6,kth_from_last,"{""temporal_depth"": 6}",canonical,deepdfa_dense,DeepDFAMonitorDense,dense,cpu,cpu,2309,1,16,8,2,61,success,0.0009221251475239234,0.00011526564344049043,7.2041027150306516e-06,8675.612005031508,,[],
rq3.v1,0fa12163-ecac-4e16-84e9-78c19bb7291b,exponential_state::kthlast_k6::deepdfa_dense::r2::l16::b8,exponential_state,kthlast_k6,kth_from_last,"{""temporal_depth"": 6}",canonical,deepdfa_dense,DeepDFAMonitorDense,dense,cpu,cpu,3413,2,16,8,2,90,success,0.0009752094222171258,0.00012190117777714073,7.618823611071296e-06,8203.366187553956,,[],
rq3.v1,0fa12163-ecac-4e16-84e9-78c19bb7291b,exponential_state::kthlast_k6::deepdfa_dense::r3::l16::b8,exponential_state,kthlast_k6,kth_from_last,"{""temporal_depth"": 6}",canonical,deepdfa_dense,DeepDFAMonitorDense,dense,cpu,cpu,4517,3,16,8,2,48,success,0.001155795375022232,0.000144474421877779,9.029651367361188e-06,6921.640432975532,,[],
rq3.v1,0fa12163-ecac-4e16-84e9-78c19bb7291b,exponential_state::kthlast_k6::deepdfa_dense::r4::l16::b8,exponential_state,kthlast_k6,kth_from_last,"{""temporal_depth"": 6}",canonical,deepdfa_dense,DeepDFAMonitorDense,dense,cpu,cpu,5623,4,16,8,2,60,success,0.0011561803499716915,0.00014452254374646144,9.03265898415384e-06,6919.335724911668,,[],
rq3.v1,0fa12163-ecac-4e16-84e9-78c19bb7291b,exponential_state::kthlast_k6::deepdfa_factored::r0::l16::b8,exponential_state,kthlast_k6,kth_from_last,"{""temporal_depth"": 6}",canonical,deepdfa_factored,DeepDFAMonitorFactored,factored_cubes,cpu,cpu,1201,0,16,8,2,48,success,0.0017246957291566407,0.0002155869661445801,1.3474185384036256e-05,4638.4993391918015,,[],
rq3.v1,0fa12163-ecac-4e16-84e9-78c19bb7291b,exponential_state::kthlast_k6::deepdfa_factored::r1::l16::b8,exponential_state,kthlast_k6,kth_from_last,"{""temporal_depth"": 6}",canonical,deepdfa_factored,DeepDFAMonitorFactored,factored_cubes,cpu,cpu,2309,1,16,8,2,33,success,0.0019792043940194135,0.0002474005492524267,1.5462534328276668e-05,4042.028213040401,,[],
rq3.v1,0fa12163-ecac-4e16-84e9-78c19bb7291b,exponential_state::kthlast_k6::deepdfa_factored::r2::l16::b8,exponential_state,kthlast_k6,kth_from_last,"{""temporal_depth"": 6}",canonical,deepdfa_factored,DeepDFAMonitorFactored,factored_cubes,cpu,cpu,3413,2,16,8,2,50,success,0.0017984961200272665,0.0002248120150034083,1.405075093771302e-05,4448.160833329301,,[],
rq3.v1,0fa12163-ecac-4e16-84e9-78c19bb7291b,exponential_state::kthlast_k6::deepdfa_factored::r3::l16::b8,exponential_state,kthlast_k6,kth_from_last,"{""temporal_depth"": 6}",canonical,deepdfa_factored,DeepDFAMonitorFactored,factored_cubes,cpu,cpu,4517,3,16,8,2,42,success,0.0020029051190379376,0.0002503631398797422,1.5647696242483888e-05,3994.19818939934,,[],
rq3.v1,0fa12163-ecac-4e16-84e9-78c19bb7291b,exponential_state::kthlast_k6::deepdfa_factored::r4::l16::b8,exponential_state,kthlast_k6,kth_from_last,"{""temporal_depth"": 6}",canonical,deepdfa_factored,DeepDFAMonitorFactored,factored_cubes,cpu,cpu,5623,4,16,8,2,38,success,0.0016691375263019979,0.00020864219078774973,1.3040136924234358e-05,4792.894458327909,,[],
rq3.v1,0fa12163-ecac-4e16-84e9-78c19bb7291b,exponential_state::kthlast_k8::symbolic_guarded::r0::l16::b8,exponential_state,kthlast_k8,kth_from_last,"{""temporal_depth"": 8}",canonical,symbolic_guarded,SymbolicDFAMonitor,guarded_edges,cpu,cpu,1201,0,16,8,2,388,success,0.0001530919200995788,1.913649001244735e-05,1.1960306257779594e-06,52256.186967910464,,[],
rq3.v1,0fa12163-ecac-4e16-84e9-78c19bb7291b,exponential_state::kthlast_k8::symbolic_guarded::r1::l16::b8,exponential_state,kthlast_k8,kth_from_last,"{""temporal_depth"": 8}",canonical,symbolic_guarded,SymbolicDFAMonitor,guarded_edges,cpu,cpu,2309,1,16,8,2,396,success,0.00013212981565345098,1.6516226956681373e-05,1.0322641847925858e-06,60546.516018627735,,[],
rq3.v1,0fa12163-ecac-4e16-84e9-78c19bb7291b,exponential_state::kthlast_k8::symbolic_guarded::r2::l16::b8,exponential_state,kthlast_k8,kth_from_last,"{""temporal_depth"": 8}",canonical,symbolic_guarded,SymbolicDFAMonitor,guarded_edges,cpu,cpu,3413,2,16,8,2,407,success,0.00013162634643551285,1.6453293304439106e-05,1.0283308315274441e-06,60778.10572611621,,[],
rq3.v1,0fa12163-ecac-4e16-84e9-78c19bb7291b,exponential_state::kthlast_k8::symbolic_guarded::r3::l16::b8,exponential_state,kthlast_k8,kth_from_last,"{""temporal_depth"": 8}",canonical,symbolic_guarded,SymbolicDFAMonitor,guarded_edges,cpu,cpu,4517,3,16,8,2,419,success,0.00013389415513141457,1.673676939142682e-05,1.0460480869641763e-06,59748.68725336182,,[],
rq3.v1,0fa12163-ecac-4e16-84e9-78c19bb7291b,exponential_state::kthlast_k8::symbolic_guarded::r4::l16::b8,exponential_state,kthlast_k8,kth_from_last,"{""temporal_depth"": 8}",canonical,symbolic_guarded,SymbolicDFAMonitor,guarded_edges,cpu,cpu,5623,4,16,8,2,426,success,0.0001243669812196834,1.5545872652460426e-05,9.716170407787766e-07,64325.75528924915,,[],
rq3.v1,0fa12163-ecac-4e16-84e9-78c19bb7291b,exponential_state::kthlast_k8::deepdfa_dense::r0::l16::b8,exponential_state,kthlast_k8,kth_from_last,"{""temporal_depth"": 8}",canonical,deepdfa_dense,DeepDFAMonitorDense,dense,cpu,cpu,1201,0,16,8,2,26,success,0.0030188278077940387,0.00037735347597425483,2.3584592248390927e-05,2650.0352154387615,,[],
rq3.v1,0fa12163-ecac-4e16-84e9-78c19bb7291b,exponential_state::kthlast_k8::deepdfa_dense::r1::l16::b8,exponential_state,kthlast_k8,kth_from_last,"{""temporal_depth"": 8}",canonical,deepdfa_dense,DeepDFAMonitorDense,dense,cpu,cpu,2309,1,16,8,2,28,success,0.0033763701428272596,0.00042204626785340745,2.6377891740837966e-05,2369.408465773562,,[],
rq3.v1,0fa12163-ecac-4e16-84e9-78c19bb7291b,exponential_state::kthlast_k8::deepdfa_dense::r2::l16::b8,exponential_state,kthlast_k8,kth_from_last,"{""temporal_depth"": 8}",canonical,deepdfa_dense,DeepDFAMonitorDense,dense,cpu,cpu,3413,2,16,8,2,24,success,0.00315285283340927,0.0003941066041761587,2.463166276100992e-05,2537.3845284587455,,[],
rq3.v1,0fa12163-ecac-4e16-84e9-78c19bb7291b,exponential_state::kthlast_k8::deepdfa_dense::r3::l16::b8,exponential_state,kthlast_k8,kth_from_last,"{""temporal_depth"": 8}",canonical,deepdfa_dense,DeepDFAMonitorDense,dense,cpu,cpu,4517,3,16,8,2,21,success,0.002628835190470064,0.000328604398808758,2.0537774925547376e-05,3043.1728961181143,,[],
rq3.v1,0fa12163-ecac-4e16-84e9-78c19bb7291b,exponential_state::kthlast_k8::deepdfa_dense::r4::l16::b8,exponential_state,kthlast_k8,kth_from_last,"{""temporal_depth"": 8}",canonical,deepdfa_dense,DeepDFAMonitorDense,dense,cpu,cpu,5623,4,16,8,2,12,success,0.0048353365834069946,0.0006044170729258743,3.7776067057867145e-05,1654.4866860877703,,[],
rq3.v1,0fa12163-ecac-4e16-84e9-78c19bb7291b,exponential_state::kthlast_k8::deepdfa_factored::r0::l16::b8,exponential_state,kthlast_k8,kth_from_last,"{""temporal_depth"": 8}",canonical,deepdfa_factored,DeepDFAMonitorFactored,factored_cubes,cpu,cpu,1201,0,16,8,2,9,success,0.0059189682223303765,0.0007398710277912971,4.6241939236956066e-05,1351.586915067149,,[],
rq3.v1,0fa12163-ecac-4e16-84e9-78c19bb7291b,exponential_state::kthlast_k8::deepdfa_factored::r1::l16::b8,exponential_state,kthlast_k8,kth_from_last,"{""temporal_depth"": 8}",canonical,deepdfa_factored,DeepDFAMonitorFactored,factored_cubes,cpu,cpu,2309,1,16,8,2,12,success,0.005827700833530495,0.0007284626041913119,4.5528912761956995e-05,1372.7540634843292,,[],
rq3.v1,0fa12163-ecac-4e16-84e9-78c19bb7291b,exponential_state::kthlast_k8::deepdfa_factored::r2::l16::b8,exponential_state,kthlast_k8,kth_from_last,"{""temporal_depth"": 8}",canonical,deepdfa_factored,DeepDFAMonitorFactored,factored_cubes,cpu,cpu,3413,2,16,8,2,12,success,0.004529179666860728,0.000566147458357591,3.5384216147349434e-05,1766.3242768960351,,[],
rq3.v1,0fa12163-ecac-4e16-84e9-78c19bb7291b,exponential_state::kthlast_k8::deepdfa_factored::r3::l16::b8,exponential_state,kthlast_k8,kth_from_last,"{""temporal_depth"": 8}",canonical,deepdfa_factored,DeepDFAMonitorFactored,factored_cubes,cpu,cpu,4517,3,16,8,2,18,success,0.005354719111184952,0.000669339888898119,4.1833743056132436e-05,1494.0092718009387,,[],
rq3.v1,0fa12163-ecac-4e16-84e9-78c19bb7291b,exponential_state::kthlast_k8::deepdfa_factored::r4::l16::b8,exponential_state,kthlast_k8,kth_from_last,"{""temporal_depth"": 8}",canonical,deepdfa_factored,DeepDFAMonitorFactored,factored_cubes,cpu,cpu,5623,4,16,8,2,20,success,0.005077002099824313,0.0006346252624780391,3.966407890487744e-05,1575.7330492884446,,[],
rq3.v1,0fa12163-ecac-4e16-84e9-78c19bb7291b,exponential_state::kthlast_k10::symbolic_guarded::r0::l16::b8,exponential_state,kthlast_k10,kth_from_last,"{""temporal_depth"": 10}",canonical,symbolic_guarded,SymbolicDFAMonitor,guarded_edges,cpu,cpu,1201,0,16,8,2,358,success,0.0001428580977700328,1.78572622212541e-05,1.1160788888283813e-06,55999.62567664926,,[],
rq3.v1,0fa12163-ecac-4e16-84e9-78c19bb7291b,exponential_state::kthlast_k10::symbolic_guarded::r1::l16::b8,exponential_state,kthlast_k10,kth_from_last,"{""temporal_depth"": 10}",canonical,symbolic_guarded,SymbolicDFAMonitor,guarded_edges,cpu,cpu,2309,1,16,8,2,363,success,0.00014167569972199168,1.770946246524896e-05,1.10684140407806e-06,56466.98774523995,,[],
rq3.v1,0fa12163-ecac-4e16-84e9-78c19bb7291b,exponential_state::kthlast_k10::symbolic_guarded::r2::l16::b8,exponential_state,kthlast_k10,kth_from_last,"{""temporal_depth"": 10}",canonical,symbolic_guarded,SymbolicDFAMonitor,guarded_edges,cpu,cpu,3413,2,16,8,2,712,success,0.00013907839185490405,1.7384798981863006e-05,1.0865499363664379e-06,57521.51641461413,,[],
rq3.v1,0fa12163-ecac-4e16-84e9-78c19bb7291b,exponential_state::kthlast_k10::symbolic_guarded::r3::l16::b8,exponential_state,kthlast_k10,kth_from_last,"{""temporal_depth"": 10}",canonical,symbolic_guarded,SymbolicDFAMonitor,guarded_edges,cpu,cpu,4517,3,16,8,2,372,success,0.00014357347312378345,1.794668414047293e-05,1.1216677587795582e-06,55720.599536536334,,[],
rq3.v1,0fa12163-ecac-4e16-84e9-78c19bb7291b,exponential_state::kthlast_k10::symbolic_guarded::r4::l16::b8,exponential_state,kthlast_k10,kth_from_last,"{""temporal_depth"": 10}",canonical,symbolic_guarded,SymbolicDFAMonitor,guarded_edges,cpu,cpu,5623,4,16,8,2,370,success,0.0001402138216174019,1.7526727702175236e-05,1.0954204813859523e-06,57055.7161035765,,[],
rq3.v1,0fa12163-ecac-4e16-84e9-78c19bb7291b,exponential_state::kthlast_k10::deepdfa_dense::r0::l16::b8,exponential_state,kthlast_k10,kth_from_last,"{""temporal_depth"": 10}",canonical,deepdfa_dense,DeepDFAMonitorDense,dense,cpu,cpu,1201,0,16,8,2,1,success,0.06973143499999424,0.00871642937499928,0.000544776835937455,114.72587650032817,,[],
rq3.v1,0fa12163-ecac-4e16-84e9-78c19bb7291b,exponential_state::kthlast_k10::deepdfa_dense::r1::l16::b8,exponential_state,kthlast_k10,kth_from_last,"{""temporal_depth"": 10}",canonical,deepdfa_dense,DeepDFAMonitorDense,dense,cpu,cpu,2309,1,16,8,2,1,success,0.07204235599783715,0.009005294499729644,0.0005628309062331027,111.0457853466116,,[],
rq3.v1,0fa12163-ecac-4e16-84e9-78c19bb7291b,exponential_state::kthlast_k10::deepdfa_dense::r2::l16::b8,exponential_state,kthlast_k10,kth_from_last,"{""temporal_depth"": 10}",canonical,deepdfa_dense,DeepDFAMonitorDense,dense,cpu,cpu,3413,2,16,8,2,1,success,0.07679726799688069,0.009599658499610086,0.0005999786562256304,104.17037231487114,,[],
rq3.v1,0fa12163-ecac-4e16-84e9-78c19bb7291b,exponential_state::kthlast_k10::deepdfa_dense::r3::l16::b8,exponential_state,kthlast_k10,kth_from_last,"{""temporal_depth"": 10}",canonical,deepdfa_dense,DeepDFAMonitorDense,dense,cpu,cpu,4517,3,16,8,2,1,success,0.06844335799905821,0.008555419749882276,0.0005347137343676422,116.88497224391125,,[],
rq3.v1,0fa12163-ecac-4e16-84e9-78c19bb7291b,exponential_state::kthlast_k10::deepdfa_dense::r4::l16::b8,exponential_state,kthlast_k10,kth_from_last,"{""temporal_depth"": 10}",canonical,deepdfa_dense,DeepDFAMonitorDense,dense,cpu,cpu,5623,4,16,8,2,1,success,0.08354105699982028,0.010442632124977536,0.000652664507811096,95.76129734649167,,[],
rq3.v1,0fa12163-ecac-4e16-84e9-78c19bb7291b,exponential_state::kthlast_k10::deepdfa_factored::r0::l16::b8,exponential_state,kthlast_k10,kth_from_last,"{""temporal_depth"": 10}",canonical,deepdfa_factored,DeepDFAMonitorFactored,factored_cubes,cpu,cpu,1201,0,16,8,2,1,success,0.0676243540001451,0.008453044250018138,0.0005283152656261336,118.30057555866388,,[],
rq3.v1,0fa12163-ecac-4e16-84e9-78c19bb7291b,exponential_state::kthlast_k10::deepdfa_factored::r1::l16::b8,exponential_state,kthlast_k10,kth_from_last,"{""temporal_depth"": 10}",canonical,deepdfa_factored,DeepDFAMonitorFactored,factored_cubes,cpu,cpu,2309,1,16,8,2,1,success,0.0729325450010947,0.009116568125136837,0.0005697855078210523,109.69039953123702,,[],
rq3.v1,0fa12163-ecac-4e16-84e9-78c19bb7291b,exponential_state::kthlast_k10::deepdfa_factored::r2::l16::b8,exponential_state,kthlast_k10,kth_from_last,"{""temporal_depth"": 10}",canonical,deepdfa_factored,DeepDFAMonitorFactored,factored_cubes,cpu,cpu,3413,2,16,8,2,1,success,0.11592217400175286,0.014490271750219108,0.0009056419843886943,69.01181822106814,,[],
rq3.v1,0fa12163-ecac-4e16-84e9-78c19bb7291b,exponential_state::kthlast_k10::deepdfa_factored::r3::l16::b8,exponential_state,kthlast_k10,kth_from_last,"{""temporal_depth"": 10}",canonical,deepdfa_factored,DeepDFAMonitorFactored,factored_cubes,cpu,cpu,4517,3,16,8,2,1,success,0.07354471899816417,0.009193089874770521,0.0005745681171731576,108.7773549070151,,[],
rq3.v1,0fa12163-ecac-4e16-84e9-78c19bb7291b,exponential_state::kthlast_k10::deepdfa_factored::r4::l16::b8,exponential_state,kthlast_k10,kth_from_last,"{""temporal_depth"": 10}",canonical,deepdfa_factored,DeepDFAMonitorFactored,factored_cubes,cpu,cpu,5623,4,16,8,2,1,success,0.06720910100193578,0.008401137625241972,0.0005250711015776233,119.03149842414321,,[],
